ts,payloadTs,blockNumber,venueA,priceA,venueB,priceB,midPrice,spreadBps
2026-05-28T22:10:49.385Z,2026-05-28T22:10:45.019Z,467691556,uniswap_v3,1.0000379765512513,camelot_v3,1.0000009265238963,1.0000194515,0.370493
2026-05-28T22:13:56.150Z,2026-05-28T22:13:32.626Z,467692220,uniswap_v3,1.0000379765512513,camelot_v3,1.0000009265238963,1.0000194515,0.370493
2026-05-28T22:14:05.180Z,2026-05-28T22:14:03.114Z,467692339,uniswap_v3,1.0000379765512513,camelot_v3,1.0000009265238963,1.0000194515,0.370493
2026-05-28T22:14:32.179Z,2026-05-28T22:14:31.751Z,467692455,uniswap_v3,1.0000379765512513,camelot_v3,1.0000009265238963,1.0000194515,0.370493
2026-05-28T22:15:02.209Z,2026-05-28T22:15:01.529Z,467692578,uniswap_v3,1.0000379765512513,camelot_v3,1.0000009265238963,1.0000194515,0.370493
2026-05-28T22:15:32.239Z,2026-05-28T22:15:32.183Z,467692698,uniswap_v3,1.0000379765512513,camelot_v3,1.0000009265238963,1.0000194515,0.370493
2026-05-28T22:16:02.269Z,2026-05-28T22:16:01.635Z,467692820,uniswap_v3,1.0000379765512513,camelot_v3,1.0000009265238963,1.0000194515,0.370493
2026-05-28T22:16:32.302Z,2026-05-28T22:16:31.571Z,467692938,uniswap_v3,1.0000379765512513,camelot_v3,1.0000009265238963,1.0000194515,0.370493
2026-05-28T22:17:02.335Z,2026-05-28T22:17:01.717Z,467693058,uniswap_v3,1.0000379765512513,camelot_v3,1.0000009265238963,1.0000194515,0.370493
2026-05-28T22:17:32.367Z,2026-05-28T22:17:31.513Z,467693178,uniswap_v3,1.0000379765512513,camelot_v3,1.0000009265238963,1.0000194515,0.370493
2026-05-28T22:18:02.403Z,2026-05-28T22:18:01.878Z,467693297,uniswap_v3,1.0000379765512513,camelot_v3,1.0000009265238963,1.0000194515,0.370493
2026-05-28T22:18:32.423Z,2026-05-28T22:18:31.626Z,467693419,uniswap_v3,1.0000379765512513,camelot_v3,1.0000009265238963,1.0000194515,0.370493
2026-05-28T22:19:05.460Z,2026-05-28T22:19:04.535Z,467693537,uniswap_v3,1.0000379765512513,camelot_v3,1.0000009265238963,1.0000194515,0.370493
2026-05-28T22:19:32.487Z,2026-05-28T22:19:31.988Z,467693652,uniswap_v3,1.0000379765512513,camelot_v3,1.0000009265238963,1.0000194515,0.370493
2026-05-28T22:20:02.519Z,2026-05-28T22:20:02.075Z,467693774,uniswap_v3,1.0000379765512513,camelot_v3,1.0000009265238963,1.0000194515,0.370493
2026-05-28T22:20:32.550Z,2026-05-28T22:20:31.846Z,467693894,uniswap_v3,1.0000379765512513,camelot_v3,1.0000009265238963,1.0000194515,0.370493
2026-05-28T22:21:02.584Z,2026-05-28T22:21:01.806Z,467694014,uniswap_v3,1.0000379765512513,camelot_v3,1.0000009265238963,1.0000194515,0.370493
2026-05-28T22:21:32.620Z,2026-05-28T22:21:31.999Z,467694134,uniswap_v3,1.0000379765512513,camelot_v3,1.0000009265238963,1.0000194515,0.370493
2026-05-28T22:22:02.654Z,2026-05-28T22:22:01.925Z,467694255,uniswap_v3,1.0000379765512513,camelot_v3,1.0000009265238963,1.0000194515,0.370493
2026-05-28T22:22:32.689Z,2026-05-28T22:22:32.052Z,467694376,uniswap_v3,1.0000379765512513,camelot_v3,1.0000009265238963,1.0000194515,0.370493
2026-05-28T22:23:02.722Z,2026-05-28T22:23:02.101Z,467694493,uniswap_v3,1.00003798437998,camelot_v3,1.0000009265238963,1.0000194555,0.370571
2026-05-28T22:23:32.753Z,2026-05-28T22:23:31.974Z,467694612,uniswap_v3,1.00003798437998,camelot_v3,1.0000009265238963,1.0000194555,0.370571
2026-05-28T22:24:02.791Z,2026-05-28T22:24:02.203Z,467694731,uniswap_v3,1.00003798437998,camelot_v3,1.0000009265238963,1.0000194555,0.370571
2026-05-28T22:24:32.826Z,2026-05-28T22:24:32.115Z,467694851,uniswap_v3,1.00003798437998,camelot_v3,1.0000009265238963,1.0000194555,0.370571
2026-05-28T22:25:02.861Z,2026-05-28T22:25:01.241Z,467694967,uniswap_v3,1.00003798437998,camelot_v3,1.0000009265238963,1.0000194555,0.370571
2026-05-28T22:25:32.903Z,2026-05-28T22:25:31.435Z,467695086,uniswap_v3,1.00003798437998,camelot_v3,1.0000009265238963,1.0000194555,0.370571
2026-05-28T22:26:02.938Z,2026-05-28T22:26:01.430Z,467695203,uniswap_v3,1.00003798437998,camelot_v3,1.0000009265238963,1.0000194555,0.370571
2026-05-28T22:26:32.975Z,2026-05-28T22:26:31.688Z,467695322,uniswap_v3,1.00003798437998,camelot_v3,1.0000009265238963,1.0000194555,0.370571
2026-05-28T22:27:03.010Z,2026-05-28T22:27:01.712Z,467695442,uniswap_v3,1.00003798437998,camelot_v3,1.0000009265238963,1.0000194555,0.370571
2026-05-28T22:27:33.047Z,2026-05-28T22:27:31.614Z,467695561,uniswap_v3,1.00003798437998,camelot_v3,1.0000009265238963,1.0000194555,0.370571
2026-05-28T22:28:03.078Z,2026-05-28T22:28:01.723Z,467695685,uniswap_v3,1.00003798437998,camelot_v3,1.0000009265238963,1.0000194555,0.370571
2026-05-28T22:28:33.112Z,2026-05-28T22:28:31.648Z,467695805,uniswap_v3,1.00003798437998,camelot_v3,1.0000009265238963,1.0000194555,0.370571
2026-05-28T22:29:03.141Z,2026-05-28T22:29:01.545Z,467695924,uniswap_v3,1.00003798437998,camelot_v3,1.0000009265238963,1.0000194555,0.370571
2026-05-28T22:29:33.175Z,2026-05-28T22:29:31.819Z,467696045,uniswap_v3,1.00003798437998,camelot_v3,1.0000009265238963,1.0000194555,0.370571
2026-05-28T22:30:03.205Z,2026-05-28T22:30:02.161Z,467696164,uniswap_v3,1.00003798437998,camelot_v3,1.0000009265238963,1.0000194555,0.370571
2026-05-28T22:30:33.233Z,2026-05-28T22:30:31.758Z,467696284,uniswap_v3,1.00003798437998,camelot_v3,1.0000009265238963,1.0000194555,0.370571
2026-05-28T22:31:03.266Z,2026-05-28T22:31:01.736Z,467696403,uniswap_v3,1.00003798437998,camelot_v3,1.0000013220248516,1.0000196532,0.366616
2026-05-28T22:31:33.299Z,2026-05-28T22:31:31.692Z,467696523,uniswap_v3,1.00003798437998,camelot_v3,1.0000013220248516,1.0000196532,0.366616
2026-05-28T22:32:03.331Z,2026-05-28T22:32:01.849Z,467696642,uniswap_v3,1.00003798437998,camelot_v3,1.0000013220248516,1.0000196532,0.366616
2026-05-28T22:32:33.363Z,2026-05-28T22:32:31.916Z,467696763,uniswap_v3,1.00003798437998,camelot_v3,1.0000013220248516,1.0000196532,0.366616
2026-05-28T22:33:03.396Z,2026-05-28T22:33:02.237Z,467696882,uniswap_v3,1.00003798437998,camelot_v3,1.0000013220248516,1.0000196532,0.366616
2026-05-28T22:33:33.426Z,2026-05-28T22:33:31.950Z,467697003,uniswap_v3,1.00003798437998,camelot_v3,1.0000013220248516,1.0000196532,0.366616
2026-05-28T22:34:03.456Z,2026-05-28T22:34:01.959Z,467697122,uniswap_v3,1.00003798437998,camelot_v3,1.0000013220248516,1.0000196532,0.366616
2026-05-28T22:34:33.488Z,2026-05-28T22:34:31.997Z,467697251,uniswap_v3,1.00003798437998,camelot_v3,1.0000013220248516,1.0000196532,0.366616
2026-05-28T22:35:03.521Z,2026-05-28T22:35:02.212Z,467697369,uniswap_v3,1.00003798437998,camelot_v3,1.000002185583157,1.000020085,0.357981
2026-05-28T22:35:33.556Z,2026-05-28T22:35:32.220Z,467697489,uniswap_v3,1.00003798437998,camelot_v3,1.000002185583157,1.000020085,0.357981
2026-05-28T22:36:03.587Z,2026-05-28T22:36:02.066Z,467697608,uniswap_v3,1.00003798437998,camelot_v3,1.000002185583157,1.000020085,0.357981
2026-05-28T22:36:33.623Z,2026-05-28T22:36:32.194Z,467697729,uniswap_v3,1.00003798437998,camelot_v3,1.000002185583157,1.000020085,0.357981
2026-05-28T22:37:03.660Z,2026-05-28T22:37:02.305Z,467697848,uniswap_v3,1.00003798437998,camelot_v3,1.000002185583157,1.000020085,0.357981
2026-05-28T22:37:33.697Z,2026-05-28T22:37:32.341Z,467697968,uniswap_v3,1.00003798437998,camelot_v3,1.000002185583157,1.000020085,0.357981
2026-05-28T22:38:03.731Z,2026-05-28T22:38:01.202Z,467698083,uniswap_v3,1.00003798437998,camelot_v3,1.000002185583157,1.000020085,0.357981
2026-05-28T22:38:33.766Z,2026-05-28T22:38:31.091Z,467698203,uniswap_v3,1.00003798437998,camelot_v3,1.000002185583157,1.000020085,0.357981
2026-05-28T22:39:03.805Z,2026-05-28T22:39:01.574Z,467698321,uniswap_v3,1.00003798437998,camelot_v3,1.000002185583157,1.000020085,0.357981
2026-05-28T22:39:33.838Z,2026-05-28T22:39:33.505Z,467698441,uniswap_v3,1.00003798437998,camelot_v3,1.000002185583157,1.000020085,0.357981
2026-05-28T22:40:03.872Z,2026-05-28T22:40:01.598Z,467698560,uniswap_v3,1.00003798437998,camelot_v3,1.0000022142129443,1.0000200993,0.357694
2026-05-28T22:40:33.907Z,2026-05-28T22:40:31.245Z,467698678,uniswap_v3,1.00003798437998,camelot_v3,1.0000022305913425,1.0000201075,0.357531
2026-05-28T22:41:03.944Z,2026-05-28T22:41:01.424Z,467698805,uniswap_v3,1.00003798437998,camelot_v3,1.0000022305913425,1.0000201075,0.357531
2026-05-28T22:41:33.979Z,2026-05-28T22:41:31.314Z,467698923,uniswap_v3,1.00003798437998,camelot_v3,1.0000022305913425,1.0000201075,0.357531
2026-05-28T22:42:04.009Z,2026-05-28T22:42:01.504Z,467699044,uniswap_v3,1.00003798437998,camelot_v3,1.000002272745263,1.0000201286,0.357109
2026-05-28T22:42:34.041Z,2026-05-28T22:42:31.402Z,467699163,uniswap_v3,1.00003798437998,camelot_v3,1.0000026682509915,1.0000203263,0.353154
2026-05-28T22:43:04.069Z,2026-05-28T22:43:01.481Z,467699281,uniswap_v3,1.00003798437998,camelot_v3,1.0000026682509915,1.0000203263,0.353154
2026-05-28T22:43:34.102Z,2026-05-28T22:43:31.699Z,467699401,uniswap_v3,1.00003798437998,camelot_v3,1.0000026682509915,1.0000203263,0.353154
2026-05-28T22:44:04.132Z,2026-05-28T22:44:01.663Z,467699519,uniswap_v3,1.00003798437998,camelot_v3,1.0000026682509915,1.0000203263,0.353154
2026-05-28T22:44:34.159Z,2026-05-28T22:44:31.702Z,467699638,uniswap_v3,1.00003798437998,camelot_v3,1.0000026682509915,1.0000203263,0.353154
2026-05-28T22:45:04.194Z,2026-05-28T22:45:01.846Z,467699754,uniswap_v3,1.00003798437998,camelot_v3,1.0000026682509915,1.0000203263,0.353154
2026-05-28T22:45:34.223Z,2026-05-28T22:45:31.800Z,467699872,uniswap_v3,1.00003798437998,camelot_v3,1.0000026682509915,1.0000203263,0.353154
2026-05-28T22:46:04.254Z,2026-05-28T22:46:01.855Z,467699991,uniswap_v3,1.00003798437998,camelot_v3,1.0000026682509915,1.0000203263,0.353154
2026-05-28T22:46:34.286Z,2026-05-28T22:46:31.918Z,467700112,uniswap_v3,1.00003798437998,camelot_v3,1.0000026682509915,1.0000203263,0.353154
2026-05-28T22:47:04.319Z,2026-05-28T22:47:02.275Z,467700232,uniswap_v3,1.00003798437998,camelot_v3,1.0000026682509915,1.0000203263,0.353154
2026-05-28T22:47:34.351Z,2026-05-28T22:47:32.092Z,467700354,uniswap_v3,1.00003798437998,camelot_v3,1.0000026682509915,1.0000203263,0.353154
2026-05-28T22:48:04.387Z,2026-05-28T22:48:02.167Z,467700473,uniswap_v3,1.00003798437998,camelot_v3,1.0000026682509915,1.0000203263,0.353154
2026-05-28T22:48:34.419Z,2026-05-28T22:48:32.086Z,467700593,uniswap_v3,1.00003798437998,camelot_v3,1.0000026682509915,1.0000203263,0.353154
2026-05-28T22:49:04.456Z,2026-05-28T22:49:02.427Z,467700712,uniswap_v3,1.00003798437998,camelot_v3,1.0000026682509915,1.0000203263,0.353154
2026-05-28T22:49:34.488Z,2026-05-28T22:49:32.339Z,467700831,uniswap_v3,1.00003798437998,camelot_v3,1.0000026682509915,1.0000203263,0.353154
2026-05-28T22:50:04.518Z,2026-05-28T22:50:02.417Z,467700948,uniswap_v3,1.00003798437998,camelot_v3,1.0000026682509915,1.0000203263,0.353154
2026-05-28T22:50:34.555Z,2026-05-28T22:50:32.356Z,467701067,uniswap_v3,1.00003798437998,camelot_v3,1.0000026682509915,1.0000203263,0.353154
2026-05-28T22:51:04.586Z,2026-05-28T22:51:02.574Z,467701187,uniswap_v3,1.00003798437998,camelot_v3,1.0000026682509915,1.0000203263,0.353154
2026-05-28T22:51:34.618Z,2026-05-28T22:51:32.520Z,467701306,uniswap_v3,1.00003798437998,camelot_v3,1.0000026682509915,1.0000203263,0.353154
2026-05-28T22:52:01.649Z,2026-05-28T22:52:01.637Z,467701423,uniswap_v3,1.00003798437998,camelot_v3,1.0000026682509915,1.0000203263,0.353154
2026-05-28T22:52:31.686Z,2026-05-28T22:52:31.390Z,467701543,uniswap_v3,1.00003798437998,camelot_v3,1.0000026682509915,1.0000203263,0.353154
2026-05-28T22:53:01.718Z,2026-05-28T22:53:01.568Z,467701663,uniswap_v3,1.00003798437998,camelot_v3,1.0000026682509915,1.0000203263,0.353154
2026-05-28T22:53:34.761Z,2026-05-28T22:53:31.877Z,467701785,uniswap_v3,1.00003798437998,camelot_v3,1.0000026682509915,1.0000203263,0.353154
2026-05-28T22:54:04.797Z,2026-05-28T22:54:01.960Z,467701907,uniswap_v3,1.00003798437998,camelot_v3,1.0000026682509915,1.0000203263,0.353154
2026-05-28T22:54:31.831Z,2026-05-28T22:54:31.769Z,467702026,uniswap_v3,1.00003798437998,camelot_v3,1.0000026728962617,1.0000203286,0.353108
2026-05-28T22:55:01.870Z,2026-05-28T22:55:01.478Z,467702144,uniswap_v3,1.00003798437998,camelot_v3,1.0000026728962617,1.0000203286,0.353108
2026-05-28T22:55:31.902Z,2026-05-28T22:55:31.755Z,467702263,uniswap_v3,1.00003798437998,camelot_v3,1.0000026728962617,1.0000203286,0.353108
2026-05-28T22:56:01.933Z,2026-05-28T22:56:01.815Z,467702379,uniswap_v3,1.00003798437998,camelot_v3,1.0000026728962617,1.0000203286,0.353108
2026-05-28T22:56:31.963Z,2026-05-28T22:56:31.844Z,467702497,uniswap_v3,1.00003798437998,camelot_v3,1.0000026728962617,1.0000203286,0.353108
2026-05-28T22:57:01.991Z,2026-05-28T22:57:01.741Z,467702618,uniswap_v3,1.00003798437998,camelot_v3,1.0000026728962617,1.0000203286,0.353108
2026-05-28T22:57:32.021Z,2026-05-28T22:57:31.834Z,467702738,uniswap_v3,1.00003798437998,camelot_v3,1.0000026728962617,1.0000203286,0.353108
2026-05-28T22:58:02.053Z,2026-05-28T22:58:01.852Z,467702856,uniswap_v3,1.00003798437998,camelot_v3,1.0000026728962617,1.0000203286,0.353108
2026-05-28T22:58:32.082Z,2026-05-28T22:58:31.854Z,467702976,uniswap_v3,1.00003798437998,camelot_v3,1.0000026728962617,1.0000203286,0.353108
2026-05-28T22:59:02.113Z,2026-05-28T22:59:01.791Z,467703090,uniswap_v3,1.00003798437998,camelot_v3,1.0000026728962617,1.0000203286,0.353108
2026-05-28T22:59:32.145Z,2026-05-28T22:59:32.042Z,467703210,uniswap_v3,1.00003798437998,camelot_v3,1.0000026728962617,1.0000203286,0.353108
2026-05-28T23:00:02.175Z,2026-05-28T23:00:01.951Z,467703331,uniswap_v3,1.00003798437998,camelot_v3,1.000003464128417,1.0000207243,0.345195
2026-05-28T23:00:32.204Z,2026-05-28T23:00:31.711Z,467703450,uniswap_v3,1.00003798437998,camelot_v3,1.000003464128417,1.0000207243,0.345195
2026-05-28T23:01:02.235Z,2026-05-28T23:01:01.949Z,467703570,uniswap_v3,1.00003798437998,camelot_v3,1.000003464128417,1.0000207243,0.345195
2026-05-28T23:01:32.266Z,2026-05-28T23:01:31.833Z,467703690,uniswap_v3,1.00003798437998,camelot_v3,1.000003464128417,1.0000207243,0.345195
2026-05-28T23:02:02.298Z,2026-05-28T23:02:01.818Z,467703810,uniswap_v3,1.00003798437998,camelot_v3,1.000003464128417,1.0000207243,0.345195
2026-05-28T23:02:32.330Z,2026-05-28T23:02:32.029Z,467703930,uniswap_v3,1.00003798437998,camelot_v3,1.000003464128417,1.0000207243,0.345195
2026-05-28T23:03:02.363Z,2026-05-28T23:03:02.047Z,467704048,uniswap_v3,1.00003798437998,camelot_v3,1.000003464128417,1.0000207243,0.345195
2026-05-28T23:03:32.397Z,2026-05-28T23:03:32.042Z,467704168,uniswap_v3,1.00003798437998,camelot_v3,1.0000034677750664,1.0000207261,0.345159
2026-05-28T23:04:02.428Z,2026-05-28T23:04:01.981Z,467704287,uniswap_v3,1.00003798437998,camelot_v3,1.0000034677750664,1.0000207261,0.345159
2026-05-28T23:04:32.463Z,2026-05-28T23:04:32.188Z,467704406,uniswap_v3,1.00003798437998,camelot_v3,1.0000034677750664,1.0000207261,0.345159
2026-05-28T23:05:05.500Z,2026-05-28T23:05:04.026Z,467704521,uniswap_v3,1.00003798437998,camelot_v3,1.0000034677750664,1.0000207261,0.345159
2026-05-28T23:05:32.535Z,2026-05-28T23:05:31.382Z,467704640,uniswap_v3,1.00003798437998,camelot_v3,1.0000034677750664,1.0000207261,0.345159
2026-05-28T23:06:02.572Z,2026-05-28T23:06:01.497Z,467704760,uniswap_v3,1.00003798437998,camelot_v3,1.0000034677750664,1.0000207261,0.345159
2026-05-28T23:06:32.608Z,2026-05-28T23:06:31.916Z,467704884,uniswap_v3,1.00003798437998,camelot_v3,1.0000034677750664,1.0000207261,0.345159
2026-05-28T23:07:02.645Z,2026-05-28T23:07:01.900Z,467705004,uniswap_v3,1.00003798437998,camelot_v3,1.0000034677750664,1.0000207261,0.345159
2026-05-28T23:07:32.684Z,2026-05-28T23:07:31.856Z,467705124,uniswap_v3,1.00003798437998,camelot_v3,1.0000034677750664,1.0000207261,0.345159
2026-05-28T23:08:02.726Z,2026-05-28T23:08:01.720Z,467705241,uniswap_v3,1.00003798437998,camelot_v3,1.0000034677750664,1.0000207261,0.345159
2026-05-28T23:08:32.761Z,2026-05-28T23:08:31.680Z,467705360,uniswap_v3,1.00003798437998,camelot_v3,1.0000034677750664,1.0000207261,0.345159
2026-05-28T23:09:02.790Z,2026-05-28T23:09:01.622Z,467705479,uniswap_v3,1.00003798437998,camelot_v3,1.0000034677750664,1.0000207261,0.345159
2026-05-28T23:09:32.822Z,2026-05-28T23:09:31.669Z,467705597,uniswap_v3,1.00003798437998,camelot_v3,1.0000034677750664,1.0000207261,0.345159
2026-05-28T23:09:50.840Z,2026-05-28T23:09:50.812Z,467705674,uniswap_v3,1.00003798437998,camelot_v3,1.0000034677750664,1.0000207261,0.345159
2026-05-28T23:10:32.886Z,2026-05-28T23:10:31.803Z,467705838,uniswap_v3,1.00003798437998,camelot_v3,1.0000034677750664,1.0000207261,0.345159
2026-05-28T23:11:02.919Z,2026-05-28T23:11:02.027Z,467705957,uniswap_v3,1.00003798437998,camelot_v3,1.0000034677750664,1.0000207261,0.345159
2026-05-28T23:11:32.952Z,2026-05-28T23:11:31.873Z,467706077,uniswap_v3,1.00003798437998,camelot_v3,1.0000034677750664,1.0000207261,0.345159
2026-05-28T23:12:02.979Z,2026-05-28T23:12:02.010Z,467706193,uniswap_v3,1.00003798437998,camelot_v3,1.0000034677750664,1.0000207261,0.345159
2026-05-28T23:12:33.010Z,2026-05-28T23:12:31.997Z,467706314,uniswap_v3,1.00003798437998,camelot_v3,1.0000034677750664,1.0000207261,0.345159
2026-05-28T23:13:03.043Z,2026-05-28T23:13:01.852Z,467706434,uniswap_v3,1.00003798437998,camelot_v3,1.0000034677750664,1.0000207261,0.345159
2026-05-28T23:13:33.073Z,2026-05-28T23:13:31.961Z,467706553,uniswap_v3,1.00003798437998,camelot_v3,1.0000034677750664,1.0000207261,0.345159
2026-05-28T23:14:03.106Z,2026-05-28T23:14:01.856Z,467706670,uniswap_v3,1.00003798437998,camelot_v3,1.0000034677750664,1.0000207261,0.345159
2026-05-28T23:14:33.138Z,2026-05-28T23:14:31.893Z,467706790,uniswap_v3,1.00003798437998,camelot_v3,1.0000034677750664,1.0000207261,0.345159
2026-05-28T23:15:03.170Z,2026-05-28T23:15:02.375Z,467706910,uniswap_v3,1.00003798437998,camelot_v3,1.0000034628613328,1.0000207236,0.345208
2026-05-28T23:15:33.203Z,2026-05-28T23:15:32.391Z,467707030,uniswap_v3,1.00003798437998,camelot_v3,1.0000034628613328,1.0000207236,0.345208
2026-05-28T23:16:03.233Z,2026-05-28T23:16:02.028Z,467707149,uniswap_v3,1.00003798437998,camelot_v3,1.0000034628613328,1.0000207236,0.345208
2026-05-28T23:16:33.265Z,2026-05-28T23:16:32.325Z,467707268,uniswap_v3,1.00003798437998,camelot_v3,1.0000034628613328,1.0000207236,0.345208
2026-05-28T23:17:03.297Z,2026-05-28T23:17:02.204Z,467707387,uniswap_v3,1.00003798437998,camelot_v3,1.0000034628613328,1.0000207236,0.345208
2026-05-28T23:17:33.335Z,2026-05-28T23:17:32.101Z,467707507,uniswap_v3,1.00003798437998,camelot_v3,1.0000034628613328,1.0000207236,0.345208
2026-05-28T23:18:03.367Z,2026-05-28T23:18:02.264Z,467707627,uniswap_v3,1.00003798437998,camelot_v3,1.0000034628613328,1.0000207236,0.345208
2026-05-28T23:18:33.400Z,2026-05-28T23:18:31.222Z,467707742,uniswap_v3,1.00003798437998,camelot_v3,1.0000034628613328,1.0000207236,0.345208
2026-05-28T23:19:03.433Z,2026-05-28T23:19:01.207Z,467707861,uniswap_v3,1.00003798437998,camelot_v3,1.0000034628613328,1.0000207236,0.345208
2026-05-28T23:19:33.468Z,2026-05-28T23:19:31.195Z,467707988,uniswap_v3,1.00003798437998,camelot_v3,1.0000034628613328,1.0000207236,0.345208
2026-05-28T23:20:03.502Z,2026-05-28T23:20:01.227Z,467708107,uniswap_v3,1.00003798437998,camelot_v3,1.0000034628613328,1.0000207236,0.345208
2026-05-28T23:20:33.547Z,2026-05-28T23:20:31.513Z,467708225,uniswap_v3,1.00003798437998,camelot_v3,1.0000034628613328,1.0000207236,0.345208
2026-05-28T23:21:03.588Z,2026-05-28T23:21:01.351Z,467708345,uniswap_v3,1.00003798437998,camelot_v3,1.0000034628613328,1.0000207236,0.345208
2026-05-28T23:21:33.626Z,2026-05-28T23:21:31.505Z,467708465,uniswap_v3,1.00003798437998,camelot_v3,1.0000034628613328,1.0000207236,0.345208
2026-05-28T23:22:03.657Z,2026-05-28T23:22:01.501Z,467708583,uniswap_v3,1.00003798437998,camelot_v3,1.0000034628613328,1.0000207236,0.345208
2026-05-28T23:22:33.690Z,2026-05-28T23:22:32.089Z,467708705,uniswap_v3,1.00003798437998,camelot_v3,1.0000034628613328,1.0000207236,0.345208
2026-05-28T23:23:03.721Z,2026-05-28T23:23:01.628Z,467708822,uniswap_v3,1.00003798437998,camelot_v3,1.0000034628613328,1.0000207236,0.345208
2026-05-28T23:23:33.752Z,2026-05-28T23:23:31.753Z,467708941,uniswap_v3,1.00003798437998,camelot_v3,1.0000034628613328,1.0000207236,0.345208
2026-05-28T23:24:03.785Z,2026-05-28T23:24:01.500Z,467709058,uniswap_v3,1.00003798437998,camelot_v3,1.0000034628613328,1.0000207236,0.345208
2026-05-28T23:24:33.815Z,2026-05-28T23:24:31.841Z,467709177,uniswap_v3,1.00003798437998,camelot_v3,1.0000034628613328,1.0000207236,0.345208
2026-05-28T23:25:03.849Z,2026-05-28T23:25:01.805Z,467709294,uniswap_v3,1.00003798437998,camelot_v3,1.0000034628613328,1.0000207236,0.345208
2026-05-28T23:25:39.885Z,2026-05-28T23:25:36.952Z,467709419,uniswap_v3,1.00003798437998,camelot_v3,1.0000034628613328,1.0000207236,0.345208
2026-05-28T23:26:03.910Z,2026-05-28T23:26:01.846Z,467709535,uniswap_v3,1.00003798437998,camelot_v3,1.0000034628613328,1.0000207236,0.345208
2026-05-28T23:26:33.941Z,2026-05-28T23:26:31.784Z,467709655,uniswap_v3,1.00003798437998,camelot_v3,1.0000034628613328,1.0000207236,0.345208
2026-05-28T23:27:03.973Z,2026-05-28T23:27:01.774Z,467709773,uniswap_v3,1.00003798437998,camelot_v3,1.0000034628613328,1.0000207236,0.345208
2026-05-28T23:27:34.003Z,2026-05-28T23:27:31.784Z,467709893,uniswap_v3,1.00003798437998,camelot_v3,1.0000034628613328,1.0000207236,0.345208
2026-05-28T23:28:04.034Z,2026-05-28T23:28:01.935Z,467710012,uniswap_v3,1.00003798437998,camelot_v3,1.0000034628613328,1.0000207236,0.345208
2026-05-28T23:28:34.065Z,2026-05-28T23:28:32.200Z,467710132,uniswap_v3,1.00003798437998,camelot_v3,1.0000034628613328,1.0000207236,0.345208
2026-05-28T23:29:04.097Z,2026-05-28T23:29:02.393Z,467710249,uniswap_v3,1.00003798437998,camelot_v3,1.0000034628613328,1.0000207236,0.345208
2026-05-28T23:29:34.128Z,2026-05-28T23:29:32.226Z,467710367,uniswap_v3,1.00003798437998,camelot_v3,1.0000034628613328,1.0000207236,0.345208
2026-05-28T23:30:04.162Z,2026-05-28T23:30:02.290Z,467710484,uniswap_v3,1.00003798437998,camelot_v3,1.0000034628613328,1.0000207236,0.345208
2026-05-28T23:30:34.193Z,2026-05-28T23:30:32.428Z,467710605,uniswap_v3,1.00003798437998,camelot_v3,1.0000034628613328,1.0000207236,0.345208
2026-05-28T23:31:04.224Z,2026-05-28T23:31:02.430Z,467710724,uniswap_v3,1.00003798437998,camelot_v3,1.0000034628613328,1.0000207236,0.345208
2026-05-28T23:31:34.256Z,2026-05-28T23:31:32.424Z,467710843,uniswap_v3,1.00003798437998,camelot_v3,1.0000034628613328,1.0000207236,0.345208
2026-05-28T23:32:01.285Z,2026-05-28T23:32:01.252Z,467710957,uniswap_v3,1.00003798437998,camelot_v3,1.0000034628613328,1.0000207236,0.345208
2026-05-28T23:32:34.321Z,2026-05-28T23:32:31.504Z,467711077,uniswap_v3,1.00003798437998,camelot_v3,1.0000034628613328,1.0000207236,0.345208
2026-05-28T23:33:04.352Z,2026-05-28T23:33:01.361Z,467711195,uniswap_v3,1.00003798437998,camelot_v3,1.000003455675505,1.00002072,0.34528
2026-05-28T23:33:31.389Z,2026-05-28T23:33:31.269Z,467711313,uniswap_v3,1.00003798437998,camelot_v3,1.000003455675505,1.00002072,0.34528
2026-05-28T23:34:01.425Z,2026-05-28T23:34:01.286Z,467711432,uniswap_v3,1.00003798437998,camelot_v3,1.000003455675505,1.00002072,0.34528
2026-05-28T23:34:34.466Z,2026-05-28T23:34:31.497Z,467711552,uniswap_v3,1.00003798437998,camelot_v3,1.000003455675505,1.00002072,0.34528
2026-05-28T23:35:04.503Z,2026-05-28T23:35:01.545Z,467711672,uniswap_v3,1.00003798437998,camelot_v3,1.000003455675505,1.00002072,0.34528
2026-05-28T23:35:31.530Z,2026-05-28T23:35:31.522Z,467711791,uniswap_v3,1.00003798437998,camelot_v3,1.000003455675505,1.00002072,0.34528
2026-05-28T23:36:04.565Z,2026-05-28T23:36:01.769Z,467711911,uniswap_v3,1.00003798437998,camelot_v3,1.000003455675505,1.00002072,0.34528
2026-05-28T23:36:31.596Z,2026-05-28T23:36:31.541Z,467712031,uniswap_v3,1.00003798437998,camelot_v3,1.000003455675505,1.00002072,0.34528
2026-05-28T23:37:04.628Z,2026-05-28T23:37:01.741Z,467712150,uniswap_v3,1.00003798437998,camelot_v3,1.000003455675505,1.00002072,0.34528
2026-05-28T23:37:31.656Z,2026-05-28T23:37:31.461Z,467712269,uniswap_v3,1.00003798437998,camelot_v3,1.000003455675505,1.00002072,0.34528
2026-05-28T23:38:04.694Z,2026-05-28T23:38:01.709Z,467712389,uniswap_v3,1.00003798437998,camelot_v3,1.000003455675505,1.00002072,0.34528
2026-05-28T23:38:31.720Z,2026-05-28T23:38:31.613Z,467712514,uniswap_v3,1.00003798437998,camelot_v3,1.000003455675505,1.00002072,0.34528
2026-05-28T23:39:04.759Z,2026-05-28T23:39:01.965Z,467712632,uniswap_v3,1.00003798437998,camelot_v3,1.000003455675505,1.00002072,0.34528
2026-05-28T23:39:34.789Z,2026-05-28T23:39:31.884Z,467712752,uniswap_v3,1.00003798437998,camelot_v3,1.000003455675505,1.00002072,0.34528
2026-05-28T23:40:04.822Z,2026-05-28T23:40:02.181Z,467712872,uniswap_v3,1.00003798437998,camelot_v3,1.000003455675505,1.00002072,0.34528
2026-05-28T23:40:31.852Z,2026-05-28T23:40:31.847Z,467712991,uniswap_v3,1.00003798437998,camelot_v3,1.000003455675505,1.00002072,0.34528
2026-05-28T23:41:01.884Z,2026-05-28T23:41:01.705Z,467713111,uniswap_v3,1.00003798437998,camelot_v3,1.000003455675505,1.00002072,0.34528
2026-05-28T23:41:31.915Z,2026-05-28T23:41:31.864Z,467713231,uniswap_v3,1.00003798437998,camelot_v3,1.000003455675505,1.00002072,0.34528
2026-05-28T23:42:01.945Z,2026-05-28T23:42:01.923Z,467713351,uniswap_v3,1.00003798437998,camelot_v3,1.000003455675505,1.00002072,0.34528
2026-05-28T23:42:34.978Z,2026-05-28T23:42:31.994Z,467713468,uniswap_v3,1.00003798437998,camelot_v3,1.000003455675505,1.00002072,0.34528
2026-05-28T23:43:05.008Z,2026-05-28T23:43:02.085Z,467713588,uniswap_v3,1.00003798437998,camelot_v3,1.000003455675505,1.00002072,0.34528
2026-05-28T23:43:32.036Z,2026-05-28T23:43:31.843Z,467713708,uniswap_v3,1.00003798437998,camelot_v3,1.000003455675505,1.00002072,0.34528
2026-05-28T23:44:05.071Z,2026-05-28T23:44:02.242Z,467713826,uniswap_v3,1.0000379847757965,camelot_v3,1.000003455675505,1.0000207202,0.345284
2026-05-28T23:44:35.103Z,2026-05-28T23:44:32.141Z,467713946,uniswap_v3,1.0000379847757965,camelot_v3,1.000003455675505,1.0000207202,0.345284
2026-05-28T23:45:05.134Z,2026-05-28T23:45:02.375Z,467714066,uniswap_v3,1.0000379847757965,camelot_v3,1.000003455675505,1.0000207202,0.345284
2026-05-28T23:45:32.165Z,2026-05-28T23:45:31.245Z,467714183,uniswap_v3,1.0000379847757965,camelot_v3,1.000003455675505,1.0000207202,0.345284
2026-05-28T23:46:02.199Z,2026-05-28T23:46:01.424Z,467714303,uniswap_v3,1.0000379847757965,camelot_v3,1.000003455675505,1.0000207202,0.345284
2026-05-28T23:46:32.234Z,2026-05-28T23:46:31.463Z,467714423,uniswap_v3,1.0000379847757965,camelot_v3,1.000003455675505,1.0000207202,0.345284
2026-05-28T23:47:02.268Z,2026-05-28T23:47:01.606Z,467714542,uniswap_v3,1.0000379847757965,camelot_v3,1.000003455675505,1.0000207202,0.345284
2026-05-28T23:47:32.308Z,2026-05-28T23:47:31.891Z,467714662,uniswap_v3,1.0000379847757965,camelot_v3,1.000003455675505,1.0000207202,0.345284
2026-05-28T23:48:02.346Z,2026-05-28T23:48:01.874Z,467714782,uniswap_v3,1.0000379847757965,camelot_v3,1.000003455675505,1.0000207202,0.345284
2026-05-28T23:48:32.379Z,2026-05-28T23:48:31.639Z,467714902,uniswap_v3,1.0000379847757965,camelot_v3,1.000003455675505,1.0000207202,0.345284
2026-05-28T23:49:02.410Z,2026-05-28T23:49:01.673Z,467715021,uniswap_v3,1.0000379847757965,camelot_v3,1.000003455675505,1.0000207202,0.345284
2026-05-28T23:49:32.443Z,2026-05-28T23:49:31.742Z,467715139,uniswap_v3,1.0000379847757965,camelot_v3,1.000003455675505,1.0000207202,0.345284
2026-05-28T23:50:02.473Z,2026-05-28T23:50:02.031Z,467715259,uniswap_v3,1.0000379847757965,camelot_v3,1.000003455675505,1.0000207202,0.345284
2026-05-28T23:50:32.501Z,2026-05-28T23:50:31.994Z,467715378,uniswap_v3,1.0000379847757965,camelot_v3,1.000003455675505,1.0000207202,0.345284
2026-05-28T23:51:05.536Z,2026-05-28T23:51:04.326Z,467715499,uniswap_v3,1.0000379847757965,camelot_v3,1.000003455675505,1.0000207202,0.345284
2026-05-28T23:51:32.566Z,2026-05-28T23:51:32.320Z,467715625,uniswap_v3,1.0000379847757965,camelot_v3,1.000003455675505,1.0000207202,0.345284
2026-05-28T23:52:02.599Z,2026-05-28T23:52:01.900Z,467715744,uniswap_v3,1.0000379847757965,camelot_v3,1.000003455675505,1.0000207202,0.345284
2026-05-28T23:52:32.631Z,2026-05-28T23:52:31.974Z,467715863,uniswap_v3,1.0000379847757965,camelot_v3,1.000003455675505,1.0000207202,0.345284
2026-05-28T23:53:02.664Z,2026-05-28T23:53:01.911Z,467715983,uniswap_v3,1.0000379847757965,camelot_v3,1.000003455675505,1.0000207202,0.345284
2026-05-28T23:53:32.696Z,2026-05-28T23:53:31.849Z,467716102,uniswap_v3,1.0000379847757965,camelot_v3,1.000003455675505,1.0000207202,0.345284
2026-05-28T23:54:02.731Z,2026-05-28T23:54:01.871Z,467716221,uniswap_v3,1.0000379847757965,camelot_v3,1.000003455675505,1.0000207202,0.345284
2026-05-28T23:54:32.762Z,2026-05-28T23:54:32.506Z,467716341,uniswap_v3,1.0000379847757965,camelot_v3,1.000003455675505,1.0000207202,0.345284
2026-05-28T23:55:02.797Z,2026-05-28T23:55:02.003Z,467716461,uniswap_v3,1.0000379847757965,camelot_v3,1.000003455675505,1.0000207202,0.345284
2026-05-28T23:55:32.830Z,2026-05-28T23:55:32.214Z,467716581,uniswap_v3,1.0000379847757965,camelot_v3,1.000003455675505,1.0000207202,0.345284
2026-05-28T23:56:02.866Z,2026-05-28T23:56:02.075Z,467716700,uniswap_v3,1.0000379847757965,camelot_v3,1.000003455675505,1.0000207202,0.345284
2026-05-28T23:56:32.901Z,2026-05-28T23:56:32.037Z,467716820,uniswap_v3,1.0000379847757965,camelot_v3,1.000003455675505,1.0000207202,0.345284
2026-05-28T23:57:02.935Z,2026-05-28T23:57:02.074Z,467716938,uniswap_v3,1.0000379847757965,camelot_v3,1.000003455675505,1.0000207202,0.345284
2026-05-28T23:57:32.966Z,2026-05-28T23:57:32.792Z,467717062,uniswap_v3,1.0000379847757965,camelot_v3,1.000003455675505,1.0000207202,0.345284
2026-05-28T23:58:02.996Z,2026-05-28T23:58:02.310Z,467717181,uniswap_v3,1.0000379847757965,camelot_v3,1.000003455675505,1.0000207202,0.345284
2026-05-28T23:58:33.026Z,2026-05-28T23:58:32.308Z,467717301,uniswap_v3,1.0000379847757965,camelot_v3,1.000003455675505,1.0000207202,0.345284
2026-05-28T23:59:03.063Z,2026-05-28T23:59:02.260Z,467717421,uniswap_v3,1.0000379847757965,camelot_v3,1.000003455675505,1.0000207202,0.345284
2026-05-28T23:59:33.096Z,2026-05-28T23:59:31.185Z,467717537,uniswap_v3,1.0000379847757965,camelot_v3,1.000003455675505,1.0000207202,0.345284
2026-05-29T00:00:03.126Z,2026-05-29T00:00:01.307Z,467717656,uniswap_v3,1.0000379847757965,camelot_v3,1.000003455675505,1.0000207202,0.345284
2026-05-29T00:00:33.159Z,2026-05-29T00:00:32.797Z,467717777,uniswap_v3,1.0000379847757965,camelot_v3,1.000003455675505,1.0000207202,0.345284
2026-05-29T00:01:03.192Z,2026-05-29T00:01:01.285Z,467717896,uniswap_v3,1.0000379847757965,camelot_v3,1.0000034545531944,1.0000207197,0.345295
2026-05-29T00:01:33.227Z,2026-05-29T00:01:31.187Z,467718016,uniswap_v3,1.0000379847757965,camelot_v3,1.000003453158577,1.000020719,0.345309
2026-05-29T00:02:03.259Z,2026-05-29T00:02:01.487Z,467718135,uniswap_v3,1.0000379847757965,camelot_v3,1.000003453158577,1.000020719,0.345309
2026-05-29T00:02:33.292Z,2026-05-29T00:02:31.425Z,467718253,uniswap_v3,1.0000379847757965,camelot_v3,1.000003453158577,1.000020719,0.345309
2026-05-29T00:03:03.323Z,2026-05-29T00:03:01.528Z,467718374,uniswap_v3,1.0000379847757965,camelot_v3,1.000003453158577,1.000020719,0.345309
2026-05-29T00:03:33.356Z,2026-05-29T00:03:31.378Z,467718493,uniswap_v3,1.0000379847757965,camelot_v3,1.000003453158577,1.000020719,0.345309
2026-05-29T00:04:03.386Z,2026-05-29T00:04:01.759Z,467718614,uniswap_v3,1.0000379847757965,camelot_v3,1.000003453158577,1.000020719,0.345309
2026-05-29T00:04:33.418Z,2026-05-29T00:04:31.957Z,467718734,uniswap_v3,1.0000379847757965,camelot_v3,1.000003453158577,1.000020719,0.345309
2026-05-29T00:05:03.449Z,2026-05-29T00:05:01.722Z,467718854,uniswap_v3,1.0000379847757965,camelot_v3,1.000003453158577,1.000020719,0.345309
2026-05-29T00:05:33.481Z,2026-05-29T00:05:31.571Z,467718974,uniswap_v3,1.0000379847757965,camelot_v3,1.000003453158577,1.000020719,0.345309
2026-05-29T00:06:03.514Z,2026-05-29T00:06:01.665Z,467719093,uniswap_v3,1.0000379847757965,camelot_v3,1.000003453158577,1.000020719,0.345309
2026-05-29T00:06:33.544Z,2026-05-29T00:06:31.675Z,467719213,uniswap_v3,1.0000379847757965,camelot_v3,1.000003453158577,1.000020719,0.345309
2026-05-29T00:07:03.575Z,2026-05-29T00:07:01.821Z,467719332,uniswap_v3,1.0000379847757965,camelot_v3,1.000003453158577,1.000020719,0.345309
2026-05-29T00:07:33.606Z,2026-05-29T00:07:31.741Z,467719452,uniswap_v3,1.0000379847757965,camelot_v3,1.000003453158577,1.000020719,0.345309
2026-05-29T00:08:03.635Z,2026-05-29T00:08:01.960Z,467719571,uniswap_v3,1.0000379847757965,camelot_v3,1.000003453158577,1.000020719,0.345309
2026-05-29T00:08:33.664Z,2026-05-29T00:08:32.356Z,467719691,uniswap_v3,1.0000379847757965,camelot_v3,1.000003453158577,1.000020719,0.345309
2026-05-29T00:09:03.697Z,2026-05-29T00:09:02.474Z,467719807,uniswap_v3,1.0000379847757965,camelot_v3,1.000003453158577,1.000020719,0.345309
2026-05-29T00:09:33.725Z,2026-05-29T00:09:32.322Z,467719926,uniswap_v3,1.0000379847757965,camelot_v3,1.000003453158577,1.000020719,0.345309
2026-05-29T00:10:03.757Z,2026-05-29T00:10:02.402Z,467720046,uniswap_v3,1.0000379847757965,camelot_v3,1.000003453158577,1.000020719,0.345309
2026-05-29T00:10:33.790Z,2026-05-29T00:10:32.549Z,467720169,uniswap_v3,1.0000379847757965,camelot_v3,1.000003453158577,1.000020719,0.345309
2026-05-29T00:11:03.821Z,2026-05-29T00:11:02.644Z,467720289,uniswap_v3,1.0000379847757965,camelot_v3,1.000003453158577,1.000020719,0.345309
2026-05-29T00:11:33.855Z,2026-05-29T00:11:32.537Z,467720408,uniswap_v3,1.0000379847757965,camelot_v3,1.000003453158577,1.000020719,0.345309
2026-05-29T00:12:03.891Z,2026-05-29T00:12:02.932Z,467720527,uniswap_v3,1.0000379847757965,camelot_v3,1.000003453158577,1.000020719,0.345309
2026-05-29T00:12:33.928Z,2026-05-29T00:12:32.686Z,467720647,uniswap_v3,1.0000379847757965,camelot_v3,1.000003453158577,1.000020719,0.345309
2026-05-29T00:13:03.960Z,2026-05-29T00:13:02.457Z,467720766,uniswap_v3,1.0000379847757965,camelot_v3,1.000003453158577,1.000020719,0.345309
2026-05-29T00:13:33.994Z,2026-05-29T00:13:31.319Z,467720882,uniswap_v3,1.0000379847757965,camelot_v3,1.000003453158577,1.000020719,0.345309
2026-05-29T00:14:04.027Z,2026-05-29T00:14:01.565Z,467721001,uniswap_v3,1.0000379847757965,camelot_v3,1.000003453158577,1.000020719,0.345309
2026-05-29T00:14:34.061Z,2026-05-29T00:14:31.445Z,467721121,uniswap_v3,1.0000379847757965,camelot_v3,1.000003453158577,1.000020719,0.345309
2026-05-29T00:15:04.095Z,2026-05-29T00:15:01.322Z,467721241,uniswap_v3,1.0000379847757965,camelot_v3,1.000003453158577,1.000020719,0.345309
2026-05-29T00:15:34.132Z,2026-05-29T00:15:31.490Z,467721361,uniswap_v3,1.0000379847757965,camelot_v3,1.000003453158577,1.000020719,0.345309
2026-05-29T00:16:04.167Z,2026-05-29T00:16:01.659Z,467721481,uniswap_v3,1.0000379847757965,camelot_v3,1.000003453158577,1.000020719,0.345309
2026-05-29T00:16:34.198Z,2026-05-29T00:16:31.635Z,467721600,uniswap_v3,1.0000379847757965,camelot_v3,1.000003453158577,1.000020719,0.345309
2026-05-29T00:17:04.229Z,2026-05-29T00:17:01.931Z,467721724,uniswap_v3,1.0000379847757965,camelot_v3,1.000003453158577,1.000020719,0.345309
2026-05-29T00:17:34.261Z,2026-05-29T00:17:31.520Z,467721844,uniswap_v3,1.0000379847757965,camelot_v3,1.000003453158577,1.000020719,0.345309
2026-05-29T00:18:04.294Z,2026-05-29T00:18:01.635Z,467721964,uniswap_v3,1.0000379847757965,camelot_v3,1.000003453158577,1.000020719,0.345309
2026-05-29T00:18:34.327Z,2026-05-29T00:18:31.645Z,467722083,uniswap_v3,1.0000379847757965,camelot_v3,1.000003453158577,1.000020719,0.345309
2026-05-29T00:19:04.361Z,2026-05-29T00:19:01.710Z,467722201,uniswap_v3,1.0000379847757965,camelot_v3,1.000003453158577,1.000020719,0.345309
2026-05-29T00:19:34.392Z,2026-05-29T00:19:31.622Z,467722320,uniswap_v3,1.0000379847757965,camelot_v3,1.000003453158577,1.000020719,0.345309
2026-05-29T00:20:04.424Z,2026-05-29T00:20:01.833Z,467722440,uniswap_v3,1.0000379847757965,camelot_v3,1.000003453158577,1.000020719,0.345309
2026-05-29T00:20:34.460Z,2026-05-29T00:20:31.573Z,467722560,uniswap_v3,1.0000379847757965,camelot_v3,1.000003453158577,1.000020719,0.345309
2026-05-29T00:21:04.492Z,2026-05-29T00:21:01.699Z,467722680,uniswap_v3,1.0000379847757965,camelot_v3,1.000003453158577,1.000020719,0.345309
2026-05-29T00:21:34.526Z,2026-05-29T00:21:31.881Z,467722800,uniswap_v3,1.0000379847757965,camelot_v3,1.000003453158577,1.000020719,0.345309
2026-05-29T00:22:04.556Z,2026-05-29T00:22:01.867Z,467722919,uniswap_v3,1.0000379847757965,camelot_v3,1.000003453158577,1.000020719,0.345309
2026-05-29T00:22:34.589Z,2026-05-29T00:22:31.887Z,467723039,uniswap_v3,1.0000379847757965,camelot_v3,1.000003453158577,1.000020719,0.345309
2026-05-29T00:23:04.623Z,2026-05-29T00:23:02.093Z,467723157,uniswap_v3,1.0000379847757965,camelot_v3,1.000003453158577,1.000020719,0.345309
2026-05-29T00:23:34.650Z,2026-05-29T00:23:32.182Z,467723283,uniswap_v3,1.0000379847757965,camelot_v3,1.000003453158577,1.000020719,0.345309
2026-05-29T00:24:04.682Z,2026-05-29T00:24:02.429Z,467723403,uniswap_v3,1.0000379847757965,camelot_v3,1.000003453158577,1.000020719,0.345309
2026-05-29T00:24:34.715Z,2026-05-29T00:24:31.885Z,467723523,uniswap_v3,1.0000379847757965,camelot_v3,1.000003453158577,1.000020719,0.345309
2026-05-29T00:25:04.748Z,2026-05-29T00:25:02.134Z,467723643,uniswap_v3,1.0000379847757965,camelot_v3,1.000003453158577,1.000020719,0.345309
2026-05-29T00:25:34.780Z,2026-05-29T00:25:32.003Z,467723763,uniswap_v3,1.0000379847757965,camelot_v3,1.000003453158577,1.000020719,0.345309
2026-05-29T00:26:07.816Z,2026-05-29T00:26:05.285Z,467723883,uniswap_v3,1.0000379847757965,camelot_v3,1.000003453158577,1.000020719,0.345309
2026-05-29T00:26:34.847Z,2026-05-29T00:26:32.437Z,467723997,uniswap_v3,1.0000379847757965,camelot_v3,1.000003453158577,1.000020719,0.345309
2026-05-29T00:27:01.883Z,2026-05-29T00:27:01.367Z,467724117,uniswap_v3,1.0000379847757965,camelot_v3,1.000003453158577,1.000020719,0.345309
2026-05-29T00:27:34.921Z,2026-05-29T00:27:31.919Z,467724233,uniswap_v3,1.0000379847757965,camelot_v3,1.000003453158577,1.000020719,0.345309
2026-05-29T00:28:01.952Z,2026-05-29T00:28:01.315Z,467724356,uniswap_v3,1.0000379847757965,camelot_v3,1.000003453158577,1.000020719,0.345309
2026-05-29T00:28:34.988Z,2026-05-29T00:28:32.398Z,467724473,uniswap_v3,1.0000379847757965,camelot_v3,1.000003453158577,1.000020719,0.345309
2026-05-29T00:29:05.025Z,2026-05-29T00:29:02.094Z,467724596,uniswap_v3,1.0000379847757965,camelot_v3,1.000003453158577,1.000020719,0.345309
2026-05-29T00:29:32.060Z,2026-05-29T00:29:31.784Z,467724715,uniswap_v3,1.0000379847757965,camelot_v3,1.000003453158577,1.000020719,0.345309
2026-05-29T00:30:02.093Z,2026-05-29T00:30:02.049Z,467724837,uniswap_v3,1.0000379847757965,camelot_v3,1.000003453158577,1.000020719,0.345309
2026-05-29T00:30:35.128Z,2026-05-29T00:30:32.398Z,467724958,uniswap_v3,1.0000379847757965,camelot_v3,1.000003453158577,1.000020719,0.345309
2026-05-29T00:31:02.155Z,2026-05-29T00:31:01.657Z,467725078,uniswap_v3,1.0000379847757965,camelot_v3,1.000003453158577,1.000020719,0.345309
2026-05-29T00:31:32.186Z,2026-05-29T00:31:31.930Z,467725194,uniswap_v3,1.0000379847757965,camelot_v3,1.000003453158577,1.000020719,0.345309
2026-05-29T00:32:05.217Z,2026-05-29T00:32:02.619Z,467725318,uniswap_v3,1.0000379847757965,camelot_v3,1.000003453158577,1.000020719,0.345309
2026-05-29T00:32:32.246Z,2026-05-29T00:32:31.998Z,467725438,uniswap_v3,1.0000379847757965,camelot_v3,1.000003453158577,1.000020719,0.345309
2026-05-29T00:33:02.277Z,2026-05-29T00:33:01.851Z,467725558,uniswap_v3,1.0000379847757965,camelot_v3,1.000003453158577,1.000020719,0.345309
2026-05-29T00:33:32.311Z,2026-05-29T00:33:31.898Z,467725678,uniswap_v3,1.0000379847757965,camelot_v3,1.000003453158577,1.000020719,0.345309
2026-05-29T00:34:02.340Z,2026-05-29T00:34:01.882Z,467725797,uniswap_v3,1.0000379847757965,camelot_v3,1.000003453158577,1.000020719,0.345309
2026-05-29T00:34:32.373Z,2026-05-29T00:34:31.996Z,467725916,uniswap_v3,1.0000379847757965,camelot_v3,1.000003453158577,1.000020719,0.345309
2026-05-29T00:35:02.407Z,2026-05-29T00:35:02.211Z,467726032,uniswap_v3,1.0000379847757965,camelot_v3,1.000003453158577,1.000020719,0.345309
2026-05-29T00:35:32.441Z,2026-05-29T00:35:31.932Z,467726151,uniswap_v3,1.0000379847757965,camelot_v3,1.000003453158577,1.000020719,0.345309
2026-05-29T00:36:02.472Z,2026-05-29T00:36:02.049Z,467726277,uniswap_v3,1.0000379847757965,camelot_v3,1.000003453158577,1.000020719,0.345309
2026-05-29T00:36:32.505Z,2026-05-29T00:36:32.090Z,467726397,uniswap_v3,1.0000379847757965,camelot_v3,1.000003453158577,1.000020719,0.345309
2026-05-29T00:37:02.542Z,2026-05-29T00:37:02.313Z,467726515,uniswap_v3,1.0000379847757965,camelot_v3,1.000003453158577,1.000020719,0.345309
2026-05-29T00:37:35.580Z,2026-05-29T00:37:32.646Z,467726634,uniswap_v3,1.0000379847757965,camelot_v3,1.000003453158577,1.000020719,0.345309
2026-05-29T00:38:02.612Z,2026-05-29T00:38:02.367Z,467726754,uniswap_v3,1.0000379847757965,camelot_v3,1.000003453158577,1.000020719,0.345309
2026-05-29T00:38:32.644Z,2026-05-29T00:38:32.415Z,467726873,uniswap_v3,1.0000379847757965,camelot_v3,1.000003453158577,1.000020719,0.345309
2026-05-29T00:39:02.681Z,2026-05-29T00:39:02.416Z,467726991,uniswap_v3,1.0000379847757965,camelot_v3,1.000003453158577,1.000020719,0.345309
2026-05-29T00:39:32.717Z,2026-05-29T00:39:32.350Z,467727111,uniswap_v3,1.0000379847757965,camelot_v3,1.000003453158577,1.000020719,0.345309
2026-05-29T00:40:02.752Z,2026-05-29T00:40:02.260Z,467727229,uniswap_v3,1.0000379847757965,camelot_v3,1.000003453158577,1.000020719,0.345309
2026-05-29T00:40:32.788Z,2026-05-29T00:40:31.079Z,467727345,uniswap_v3,1.0000379847757965,camelot_v3,1.000003453158577,1.000020719,0.345309
2026-05-29T00:41:02.824Z,2026-05-29T00:41:01.158Z,467727463,uniswap_v3,1.0000379847757965,camelot_v3,1.000003453158577,1.000020719,0.345309
2026-05-29T00:41:32.859Z,2026-05-29T00:41:31.172Z,467727583,uniswap_v3,1.0000379847757965,camelot_v3,1.000003453158577,1.000020719,0.345309
2026-05-29T00:42:02.897Z,2026-05-29T00:42:02.007Z,467727699,uniswap_v3,1.0000379847757965,camelot_v3,1.000003453158577,1.000020719,0.345309
2026-05-29T00:42:32.936Z,2026-05-29T00:42:31.465Z,467727821,uniswap_v3,1.0000379847757965,camelot_v3,1.000003453158577,1.000020719,0.345309
2026-05-29T00:43:02.975Z,2026-05-29T00:43:01.640Z,467727930,uniswap_v3,1.0000379847757965,camelot_v3,1.000003453158577,1.000020719,0.345309
2026-05-29T00:43:33.009Z,2026-05-29T00:43:31.217Z,467728049,uniswap_v3,1.0000379847757965,camelot_v3,1.000003453158577,1.000020719,0.345309
2026-05-29T00:44:03.046Z,2026-05-29T00:44:01.471Z,467728167,uniswap_v3,1.0000379847757965,camelot_v3,1.000003453158577,1.000020719,0.345309
2026-05-29T00:44:33.080Z,2026-05-29T00:44:31.368Z,467728288,uniswap_v3,1.0000379847757965,camelot_v3,1.000003453158577,1.000020719,0.345309
2026-05-29T00:45:03.112Z,2026-05-29T00:45:01.488Z,467728400,uniswap_v3,1.0000379847757965,camelot_v3,1.000003453158577,1.000020719,0.345309
2026-05-29T00:45:33.144Z,2026-05-29T00:45:31.472Z,467728519,uniswap_v3,1.0000379847757965,camelot_v3,1.000003453158577,1.000020719,0.345309
2026-05-29T00:46:03.175Z,2026-05-29T00:46:01.604Z,467728639,uniswap_v3,1.0000379847757965,camelot_v3,1.000003453158577,1.000020719,0.345309
2026-05-29T00:46:33.205Z,2026-05-29T00:46:32.192Z,467728760,uniswap_v3,1.0000379847757965,camelot_v3,1.000003453158577,1.000020719,0.345309
2026-05-29T00:47:03.234Z,2026-05-29T00:47:01.821Z,467728876,uniswap_v3,1.0000379847757965,camelot_v3,1.000003453158577,1.000020719,0.345309
2026-05-29T00:47:33.264Z,2026-05-29T00:47:31.876Z,467728997,uniswap_v3,1.0000379847757965,camelot_v3,1.000003453158577,1.000020719,0.345309
2026-05-29T00:48:03.301Z,2026-05-29T00:48:01.983Z,467729114,uniswap_v3,1.0000379847757965,camelot_v3,1.000003453158577,1.000020719,0.345309
2026-05-29T00:48:33.332Z,2026-05-29T00:48:31.667Z,467729232,uniswap_v3,1.0000379502106487,camelot_v3,1.000003453158577,1.0000207017,0.344963
2026-05-29T00:49:03.365Z,2026-05-29T00:49:01.702Z,467729351,uniswap_v3,1.0000379502106487,camelot_v3,1.000003453158577,1.0000207017,0.344963
2026-05-29T00:49:33.395Z,2026-05-29T00:49:31.875Z,467729470,uniswap_v3,1.0000379502106487,camelot_v3,1.000003453158577,1.0000207017,0.344963
2026-05-29T00:50:03.429Z,2026-05-29T00:50:01.920Z,467729590,uniswap_v3,1.0000379502106487,camelot_v3,1.000003453158577,1.0000207017,0.344963
2026-05-29T00:50:33.465Z,2026-05-29T00:50:31.944Z,467729711,uniswap_v3,1.0000379502106487,camelot_v3,1.000003453158577,1.0000207017,0.344963
2026-05-29T00:51:03.497Z,2026-05-29T00:51:02.806Z,467729831,uniswap_v3,1.0000379502106487,camelot_v3,1.000003453158577,1.0000207017,0.344963
2026-05-29T00:51:33.530Z,2026-05-29T00:51:32.568Z,467729949,uniswap_v3,1.0000379502106487,camelot_v3,1.000003453158577,1.0000207017,0.344963
2026-05-29T00:52:03.564Z,2026-05-29T00:52:02.149Z,467730068,uniswap_v3,1.0000379502106487,camelot_v3,1.000003453158577,1.0000207017,0.344963
2026-05-29T00:52:33.592Z,2026-05-29T00:52:32.180Z,467730188,uniswap_v3,1.0000379502106487,camelot_v3,1.000003453158577,1.0000207017,0.344963
2026-05-29T00:53:03.626Z,2026-05-29T00:53:02.399Z,467730305,uniswap_v3,1.0000379502106487,camelot_v3,1.000003453158577,1.0000207017,0.344963
2026-05-29T00:53:33.661Z,2026-05-29T00:53:32.261Z,467730425,uniswap_v3,1.0000379502106487,camelot_v3,1.000003453158577,1.0000207017,0.344963
2026-05-29T00:54:03.700Z,2026-05-29T00:54:01.482Z,467730539,uniswap_v3,1.0000379502106487,camelot_v3,1.000003453158577,1.0000207017,0.344963
2026-05-29T00:54:33.737Z,2026-05-29T00:54:31.269Z,467730659,uniswap_v3,1.0000379502106487,camelot_v3,1.000003453158577,1.0000207017,0.344963
2026-05-29T00:55:03.774Z,2026-05-29T00:55:01.323Z,467730781,uniswap_v3,1.0000379502106487,camelot_v3,1.000003453158577,1.0000207017,0.344963
2026-05-29T00:55:33.805Z,2026-05-29T00:55:31.460Z,467730901,uniswap_v3,1.0000379502106487,camelot_v3,1.000003453158577,1.0000207017,0.344963
2026-05-29T00:56:03.841Z,2026-05-29T00:56:01.897Z,467731022,uniswap_v3,1.0000379502106487,camelot_v3,1.000003453158577,1.0000207017,0.344963
2026-05-29T00:56:33.879Z,2026-05-29T00:56:31.697Z,467731141,uniswap_v3,1.0000379502106487,camelot_v3,1.000003453158577,1.0000207017,0.344963
2026-05-29T00:57:03.917Z,2026-05-29T00:57:01.764Z,467731259,uniswap_v3,1.0000379502106487,camelot_v3,1.000003453158577,1.0000207017,0.344963
2026-05-29T00:57:33.952Z,2026-05-29T00:57:31.490Z,467731375,uniswap_v3,1.0000379502106487,camelot_v3,1.000003453158577,1.0000207017,0.344963
2026-05-29T00:58:03.982Z,2026-05-29T00:58:01.853Z,467731495,uniswap_v3,1.0000379502106487,camelot_v3,1.000003453158577,1.0000207017,0.344963
2026-05-29T00:58:34.013Z,2026-05-29T00:58:31.794Z,467731612,uniswap_v3,1.0000379502106487,camelot_v3,1.000003453158577,1.0000207017,0.344963
2026-05-29T00:59:04.042Z,2026-05-29T00:59:01.582Z,467731731,uniswap_v3,1.0000379502106487,camelot_v3,1.000003453158577,1.0000207017,0.344963
2026-05-29T00:59:34.074Z,2026-05-29T00:59:31.714Z,467731849,uniswap_v3,1.0000379502106487,camelot_v3,1.000003453158577,1.0000207017,0.344963
2026-05-29T01:00:04.098Z,2026-05-29T01:00:01.752Z,467731969,uniswap_v3,1.0000379502106487,camelot_v3,1.000003453158577,1.0000207017,0.344963
2026-05-29T01:00:34.127Z,2026-05-29T01:00:31.789Z,467732089,uniswap_v3,1.0000379502106487,camelot_v3,1.000003453158577,1.0000207017,0.344963
2026-05-29T01:01:04.158Z,2026-05-29T01:01:01.773Z,467732207,uniswap_v3,1.0000379502106487,camelot_v3,1.000003453158577,1.0000207017,0.344963
2026-05-29T01:01:34.192Z,2026-05-29T01:01:31.698Z,467732334,uniswap_v3,1.0000379502106487,camelot_v3,1.000003453158577,1.0000207017,0.344963
2026-05-29T01:02:04.222Z,2026-05-29T01:02:01.838Z,467732453,uniswap_v3,1.0000379502106487,camelot_v3,1.000003453158577,1.0000207017,0.344963
2026-05-29T01:02:34.253Z,2026-05-29T01:02:31.809Z,467732573,uniswap_v3,1.0000379502106487,camelot_v3,1.000003453158577,1.0000207017,0.344963
2026-05-29T01:03:04.286Z,2026-05-29T01:03:01.846Z,467732691,uniswap_v3,1.0000379502106487,camelot_v3,1.000003453158577,1.0000207017,0.344963
2026-05-29T01:03:34.318Z,2026-05-29T01:03:31.784Z,467732810,uniswap_v3,1.0000379502106487,camelot_v3,1.000003453158577,1.0000207017,0.344963
2026-05-29T01:04:04.348Z,2026-05-29T01:04:01.977Z,467732930,uniswap_v3,1.0000379502106487,camelot_v3,1.000003453158577,1.0000207017,0.344963
2026-05-29T01:04:34.380Z,2026-05-29T01:04:31.808Z,467733049,uniswap_v3,1.0000379502106487,camelot_v3,1.000003453158577,1.0000207017,0.344963
2026-05-29T01:05:04.417Z,2026-05-29T01:05:02.469Z,467733165,uniswap_v3,1.0000379502106487,camelot_v3,1.000003453158577,1.0000207017,0.344963
2026-05-29T01:05:34.451Z,2026-05-29T01:05:32.141Z,467733284,uniswap_v3,1.0000379502106487,camelot_v3,1.000003453158577,1.0000207017,0.344963
2026-05-29T01:06:04.487Z,2026-05-29T01:06:02.117Z,467733403,uniswap_v3,1.0000379502106487,camelot_v3,1.000003453158577,1.0000207017,0.344963
2026-05-29T01:06:34.522Z,2026-05-29T01:06:31.938Z,467733521,uniswap_v3,1.0000379502106487,camelot_v3,1.000003453158577,1.0000207017,0.344963
2026-05-29T01:07:04.556Z,2026-05-29T01:07:02.275Z,467733641,uniswap_v3,1.0000379502106487,camelot_v3,1.000003453158577,1.0000207017,0.344963
2026-05-29T01:07:31.585Z,2026-05-29T01:07:31.159Z,467733755,uniswap_v3,1.0000379502106487,camelot_v3,1.000003453158577,1.0000207017,0.344963
2026-05-29T01:08:01.621Z,2026-05-29T01:08:01.496Z,467733879,uniswap_v3,1.0000379502106487,camelot_v3,1.000003453158577,1.0000207017,0.344963
2026-05-29T01:08:31.656Z,2026-05-29T01:08:31.498Z,467733996,uniswap_v3,1.0000379502106487,camelot_v3,1.000003453158577,1.0000207017,0.344963
2026-05-29T01:09:01.695Z,2026-05-29T01:09:01.531Z,467734115,uniswap_v3,1.0000379502106487,camelot_v3,1.000003453158577,1.0000207017,0.344963
2026-05-29T01:09:31.729Z,2026-05-29T01:09:31.300Z,467734231,uniswap_v3,1.0000379502106487,camelot_v3,1.000003453158577,1.0000207017,0.344963
2026-05-29T01:10:01.769Z,2026-05-29T01:10:01.726Z,467734348,uniswap_v3,1.0000379502106487,camelot_v3,1.000003453158577,1.0000207017,0.344963
2026-05-29T01:10:34.815Z,2026-05-29T01:10:32.116Z,467734467,uniswap_v3,1.0000379502106487,camelot_v3,1.000003453158577,1.0000207017,0.344963
2026-05-29T01:11:01.851Z,2026-05-29T01:11:01.706Z,467734587,uniswap_v3,1.0000379502106487,camelot_v3,1.000003453158577,1.0000207017,0.344963
2026-05-29T01:11:31.891Z,2026-05-29T01:11:31.720Z,467734707,uniswap_v3,1.0000379502106487,camelot_v3,1.000003453158577,1.0000207017,0.344963
2026-05-29T01:12:07.933Z,2026-05-29T01:12:07.757Z,467734826,uniswap_v3,1.0000379502106487,camelot_v3,1.000003453158577,1.0000207017,0.344963
2026-05-29T01:12:34.962Z,2026-05-29T01:12:32.047Z,467734945,uniswap_v3,1.0000379502106487,camelot_v3,1.000003453158577,1.0000207017,0.344963
2026-05-29T01:13:01.988Z,2026-05-29T01:13:01.829Z,467735064,uniswap_v3,1.0000379502106487,camelot_v3,1.000003453158577,1.0000207017,0.344963
2026-05-29T01:13:32.019Z,2026-05-29T01:13:31.823Z,467735179,uniswap_v3,1.0000379502106487,camelot_v3,1.000003453158577,1.0000207017,0.344963
2026-05-29T01:14:02.048Z,2026-05-29T01:14:02.013Z,467735303,uniswap_v3,1.0000379502106487,camelot_v3,1.000003453158577,1.0000207017,0.344963
2026-05-29T01:14:32.081Z,2026-05-29T01:14:31.910Z,467735425,uniswap_v3,1.0000379502106487,camelot_v3,1.000003453158577,1.0000207017,0.344963
2026-05-29T01:15:02.114Z,2026-05-29T01:15:02.007Z,467735544,uniswap_v3,1.0000379502106487,camelot_v3,1.000003453158577,1.0000207017,0.344963
2026-05-29T01:15:32.144Z,2026-05-29T01:15:32.018Z,467735664,uniswap_v3,1.0000379502106487,camelot_v3,1.000003453158577,1.0000207017,0.344963
2026-05-29T01:16:02.175Z,2026-05-29T01:16:01.843Z,467735784,uniswap_v3,1.0000379502106487,camelot_v3,1.000003453158577,1.0000207017,0.344963
2026-05-29T01:16:32.207Z,2026-05-29T01:16:32.124Z,467735903,uniswap_v3,1.0000379502106487,camelot_v3,1.000003453158577,1.0000207017,0.344963
2026-05-29T01:17:05.239Z,2026-05-29T01:17:02.296Z,467736019,uniswap_v3,1.000037917067963,camelot_v3,1.000003453158577,1.0000206851,0.344632
2026-05-29T01:17:35.274Z,2026-05-29T01:17:32.525Z,467736142,uniswap_v3,1.000037917067963,camelot_v3,1.000003453158577,1.0000206851,0.344632
2026-05-29T01:18:05.305Z,2026-05-29T01:18:02.787Z,467736258,uniswap_v3,1.000037917067963,camelot_v3,1.000003453158577,1.0000206851,0.344632
2026-05-29T01:18:35.340Z,2026-05-29T01:18:32.822Z,467736381,uniswap_v3,1.000037917067963,camelot_v3,1.000003453158577,1.0000206851,0.344632
2026-05-29T01:19:05.370Z,2026-05-29T01:19:03.052Z,467736497,uniswap_v3,1.000037917067963,camelot_v3,1.000003453158577,1.0000206851,0.344632
2026-05-29T01:19:35.405Z,2026-05-29T01:19:32.890Z,467736620,uniswap_v3,1.000037917067963,camelot_v3,1.000003453158577,1.0000206851,0.344632
2026-05-29T01:20:02.435Z,2026-05-29T01:20:02.413Z,467736733,uniswap_v3,1.000037917067963,camelot_v3,1.000003453158577,1.0000206851,0.344632
2026-05-29T01:20:32.465Z,2026-05-29T01:20:32.210Z,467736859,uniswap_v3,1.000037917067963,camelot_v3,1.000003453158577,1.0000206851,0.344632
2026-05-29T01:21:32.530Z,2026-05-29T01:21:31.356Z,467737095,uniswap_v3,1.000037917067963,camelot_v3,1.000003453158577,1.0000206851,0.344632
2026-05-29T01:22:02.564Z,2026-05-29T01:22:01.061Z,467737212,uniswap_v3,1.000037917067963,camelot_v3,1.000003453158577,1.0000206851,0.344632
2026-05-29T01:22:32.603Z,2026-05-29T01:22:31.611Z,467737329,uniswap_v3,1.000037917067963,camelot_v3,1.000003453158577,1.0000206851,0.344632
2026-05-29T01:23:02.635Z,2026-05-29T01:23:02.406Z,467737450,uniswap_v3,1.000037917067963,camelot_v3,1.000003453158577,1.0000206851,0.344632
2026-05-29T01:23:32.675Z,2026-05-29T01:23:31.543Z,467737567,uniswap_v3,1.000037917067963,camelot_v3,1.000003453158577,1.0000206851,0.344632
2026-05-29T01:24:02.714Z,2026-05-29T01:24:01.487Z,467737687,uniswap_v3,1.000037917067963,camelot_v3,1.000003453158577,1.0000206851,0.344632
2026-05-29T01:24:32.751Z,2026-05-29T01:24:31.731Z,467737800,uniswap_v3,1.000037917067963,camelot_v3,1.000003453158577,1.0000206851,0.344632
2026-05-29T01:25:02.794Z,2026-05-29T01:25:01.449Z,467737922,uniswap_v3,1.000037917067963,camelot_v3,1.000003453158577,1.0000206851,0.344632
2026-05-29T01:25:32.831Z,2026-05-29T01:25:31.637Z,467738038,uniswap_v3,1.000037917067963,camelot_v3,1.000003453158577,1.0000206851,0.344632
2026-05-29T01:26:02.866Z,2026-05-29T01:26:01.831Z,467738162,uniswap_v3,1.000037917067963,camelot_v3,1.000003453158577,1.0000206851,0.344632
2026-05-29T01:26:32.896Z,2026-05-29T01:26:31.793Z,467738280,uniswap_v3,1.000037917067963,camelot_v3,1.000003453158577,1.0000206851,0.344632
2026-05-29T01:27:02.926Z,2026-05-29T01:27:01.831Z,467738401,uniswap_v3,1.000037917067963,camelot_v3,1.000003453158577,1.0000206851,0.344632
2026-05-29T01:27:32.957Z,2026-05-29T01:27:31.485Z,467738528,uniswap_v3,1.000037917067963,camelot_v3,1.000003453158577,1.0000206851,0.344632
2026-05-29T01:28:02.986Z,2026-05-29T01:28:01.505Z,467738647,uniswap_v3,1.000037917067963,camelot_v3,1.000003453158577,1.0000206851,0.344632
2026-05-29T01:28:33.018Z,2026-05-29T01:28:31.723Z,467738765,uniswap_v3,1.000037917067963,camelot_v3,1.000003453158577,1.0000206851,0.344632
2026-05-29T01:29:03.051Z,2026-05-29T01:29:01.698Z,467738887,uniswap_v3,1.000037917067963,camelot_v3,1.000003453158577,1.0000206851,0.344632
2026-05-29T01:29:33.087Z,2026-05-29T01:29:31.643Z,467739006,uniswap_v3,1.000037917067963,camelot_v3,1.000003453158577,1.0000206851,0.344632
2026-05-29T01:30:03.118Z,2026-05-29T01:30:01.971Z,467739125,uniswap_v3,1.000037917067963,camelot_v3,1.000003453158577,1.0000206851,0.344632
2026-05-29T01:30:33.151Z,2026-05-29T01:30:31.915Z,467739244,uniswap_v3,1.000037917067963,camelot_v3,1.000003453158577,1.0000206851,0.344632
2026-05-29T01:31:03.182Z,2026-05-29T01:31:02.248Z,467739364,uniswap_v3,1.000037917067963,camelot_v3,1.000003453158577,1.0000206851,0.344632
2026-05-29T01:31:33.212Z,2026-05-29T01:31:31.861Z,467739482,uniswap_v3,1.000037917067963,camelot_v3,1.000003453158577,1.0000206851,0.344632
2026-05-29T01:32:03.243Z,2026-05-29T01:32:01.840Z,467739600,uniswap_v3,1.0000378087108879,camelot_v3,1.000003453158577,1.0000206309,0.343548
2026-05-29T01:32:33.276Z,2026-05-29T01:32:32.125Z,467739716,uniswap_v3,1.0000378087108879,camelot_v3,1.000003453158577,1.0000206309,0.343548
2026-05-29T01:33:03.312Z,2026-05-29T01:33:02.378Z,467739840,uniswap_v3,1.0000380306127363,camelot_v3,1.000003453158577,1.0000207419,0.345767
2026-05-29T01:33:33.346Z,2026-05-29T01:33:32.631Z,467739959,uniswap_v3,1.0000380306127363,camelot_v3,1.000003453158577,1.0000207419,0.345767
2026-05-29T01:34:03.382Z,2026-05-29T01:34:02.349Z,467740084,uniswap_v3,1.0000380306127363,camelot_v3,1.000003453158577,1.0000207419,0.345767
2026-05-29T01:34:33.418Z,2026-05-29T01:34:32.356Z,467740198,uniswap_v3,1.0000380306127363,camelot_v3,1.000003453158577,1.0000207419,0.345767
2026-05-29T01:35:03.454Z,2026-05-29T01:35:01.379Z,467740318,uniswap_v3,1.0000380306127363,camelot_v3,1.000003453158577,1.0000207419,0.345767
2026-05-29T01:35:33.485Z,2026-05-29T01:35:31.746Z,467740436,uniswap_v3,1.0000380306127363,camelot_v3,1.000003453158577,1.0000207419,0.345767
2026-05-29T01:36:03.521Z,2026-05-29T01:36:01.485Z,467740554,uniswap_v3,1.0000380306127363,camelot_v3,1.000003453158577,1.0000207419,0.345767
2026-05-29T01:36:33.556Z,2026-05-29T01:36:31.689Z,467740673,uniswap_v3,1.0000380306127363,camelot_v3,1.000003453158577,1.0000207419,0.345767
2026-05-29T01:37:03.591Z,2026-05-29T01:37:01.496Z,467740793,uniswap_v3,1.0000380306127363,camelot_v3,1.000003453158577,1.0000207419,0.345767
2026-05-29T01:37:33.626Z,2026-05-29T01:37:31.796Z,467740910,uniswap_v3,1.0000380306127363,camelot_v3,1.000003453158577,1.0000207419,0.345767
2026-05-29T01:38:03.663Z,2026-05-29T01:38:01.673Z,467741031,uniswap_v3,1.0000380306127363,camelot_v3,0.9999913632156309,1.0000146969,0.466667
2026-05-29T01:38:33.698Z,2026-05-29T01:38:31.849Z,467741149,uniswap_v3,1.0000380306127363,camelot_v3,0.9999913632156309,1.0000146969,0.466667
2026-05-29T01:39:03.738Z,2026-05-29T01:39:01.810Z,467741271,uniswap_v3,1.0000380306127363,camelot_v3,0.9999913632156309,1.0000146969,0.466667
2026-05-29T01:39:33.767Z,2026-05-29T01:39:31.496Z,467741387,uniswap_v3,1.0000380306127363,camelot_v3,0.9999913632156309,1.0000146969,0.466667
2026-05-29T01:40:03.802Z,2026-05-29T01:40:01.935Z,467741516,uniswap_v3,1.0000380306127363,camelot_v3,0.9999913632156309,1.0000146969,0.466667
2026-05-29T01:40:33.836Z,2026-05-29T01:40:31.687Z,467741636,uniswap_v3,1.0000380306127363,camelot_v3,0.9999913632156309,1.0000146969,0.466667
2026-05-29T01:41:03.871Z,2026-05-29T01:41:01.970Z,467741751,uniswap_v3,1.000037927415246,camelot_v3,0.9999913632156309,1.0000146453,0.465635
2026-05-29T01:41:33.903Z,2026-05-29T01:41:32.033Z,467741874,uniswap_v3,1.000037927415246,camelot_v3,0.9999913632156309,1.0000146453,0.465635
2026-05-29T01:42:03.936Z,2026-05-29T01:42:01.772Z,467741989,uniswap_v3,1.000037927415246,camelot_v3,0.9999913632156309,1.0000146453,0.465635
2026-05-29T01:42:33.967Z,2026-05-29T01:42:31.983Z,467742109,uniswap_v3,1.000037927415246,camelot_v3,0.9999913632156309,1.0000146453,0.465635
2026-05-29T01:43:03.996Z,2026-05-29T01:43:02.573Z,467742225,uniswap_v3,1.000037927415246,camelot_v3,0.9999913632156309,1.0000146453,0.465635
2026-05-29T01:43:34.026Z,2026-05-29T01:43:32.077Z,467742345,uniswap_v3,1.000037927415246,camelot_v3,0.9999913632156309,1.0000146453,0.465635
2026-05-29T01:44:04.057Z,2026-05-29T01:44:01.696Z,467742464,uniswap_v3,1.0000344111410102,camelot_v3,0.9999913632156309,1.0000128872,0.430474
2026-05-29T01:44:34.091Z,2026-05-29T01:44:31.951Z,467742584,uniswap_v3,1.0000343088483543,camelot_v3,0.9999913632156309,1.000012836,0.429451
2026-05-29T01:45:04.122Z,2026-05-29T01:45:01.763Z,467742697,uniswap_v3,1.0000343088483543,camelot_v3,0.9999913632156309,1.000012836,0.429451
2026-05-29T01:45:34.152Z,2026-05-29T01:45:32.322Z,467742813,uniswap_v3,1.0000343088483543,camelot_v3,0.9999913632156309,1.000012836,0.429451
2026-05-29T01:46:04.187Z,2026-05-29T01:46:02.357Z,467742939,uniswap_v3,1.0000343088483543,camelot_v3,0.9999913632156309,1.000012836,0.429451
2026-05-29T01:46:34.218Z,2026-05-29T01:46:31.908Z,467743060,uniswap_v3,1.0000343088483543,camelot_v3,0.9999913632156309,1.000012836,0.429451
2026-05-29T01:47:04.251Z,2026-05-29T01:47:02.321Z,467743181,uniswap_v3,1.0000343088483543,camelot_v3,0.9999913632156309,1.000012836,0.429451
2026-05-29T01:47:34.283Z,2026-05-29T01:47:32.428Z,467743299,uniswap_v3,1.0000343088483543,camelot_v3,0.9999913632156309,1.000012836,0.429451
2026-05-29T01:48:04.319Z,2026-05-29T01:48:02.265Z,467743420,uniswap_v3,1.0000343088483543,camelot_v3,0.9999913632156309,1.000012836,0.429451
2026-05-29T01:48:34.352Z,2026-05-29T01:48:32.117Z,467743534,uniswap_v3,1.0000343088483543,camelot_v3,0.9999913632156309,1.000012836,0.429451
2026-05-29T01:49:01.384Z,2026-05-29T01:49:01.035Z,467743653,uniswap_v3,1.0000343088483543,camelot_v3,0.9999913632156309,1.000012836,0.429451
2026-05-29T01:49:31.415Z,2026-05-29T01:49:31.114Z,467743770,uniswap_v3,1.0000343088483543,camelot_v3,0.9999913632156309,1.000012836,0.429451
2026-05-29T01:50:04.452Z,2026-05-29T01:50:01.518Z,467743890,uniswap_v3,1.0000343088483543,camelot_v3,0.9999913632156309,1.000012836,0.429451
2026-05-29T01:50:31.481Z,2026-05-29T01:50:31.399Z,467744012,uniswap_v3,1.0000343088483543,camelot_v3,0.9999913632156309,1.000012836,0.429451
2026-05-29T01:51:01.515Z,2026-05-29T01:51:01.256Z,467744129,uniswap_v3,1.0000343088483543,camelot_v3,0.9999913632156309,1.000012836,0.429451
2026-05-29T01:51:34.551Z,2026-05-29T01:51:31.665Z,467744249,uniswap_v3,1.0000343088483543,camelot_v3,0.9999913632156309,1.000012836,0.429451
2026-05-29T01:52:04.589Z,2026-05-29T01:52:03.044Z,467744370,uniswap_v3,1.0000343088483543,camelot_v3,0.9999913632156309,1.000012836,0.429451
2026-05-29T01:52:34.626Z,2026-05-29T01:52:31.762Z,467744491,uniswap_v3,1.0000343088483543,camelot_v3,0.9999913632156309,1.000012836,0.429451
2026-05-29T01:53:04.663Z,2026-05-29T01:53:01.810Z,467744611,uniswap_v3,1.0000343088483543,camelot_v3,0.9999913632156309,1.000012836,0.429451
2026-05-29T01:53:34.700Z,2026-05-29T01:53:31.786Z,467744728,uniswap_v3,1.0000343088483543,camelot_v3,0.9999913632156309,1.000012836,0.429451
2026-05-29T01:54:04.737Z,2026-05-29T01:54:02.213Z,467744846,uniswap_v3,1.0000343088483543,camelot_v3,0.9999913632156309,1.000012836,0.429451
2026-05-29T01:54:34.775Z,2026-05-29T01:54:31.859Z,467744962,uniswap_v3,1.0000343088483543,camelot_v3,0.9999913632156309,1.000012836,0.429451
2026-05-29T01:55:01.811Z,2026-05-29T01:55:01.791Z,467745083,uniswap_v3,1.0000343088483543,camelot_v3,0.9999913632156309,1.000012836,0.429451
2026-05-29T01:55:34.852Z,2026-05-29T01:55:31.866Z,467745199,uniswap_v3,1.0000343088483543,camelot_v3,0.9999913632156309,1.000012836,0.429451
2026-05-29T01:56:04.887Z,2026-05-29T01:56:02.245Z,467745321,uniswap_v3,1.0000343088483543,camelot_v3,0.9999913632156309,1.000012836,0.429451
2026-05-29T01:56:34.916Z,2026-05-29T01:56:32.152Z,467745435,uniswap_v3,1.0000343088483543,camelot_v3,0.9999913632156309,1.000012836,0.429451
2026-05-29T01:57:04.947Z,2026-05-29T01:57:02.200Z,467745558,uniswap_v3,1.0000343088483543,camelot_v3,0.9999913632156309,1.000012836,0.429451
2026-05-29T01:57:34.978Z,2026-05-29T01:57:32.703Z,467745674,uniswap_v3,1.0000343088483543,camelot_v3,0.9999913632156309,1.000012836,0.429451
2026-05-29T01:58:05.008Z,2026-05-29T01:58:02.245Z,467745797,uniswap_v3,1.0000343088483543,camelot_v3,0.9999913632156309,1.000012836,0.429451
2026-05-29T01:58:35.039Z,2026-05-29T01:58:32.244Z,467745911,uniswap_v3,1.0000343088483543,camelot_v3,0.9999913632156309,1.000012836,0.429451
2026-05-29T01:59:05.067Z,2026-05-29T01:59:02.452Z,467746036,uniswap_v3,1.0000343088483543,camelot_v3,0.9999913632156309,1.000012836,0.429451
2026-05-29T01:59:32.093Z,2026-05-29T01:59:32.065Z,467746160,uniswap_v3,1.0000343088483543,camelot_v3,0.9999913632156309,1.000012836,0.429451
2026-05-29T02:00:05.128Z,2026-05-29T02:00:02.263Z,467746277,uniswap_v3,1.0000343088483543,camelot_v3,0.9999913632156309,1.000012836,0.429451
2026-05-29T02:00:35.160Z,2026-05-29T02:00:32.687Z,467746399,uniswap_v3,1.0000343088483543,camelot_v3,0.9999913632156309,1.000012836,0.429451
2026-05-29T02:01:05.192Z,2026-05-29T02:01:02.364Z,467746516,uniswap_v3,1.0000343088483543,camelot_v3,0.9999913632156309,1.000012836,0.429451
2026-05-29T02:01:35.223Z,2026-05-29T02:01:32.588Z,467746635,uniswap_v3,1.0000343088483543,camelot_v3,0.9999913632156309,1.000012836,0.429451
2026-05-29T02:02:05.253Z,2026-05-29T02:02:02.482Z,467746756,uniswap_v3,1.0000343088483543,camelot_v3,0.9999913632156309,1.000012836,0.429451
2026-05-29T02:02:32.283Z,2026-05-29T02:02:31.568Z,467746871,uniswap_v3,1.0000343088483543,camelot_v3,0.9999913632156309,1.000012836,0.429451
2026-05-29T02:03:02.310Z,2026-05-29T02:03:01.521Z,467746992,uniswap_v3,1.0000343088483543,camelot_v3,0.9999913632156309,1.000012836,0.429451
2026-05-29T02:03:35.353Z,2026-05-29T02:03:32.534Z,467747111,uniswap_v3,1.0000343088483543,camelot_v3,0.9999913632156309,1.000012836,0.429451
2026-05-29T02:04:02.381Z,2026-05-29T02:04:01.729Z,467747232,uniswap_v3,1.0000343088483543,camelot_v3,0.9999913632156309,1.000012836,0.429451
2026-05-29T02:04:32.416Z,2026-05-29T02:04:31.356Z,467747348,uniswap_v3,1.0000343088483543,camelot_v3,0.9999913632156309,1.000012836,0.429451
2026-05-29T02:05:02.449Z,2026-05-29T02:05:01.715Z,467747470,uniswap_v3,1.0000343088483543,camelot_v3,0.9999913632156309,1.000012836,0.429451
2026-05-29T02:05:32.480Z,2026-05-29T02:05:31.877Z,467747588,uniswap_v3,1.0000343088483543,camelot_v3,0.9999913632156309,1.000012836,0.429451
2026-05-29T02:06:02.514Z,2026-05-29T02:06:01.756Z,467747711,uniswap_v3,1.0000343088483543,camelot_v3,0.9999913632156309,1.000012836,0.429451
2026-05-29T02:06:32.551Z,2026-05-29T02:06:31.832Z,467747826,uniswap_v3,1.0000343088483543,camelot_v3,0.9999913632156309,1.000012836,0.429451
2026-05-29T02:07:02.587Z,2026-05-29T02:07:02.277Z,467747949,uniswap_v3,1.0000343088483543,camelot_v3,0.9999913632156309,1.000012836,0.429451
2026-05-29T02:07:32.625Z,2026-05-29T02:07:31.658Z,467748066,uniswap_v3,1.0000343088483543,camelot_v3,0.9999913632156309,1.000012836,0.429451
2026-05-29T02:08:02.661Z,2026-05-29T02:08:02.172Z,467748183,uniswap_v3,1.0000343088483543,camelot_v3,0.9999913632156309,1.000012836,0.429451
2026-05-29T02:08:32.698Z,2026-05-29T02:08:31.644Z,467748305,uniswap_v3,1.0000343088483543,camelot_v3,0.9999913632156309,1.000012836,0.429451
2026-05-29T02:09:02.733Z,2026-05-29T02:09:01.698Z,467748423,uniswap_v3,1.0000343088483543,camelot_v3,0.9999913632156309,1.000012836,0.429451
2026-05-29T02:09:32.774Z,2026-05-29T02:09:31.693Z,467748538,uniswap_v3,1.0000343088483543,camelot_v3,0.9999913632156309,1.000012836,0.429451
2026-05-29T02:10:02.811Z,2026-05-29T02:10:01.955Z,467748659,uniswap_v3,1.0000343088483543,camelot_v3,0.9999913632156309,1.000012836,0.429451
2026-05-29T02:10:32.843Z,2026-05-29T02:10:31.603Z,467748778,uniswap_v3,1.0000343088483543,camelot_v3,0.9999913632156309,1.000012836,0.429451
2026-05-29T02:11:02.876Z,2026-05-29T02:11:02.104Z,467748898,uniswap_v3,1.0000343088483543,camelot_v3,0.9999913632156309,1.000012836,0.429451
2026-05-29T02:11:32.907Z,2026-05-29T02:11:32.098Z,467749014,uniswap_v3,1.0000343088483543,camelot_v3,0.9999913632156309,1.000012836,0.429451
2026-05-29T02:12:02.933Z,2026-05-29T02:12:01.687Z,467749136,uniswap_v3,1.0000343088483543,camelot_v3,0.9999913632156309,1.000012836,0.429451
2026-05-29T02:12:38.969Z,2026-05-29T02:12:38.447Z,467749257,uniswap_v3,1.0000343088483543,camelot_v3,0.9999913632156309,1.000012836,0.429451
2026-05-29T02:13:02.994Z,2026-05-29T02:13:02.058Z,467749378,uniswap_v3,1.0000343088483543,camelot_v3,0.9999913632156309,1.000012836,0.429451
2026-05-29T02:13:33.026Z,2026-05-29T02:13:32.178Z,467749492,uniswap_v3,1.0000343088483543,camelot_v3,0.9999913632156309,1.000012836,0.429451
2026-05-29T02:14:03.060Z,2026-05-29T02:14:02.508Z,467749609,uniswap_v3,1.0000343088483543,camelot_v3,0.9999913632156309,1.000012836,0.429451
2026-05-29T02:14:33.093Z,2026-05-29T02:14:32.209Z,467749726,uniswap_v3,1.0000343088483543,camelot_v3,0.9999913632156309,1.000012836,0.429451
2026-05-29T02:15:03.125Z,2026-05-29T02:15:02.649Z,467749843,uniswap_v3,1.0000343088483543,camelot_v3,0.9999913632156309,1.000012836,0.429451
2026-05-29T02:15:33.156Z,2026-05-29T02:15:32.128Z,467749962,uniswap_v3,1.0000343088483543,camelot_v3,0.9999913632156309,1.000012836,0.429451
2026-05-29T02:16:03.186Z,2026-05-29T02:16:01.535Z,467750075,uniswap_v3,1.0000343088483543,camelot_v3,0.9999913632156309,1.000012836,0.429451
2026-05-29T02:16:33.217Z,2026-05-29T02:16:31.449Z,467750194,uniswap_v3,1.0000343088483543,camelot_v3,0.9999913632156309,1.000012836,0.429451
2026-05-29T02:17:03.248Z,2026-05-29T02:17:01.475Z,467750313,uniswap_v3,1.0000343088483543,camelot_v3,0.9999913632156309,1.000012836,0.429451
2026-05-29T02:17:33.279Z,2026-05-29T02:17:31.812Z,467750431,uniswap_v3,1.0000343088483543,camelot_v3,0.9999913632156309,1.000012836,0.429451
2026-05-29T02:18:03.315Z,2026-05-29T02:18:01.682Z,467750550,uniswap_v3,1.0000343088483543,camelot_v3,0.9999913632156309,1.000012836,0.429451
2026-05-29T02:18:33.347Z,2026-05-29T02:18:31.655Z,467750670,uniswap_v3,1.0000343088483543,camelot_v3,0.9999913632156309,1.000012836,0.429451
2026-05-29T02:19:03.386Z,2026-05-29T02:19:01.767Z,467750788,uniswap_v3,1.0000343088483543,camelot_v3,0.9999913632156309,1.000012836,0.429451
2026-05-29T02:19:33.416Z,2026-05-29T02:19:31.890Z,467750902,uniswap_v3,1.0000343088483543,camelot_v3,0.9999913632156309,1.000012836,0.429451
2026-05-29T02:20:03.453Z,2026-05-29T02:20:01.710Z,467751021,uniswap_v3,1.0000343088483543,camelot_v3,0.9999913632156309,1.000012836,0.429451
2026-05-29T02:20:33.489Z,2026-05-29T02:20:31.747Z,467751140,uniswap_v3,1.0000343088483543,camelot_v3,0.9999913632156309,1.000012836,0.429451
2026-05-29T02:21:03.525Z,2026-05-29T02:21:01.911Z,467751261,uniswap_v3,1.0000343088483543,camelot_v3,0.9999913632156309,1.000012836,0.429451
2026-05-29T02:21:33.567Z,2026-05-29T02:21:31.870Z,467751380,uniswap_v3,1.0000343088483543,camelot_v3,0.9999913632156309,1.000012836,0.429451
2026-05-29T02:22:03.604Z,2026-05-29T02:22:01.987Z,467751498,uniswap_v3,1.0000343088483543,camelot_v3,0.9999913632156309,1.000012836,0.429451
2026-05-29T02:22:33.641Z,2026-05-29T02:22:31.951Z,467751618,uniswap_v3,1.0000343088483543,camelot_v3,0.9999913632156309,1.000012836,0.429451
2026-05-29T02:23:03.677Z,2026-05-29T02:23:02.020Z,467751738,uniswap_v3,1.0000343088483543,camelot_v3,0.9999913632156309,1.000012836,0.429451
2026-05-29T02:23:33.716Z,2026-05-29T02:23:31.952Z,467751858,uniswap_v3,1.0000343088483543,camelot_v3,0.9999913632156309,1.000012836,0.429451
2026-05-29T02:24:03.751Z,2026-05-29T02:24:02.325Z,467751977,uniswap_v3,1.0000343088483543,camelot_v3,0.9999913632156309,1.000012836,0.429451
2026-05-29T02:24:33.779Z,2026-05-29T02:24:32.275Z,467752097,uniswap_v3,1.0000343088483543,camelot_v3,0.9999913632156309,1.000012836,0.429451
2026-05-29T02:25:03.812Z,2026-05-29T02:25:02.778Z,467752218,uniswap_v3,1.0000343088483543,camelot_v3,0.9999913632156309,1.000012836,0.429451
2026-05-29T02:25:33.843Z,2026-05-29T02:25:32.377Z,467752338,uniswap_v3,1.0000343088483543,camelot_v3,0.999991370017396,1.0000128394,0.429383
2026-05-29T02:26:03.871Z,2026-05-29T02:26:02.396Z,467752458,uniswap_v3,1.0000343088483543,camelot_v3,0.999991370017396,1.0000128394,0.429383
2026-05-29T02:26:33.904Z,2026-05-29T02:26:32.008Z,467752578,uniswap_v3,1.0000343088483543,camelot_v3,0.999991370017396,1.0000128394,0.429383
2026-05-29T02:27:03.936Z,2026-05-29T02:27:02.070Z,467752696,uniswap_v3,1.0000343088483543,camelot_v3,0.999991370017396,1.0000128394,0.429383
2026-05-29T02:27:33.967Z,2026-05-29T02:27:32.017Z,467752816,uniswap_v3,1.0000343088483543,camelot_v3,0.999991370017396,1.0000128394,0.429383
2026-05-29T02:28:03.996Z,2026-05-29T02:28:02.014Z,467752936,uniswap_v3,1.0000343088483543,camelot_v3,0.999991370017396,1.0000128394,0.429383
2026-05-29T02:28:34.027Z,2026-05-29T02:28:32.045Z,467753056,uniswap_v3,1.0000343088483543,camelot_v3,0.999991370017396,1.0000128394,0.429383
2026-05-29T02:29:04.059Z,2026-05-29T02:29:02.239Z,467753175,uniswap_v3,1.0000343088483543,camelot_v3,0.999991370017396,1.0000128394,0.429383
2026-05-29T02:29:34.089Z,2026-05-29T02:29:31.339Z,467753291,uniswap_v3,1.0000343088483543,camelot_v3,0.999991370017396,1.0000128394,0.429383
2026-05-29T02:30:04.120Z,2026-05-29T02:30:01.277Z,467753411,uniswap_v3,1.0000343088483543,camelot_v3,0.9999916785303264,1.0000129937,0.426298
2026-05-29T02:30:34.154Z,2026-05-29T02:30:31.169Z,467753531,uniswap_v3,1.0000343088483543,camelot_v3,0.9999917910864681,1.00001305,0.425172
2026-05-29T02:31:04.188Z,2026-05-29T02:31:01.454Z,467753651,uniswap_v3,1.0000343088483543,camelot_v3,0.9999917910864681,1.00001305,0.425172
2026-05-29T02:31:34.219Z,2026-05-29T02:31:31.242Z,467753777,uniswap_v3,1.0000343088483543,camelot_v3,0.9999917910864681,1.00001305,0.425172
2026-05-29T02:32:04.251Z,2026-05-29T02:32:01.517Z,467753897,uniswap_v3,1.0000343088483543,camelot_v3,0.9999917910864681,1.00001305,0.425172
2026-05-29T02:32:34.285Z,2026-05-29T02:32:31.418Z,467754018,uniswap_v3,1.0000343088483543,camelot_v3,0.9999917910864681,1.00001305,0.425172
2026-05-29T02:33:04.320Z,2026-05-29T02:33:01.444Z,467754137,uniswap_v3,1.0000343088483543,camelot_v3,0.9999917910864681,1.00001305,0.425172
2026-05-29T02:33:34.353Z,2026-05-29T02:33:31.629Z,467754258,uniswap_v3,1.0000343088483543,camelot_v3,0.9999917910864681,1.00001305,0.425172
2026-05-29T02:34:04.389Z,2026-05-29T02:34:01.670Z,467754375,uniswap_v3,1.0000343088483543,camelot_v3,0.9999917910864681,1.00001305,0.425172
2026-05-29T02:34:34.426Z,2026-05-29T02:34:31.616Z,467754495,uniswap_v3,1.0000343088483543,camelot_v3,0.9999917910864681,1.00001305,0.425172
2026-05-29T02:35:04.461Z,2026-05-29T02:35:01.903Z,467754615,uniswap_v3,1.0000343088483543,camelot_v3,0.9999917910864681,1.00001305,0.425172
2026-05-29T02:35:34.500Z,2026-05-29T02:35:31.746Z,467754734,uniswap_v3,1.0000343088483543,camelot_v3,0.9999917910864681,1.00001305,0.425172
2026-05-29T02:36:04.541Z,2026-05-29T02:36:02.082Z,467754853,uniswap_v3,1.0000343088483543,camelot_v3,0.9999917910864681,1.00001305,0.425172
2026-05-29T02:36:34.583Z,2026-05-29T02:36:31.817Z,467754973,uniswap_v3,1.0000343088483543,camelot_v3,0.9999917910864681,1.00001305,0.425172
2026-05-29T02:37:04.622Z,2026-05-29T02:37:02.105Z,467755094,uniswap_v3,1.0000343088483543,camelot_v3,0.9999917910864681,1.00001305,0.425172
2026-05-29T02:37:34.654Z,2026-05-29T02:37:31.884Z,467755217,uniswap_v3,1.0000343088483543,camelot_v3,0.9999917910864681,1.00001305,0.425172
2026-05-29T02:38:04.687Z,2026-05-29T02:38:01.941Z,467755336,uniswap_v3,1.0000343088483543,camelot_v3,0.9999917910864681,1.00001305,0.425172
2026-05-29T02:38:34.719Z,2026-05-29T02:38:32.011Z,467755456,uniswap_v3,1.0000343088483543,camelot_v3,0.9999917910864681,1.00001305,0.425172
2026-05-29T02:39:04.748Z,2026-05-29T02:39:02.342Z,467755576,uniswap_v3,1.0000343088483543,camelot_v3,0.9999917910864681,1.00001305,0.425172
2026-05-29T02:39:34.779Z,2026-05-29T02:39:31.941Z,467755695,uniswap_v3,1.0000343088483543,camelot_v3,0.9999917910864681,1.00001305,0.425172
2026-05-29T02:40:04.809Z,2026-05-29T02:40:02.477Z,467755814,uniswap_v3,1.0000343088483543,camelot_v3,0.9999917910864681,1.00001305,0.425172
2026-05-29T02:40:34.842Z,2026-05-29T02:40:32.392Z,467755933,uniswap_v3,1.0000343088483543,camelot_v3,0.9999917910864681,1.00001305,0.425172
2026-05-29T02:41:04.869Z,2026-05-29T02:41:02.262Z,467756052,uniswap_v3,1.0000343088483543,camelot_v3,0.9999917910864681,1.00001305,0.425172
2026-05-29T02:41:34.901Z,2026-05-29T02:41:32.338Z,467756173,uniswap_v3,1.0000343088483543,camelot_v3,0.9999917910864681,1.00001305,0.425172
2026-05-29T02:42:04.931Z,2026-05-29T02:42:02.564Z,467756292,uniswap_v3,1.0000343088483543,camelot_v3,0.9999917910864681,1.00001305,0.425172
2026-05-29T02:43:01.990Z,2026-05-29T02:43:01.458Z,467756528,uniswap_v3,1.0000343088483543,camelot_v3,0.9999917910864681,1.00001305,0.425172
2026-05-29T02:43:32.023Z,2026-05-29T02:43:31.587Z,467756648,uniswap_v3,1.0000343088483543,camelot_v3,0.9999917910864681,1.00001305,0.425172
2026-05-29T02:44:02.054Z,2026-05-29T02:44:01.435Z,467756775,uniswap_v3,1.0000343088483543,camelot_v3,0.9999917910864681,1.00001305,0.425172
2026-05-29T02:44:32.087Z,2026-05-29T02:44:31.235Z,467756895,uniswap_v3,1.0000343903945088,camelot_v3,0.9999918040365915,1.0000130972,0.425858
2026-05-29T02:45:05.121Z,2026-05-29T02:45:04.354Z,467757016,uniswap_v3,1.0000343903945088,camelot_v3,0.9999918040365915,1.0000130972,0.425858
2026-05-29T02:45:32.150Z,2026-05-29T02:45:31.459Z,467757134,uniswap_v3,1.0000343903945088,camelot_v3,0.9999918040365915,1.0000130972,0.425858
2026-05-29T02:46:02.185Z,2026-05-29T02:46:01.480Z,467757254,uniswap_v3,1.0000343903945088,camelot_v3,0.9999918040365915,1.0000130972,0.425858
2026-05-29T02:46:32.213Z,2026-05-29T02:46:31.753Z,467757374,uniswap_v3,1.0000343903945088,camelot_v3,0.9999918040365915,1.0000130972,0.425858
2026-05-29T02:47:02.245Z,2026-05-29T02:47:01.664Z,467757493,uniswap_v3,1.0000343903945088,camelot_v3,0.9999918040365915,1.0000130972,0.425858
2026-05-29T02:47:32.281Z,2026-05-29T02:47:31.473Z,467757613,uniswap_v3,1.0000343903945088,camelot_v3,0.9999918040365915,1.0000130972,0.425858
2026-05-29T02:48:02.315Z,2026-05-29T02:48:01.736Z,467757732,uniswap_v3,1.0000343903945088,camelot_v3,1.0000016278840316,1.0000180091,0.327619
2026-05-29T02:48:32.352Z,2026-05-29T02:48:31.479Z,467757852,uniswap_v3,1.0000343903945088,camelot_v3,1.0000016278840316,1.0000180091,0.327619
2026-05-29T02:49:02.391Z,2026-05-29T02:49:01.618Z,467757971,uniswap_v3,1.0000343903945088,camelot_v3,1.0000016278840316,1.0000180091,0.327619
2026-05-29T02:49:32.431Z,2026-05-29T02:49:31.609Z,467758091,uniswap_v3,1.0000343903945088,camelot_v3,1.0000016278840316,1.0000180091,0.327619
2026-05-29T02:50:02.468Z,2026-05-29T02:50:01.623Z,467758210,uniswap_v3,1.0000343903945088,camelot_v3,1.0000016278840316,1.0000180091,0.327619
2026-05-29T02:50:32.504Z,2026-05-29T02:50:32.002Z,467758332,uniswap_v3,1.0000343903945088,camelot_v3,1.0000016278840316,1.0000180091,0.327619
2026-05-29T02:51:02.538Z,2026-05-29T02:51:01.968Z,467758452,uniswap_v3,1.0000343903945088,camelot_v3,1.0000016278840316,1.0000180091,0.327619
2026-05-29T02:51:32.571Z,2026-05-29T02:51:31.808Z,467758572,uniswap_v3,1.0000343903945088,camelot_v3,1.0000016278840316,1.0000180091,0.327619
2026-05-29T02:52:02.607Z,2026-05-29T02:52:02.205Z,467758693,uniswap_v3,1.0000343903945088,camelot_v3,1.0000016278840316,1.0000180091,0.327619
2026-05-29T02:52:32.636Z,2026-05-29T02:52:31.827Z,467758811,uniswap_v3,1.0000343903945088,camelot_v3,1.0000016278840316,1.0000180091,0.327619
2026-05-29T02:53:02.670Z,2026-05-29T02:53:02.173Z,467758931,uniswap_v3,1.0000343903945088,camelot_v3,1.0000016278840316,1.0000180091,0.327619
2026-05-29T02:53:32.698Z,2026-05-29T02:53:32.298Z,467759051,uniswap_v3,1.0000343903945088,camelot_v3,1.0000016278840316,1.0000180091,0.327619
2026-05-29T02:54:02.735Z,2026-05-29T02:54:02.016Z,467759169,uniswap_v3,1.0000343903945088,camelot_v3,1.0000016278840316,1.0000180091,0.327619
2026-05-29T02:54:32.769Z,2026-05-29T02:54:32.158Z,467759288,uniswap_v3,1.0000343903945088,camelot_v3,1.0000016278840316,1.0000180091,0.327619
2026-05-29T02:55:02.799Z,2026-05-29T02:55:02.194Z,467759409,uniswap_v3,1.0000343903945088,camelot_v3,1.0000025434725777,1.0000184669,0.318463
2026-05-29T02:55:32.833Z,2026-05-29T02:55:32.174Z,467759528,uniswap_v3,1.0000343903945088,camelot_v3,1.0000029392836085,1.0000186648,0.314505
2026-05-29T02:56:02.866Z,2026-05-29T02:56:02.217Z,467759648,uniswap_v3,1.0000343903945088,camelot_v3,1.0000029392836085,1.0000186648,0.314505
2026-05-29T02:56:32.899Z,2026-05-29T02:56:31.253Z,467759764,uniswap_v3,1.0000343903945088,camelot_v3,1.0000029392836085,1.0000186648,0.314505
2026-05-29T02:57:02.934Z,2026-05-29T02:57:01.667Z,467759889,uniswap_v3,1.0000343903945088,camelot_v3,1.0000029397778307,1.0000186651,0.3145
2026-05-29T02:57:32.964Z,2026-05-29T02:57:31.792Z,467760010,uniswap_v3,1.0000343903945088,camelot_v3,1.0000029397778307,1.0000186651,0.3145
2026-05-29T02:58:02.993Z,2026-05-29T02:58:01.765Z,467760128,uniswap_v3,1.0000343903945088,camelot_v3,1.0000029397778307,1.0000186651,0.3145
2026-05-29T02:58:33.026Z,2026-05-29T02:58:31.806Z,467760249,uniswap_v3,1.0000343903945088,camelot_v3,1.0000029397778307,1.0000186651,0.3145
2026-05-29T02:59:03.060Z,2026-05-29T02:59:01.389Z,467760366,uniswap_v3,1.0000343903945088,camelot_v3,1.000002957158199,1.0000186738,0.314326
2026-05-29T02:59:33.094Z,2026-05-29T02:59:31.753Z,467760486,uniswap_v3,1.0000343903945088,camelot_v3,1.000002957158199,1.0000186738,0.314326
2026-05-29T03:00:03.125Z,2026-05-29T03:00:01.507Z,467760604,uniswap_v3,1.0000343903945088,camelot_v3,1.000002957158199,1.0000186738,0.314326
2026-05-29T03:00:33.157Z,2026-05-29T03:00:31.633Z,467760724,uniswap_v3,1.0000343903945088,camelot_v3,1.000002957158199,1.0000186738,0.314326
2026-05-29T03:01:03.189Z,2026-05-29T03:01:01.606Z,467760844,uniswap_v3,1.0000343903945088,camelot_v3,1.000002957158199,1.0000186738,0.314326
2026-05-29T03:01:33.220Z,2026-05-29T03:01:31.736Z,467760963,uniswap_v3,1.0000343903945088,camelot_v3,1.000002957158199,1.0000186738,0.314326
2026-05-29T03:02:03.254Z,2026-05-29T03:02:01.644Z,467761081,uniswap_v3,1.0000343903945088,camelot_v3,1.000002957158199,1.0000186738,0.314326
2026-05-29T03:02:33.290Z,2026-05-29T03:02:31.976Z,467761201,uniswap_v3,1.0000343903945088,camelot_v3,1.000002957158199,1.0000186738,0.314326
2026-05-29T03:03:03.328Z,2026-05-29T03:03:02.006Z,467761327,uniswap_v3,1.0000343374112397,camelot_v3,1.0000029601502705,1.0000186488,0.313767
2026-05-29T03:03:33.370Z,2026-05-29T03:03:32.353Z,467761447,uniswap_v3,1.0000343374112397,camelot_v3,1.0000029671606392,1.0000186523,0.313697
2026-05-29T03:04:03.413Z,2026-05-29T03:04:01.948Z,467761566,uniswap_v3,1.0000343374112397,camelot_v3,1.0000029671606392,1.0000186523,0.313697
2026-05-29T03:04:33.455Z,2026-05-29T03:04:31.910Z,467761686,uniswap_v3,1.0000343374112397,camelot_v3,1.0000029671606392,1.0000186523,0.313697
2026-05-29T03:05:03.485Z,2026-05-29T03:05:02.008Z,467761805,uniswap_v3,1.0000343374112397,camelot_v3,1.0000029671606392,1.0000186523,0.313697
2026-05-29T03:05:33.518Z,2026-05-29T03:05:32.613Z,467761926,uniswap_v3,1.0000343374112397,camelot_v3,1.0000029671606392,1.0000186523,0.313697
2026-05-29T03:06:03.549Z,2026-05-29T03:06:01.877Z,467762044,uniswap_v3,1.0000343374112397,camelot_v3,1.0000029671606392,1.0000186523,0.313697
2026-05-29T03:06:33.582Z,2026-05-29T03:06:31.821Z,467762163,uniswap_v3,1.000034429501244,camelot_v3,1.0000029671606392,1.0000186983,0.314618
2026-05-29T03:07:03.613Z,2026-05-29T03:07:01.966Z,467762283,uniswap_v3,1.000034429501244,camelot_v3,1.0000029671606392,1.0000186983,0.314618
2026-05-29T03:07:33.637Z,2026-05-29T03:07:32.120Z,467762403,uniswap_v3,1.000034429501244,camelot_v3,1.0000029671606392,1.0000186983,0.314618
2026-05-29T03:08:03.669Z,2026-05-29T03:08:02.091Z,467762523,uniswap_v3,1.000034429501244,camelot_v3,1.0000029671606392,1.0000186983,0.314618
2026-05-29T03:08:33.701Z,2026-05-29T03:08:32.262Z,467762642,uniswap_v3,1.000034429501244,camelot_v3,1.0000029671606392,1.0000186983,0.314618
2026-05-29T03:09:03.733Z,2026-05-29T03:09:02.067Z,467762762,uniswap_v3,1.000034429501244,camelot_v3,1.0000029671606392,1.0000186983,0.314618
2026-05-29T03:09:33.766Z,2026-05-29T03:09:32.189Z,467762884,uniswap_v3,1.000034429501244,camelot_v3,1.0000029671606392,1.0000186983,0.314618
2026-05-29T03:10:03.800Z,2026-05-29T03:10:02.086Z,467763004,uniswap_v3,1.000034429501244,camelot_v3,1.0000029671606392,1.0000186983,0.314618
2026-05-29T03:10:33.826Z,2026-05-29T03:10:31.094Z,467763120,uniswap_v3,1.000034429501244,camelot_v3,1.0000029671606392,1.0000186983,0.314618
2026-05-29T03:11:03.858Z,2026-05-29T03:11:01.368Z,467763240,uniswap_v3,1.000034429501244,camelot_v3,1.0000029671606392,1.0000186983,0.314618
2026-05-29T03:11:33.891Z,2026-05-29T03:11:31.614Z,467763360,uniswap_v3,1.000034429501244,camelot_v3,1.0000029671606392,1.0000186983,0.314618
2026-05-29T03:12:03.921Z,2026-05-29T03:12:01.380Z,467763480,uniswap_v3,1.000034429501244,camelot_v3,1.0000029671606392,1.0000186983,0.314618
2026-05-29T03:12:33.951Z,2026-05-29T03:12:31.433Z,467763600,uniswap_v3,1.000034429501244,camelot_v3,1.0000029671606392,1.0000186983,0.314618
2026-05-29T03:13:03.985Z,2026-05-29T03:13:01.560Z,467763720,uniswap_v3,1.000034429501244,camelot_v3,1.0000029671606392,1.0000186983,0.314618
2026-05-29T03:13:34.016Z,2026-05-29T03:13:31.821Z,467763839,uniswap_v3,1.000034429501244,camelot_v3,1.0000029552642133,1.0000186924,0.314736
2026-05-29T03:14:04.045Z,2026-05-29T03:14:01.971Z,467763957,uniswap_v3,1.000034429501244,camelot_v3,1.0000029552642133,1.0000186924,0.314736
2026-05-29T03:14:34.082Z,2026-05-29T03:14:31.770Z,467764077,uniswap_v3,1.0000343263043112,camelot_v3,1.0000029552642133,1.0000186408,0.313705
2026-05-29T03:15:04.114Z,2026-05-29T03:15:01.580Z,467764197,uniswap_v3,1.0000343263043112,camelot_v3,1.0000029552642133,1.0000186408,0.313705
2026-05-29T03:15:34.147Z,2026-05-29T03:15:31.622Z,467764316,uniswap_v3,1.0000343263043112,camelot_v3,1.0000029552642133,1.0000186408,0.313705
2026-05-29T03:16:04.178Z,2026-05-29T03:16:01.700Z,467764444,uniswap_v3,1.0000343263043112,camelot_v3,1.0000029552642133,1.0000186408,0.313705
2026-05-29T03:16:34.211Z,2026-05-29T03:16:31.704Z,467764563,uniswap_v3,1.0000343263043112,camelot_v3,1.0000029552642133,1.0000186408,0.313705
2026-05-29T03:17:04.242Z,2026-05-29T03:17:01.787Z,467764682,uniswap_v3,1.0000343263043112,camelot_v3,1.0000029552642133,1.0000186408,0.313705
2026-05-29T03:17:34.276Z,2026-05-29T03:17:32.148Z,467764801,uniswap_v3,1.0000343263043112,camelot_v3,1.0000029552642133,1.0000186408,0.313705
2026-05-29T03:18:04.317Z,2026-05-29T03:18:02.304Z,467764921,uniswap_v3,1.0000343263043112,camelot_v3,1.0000029552642133,1.0000186408,0.313705
2026-05-29T03:18:34.354Z,2026-05-29T03:18:32.601Z,467765042,uniswap_v3,1.0000343263043112,camelot_v3,1.0000029552642133,1.0000186408,0.313705
2026-05-29T03:19:04.388Z,2026-05-29T03:19:02.100Z,467765161,uniswap_v3,1.0000343263043112,camelot_v3,1.0000029552642133,1.0000186408,0.313705
2026-05-29T03:19:34.422Z,2026-05-29T03:19:34.003Z,467765280,uniswap_v3,1.0000345056806101,camelot_v3,1.0000029552642133,1.0000187305,0.315498
2026-05-29T03:20:04.454Z,2026-05-29T03:20:01.892Z,467765400,uniswap_v3,1.0000345056806101,camelot_v3,1.0000029552642133,1.0000187305,0.315498
2026-05-29T03:20:34.485Z,2026-05-29T03:20:32.179Z,467765520,uniswap_v3,1.0000345056806101,camelot_v3,1.0000029552642133,1.0000187305,0.315498
2026-05-29T03:21:04.514Z,2026-05-29T03:21:02.147Z,467765639,uniswap_v3,1.0000345056806101,camelot_v3,1.0000029552642133,1.0000187305,0.315498
2026-05-29T03:21:34.550Z,2026-05-29T03:21:32.176Z,467765759,uniswap_v3,1.0000345056806101,camelot_v3,1.0000029552642133,1.0000187305,0.315498
2026-05-29T03:22:04.582Z,2026-05-29T03:22:02.409Z,467765878,uniswap_v3,1.0000345056806101,camelot_v3,1.0000029552642133,1.0000187305,0.315498
2026-05-29T03:22:34.615Z,2026-05-29T03:22:32.588Z,467766001,uniswap_v3,1.0000345056806101,camelot_v3,1.0000029552642133,1.0000187305,0.315498
2026-05-29T03:23:04.651Z,2026-05-29T03:23:02.571Z,467766121,uniswap_v3,1.0000345056806101,camelot_v3,1.0000029552642133,1.0000187305,0.315498
2026-05-29T03:23:34.687Z,2026-05-29T03:23:32.370Z,467766240,uniswap_v3,1.0000345056806101,camelot_v3,1.0000029552642133,1.0000187305,0.315498
2026-05-29T03:24:01.717Z,2026-05-29T03:24:01.491Z,467766353,uniswap_v3,1.0000345056806101,camelot_v3,1.0000029552642133,1.0000187305,0.315498
2026-05-29T03:24:31.752Z,2026-05-29T03:24:31.339Z,467766473,uniswap_v3,1.0000345056806101,camelot_v3,1.0000029552642133,1.0000187305,0.315498
2026-05-29T03:25:04.784Z,2026-05-29T03:25:01.810Z,467766593,uniswap_v3,1.0000345056806101,camelot_v3,1.0000029552642133,1.0000187305,0.315498
2026-05-29T03:25:31.807Z,2026-05-29T03:25:31.505Z,467766713,uniswap_v3,1.0000345056806101,camelot_v3,1.0000029552642133,1.0000187305,0.315498
2026-05-29T03:26:07.848Z,2026-05-29T03:26:06.400Z,467766835,uniswap_v3,1.0000345056806101,camelot_v3,1.0000029552642133,1.0000187305,0.315498
2026-05-29T03:26:31.874Z,2026-05-29T03:26:31.277Z,467766951,uniswap_v3,1.0000345056806101,camelot_v3,1.0000029552642133,1.0000187305,0.315498
2026-05-29T03:27:01.905Z,2026-05-29T03:27:01.333Z,467767071,uniswap_v3,1.0000345056806101,camelot_v3,1.0000029552642133,1.0000187305,0.315498
2026-05-29T03:27:31.939Z,2026-05-29T03:27:31.345Z,467767191,uniswap_v3,1.0000345056806101,camelot_v3,1.0000029552642133,1.0000187305,0.315498
2026-05-29T03:28:01.970Z,2026-05-29T03:28:01.342Z,467767310,uniswap_v3,1.0000345056806101,camelot_v3,1.0000029572362805,1.0000187315,0.315479
2026-05-29T03:28:32.003Z,2026-05-29T03:28:31.522Z,467767430,uniswap_v3,1.0000345056806101,camelot_v3,1.0000029572362805,1.0000187315,0.315479
2026-05-29T03:29:02.033Z,2026-05-29T03:29:01.578Z,467767551,uniswap_v3,1.0000345056806101,camelot_v3,1.0000029572362805,1.0000187315,0.315479
2026-05-29T03:29:32.068Z,2026-05-29T03:29:31.533Z,467767669,uniswap_v3,1.0000345056806101,camelot_v3,1.0000029572362805,1.0000187315,0.315479
2026-05-29T03:30:02.102Z,2026-05-29T03:30:01.625Z,467767791,uniswap_v3,1.0000345056806101,camelot_v3,1.0000029572362805,1.0000187315,0.315479
2026-05-29T03:30:32.133Z,2026-05-29T03:30:31.928Z,467767911,uniswap_v3,1.0000345056806101,camelot_v3,1.0000029572362805,1.0000187315,0.315479
2026-05-29T03:31:02.167Z,2026-05-29T03:31:01.697Z,467768031,uniswap_v3,1.0000345056806101,camelot_v3,1.0000029583005465,1.000018732,0.315468
2026-05-29T03:31:32.205Z,2026-05-29T03:31:31.633Z,467768151,uniswap_v3,1.0000345056806101,camelot_v3,1.0000029583005465,1.000018732,0.315468
2026-05-29T03:32:02.240Z,2026-05-29T03:32:01.934Z,467768271,uniswap_v3,1.0000345056806101,camelot_v3,1.0000029583005465,1.000018732,0.315468
2026-05-29T03:32:32.278Z,2026-05-29T03:32:31.760Z,467768390,uniswap_v3,1.0000345056806101,camelot_v3,1.0000029583005465,1.000018732,0.315468
2026-05-29T03:33:02.311Z,2026-05-29T03:33:01.756Z,467768510,uniswap_v3,1.0000345056806101,camelot_v3,1.0000029583005465,1.000018732,0.315468
2026-05-29T03:33:32.343Z,2026-05-29T03:33:31.772Z,467768630,uniswap_v3,1.0000345056806101,camelot_v3,1.0000029583005465,1.000018732,0.315468
2026-05-29T03:34:02.375Z,2026-05-29T03:34:02.149Z,467768750,uniswap_v3,1.0000345056806101,camelot_v3,1.0000029583005465,1.000018732,0.315468
2026-05-29T03:34:35.413Z,2026-05-29T03:34:32.411Z,467768868,uniswap_v3,1.0000345056806101,camelot_v3,1.0000029583005465,1.000018732,0.315468
2026-05-29T03:35:02.446Z,2026-05-29T03:35:02.282Z,467768987,uniswap_v3,1.0000345056806101,camelot_v3,1.0000029583005465,1.000018732,0.315468
2026-05-29T03:35:32.478Z,2026-05-29T03:35:31.955Z,467769110,uniswap_v3,1.0000345056806101,camelot_v3,1.0000029583005465,1.000018732,0.315468
2026-05-29T03:36:02.512Z,2026-05-29T03:36:02.100Z,467769229,uniswap_v3,1.0000345056806101,camelot_v3,1.0000029583005465,1.000018732,0.315468
2026-05-29T03:36:32.548Z,2026-05-29T03:36:32.138Z,467769349,uniswap_v3,1.0000345056806101,camelot_v3,1.0000029583005465,1.000018732,0.315468
2026-05-29T03:37:05.581Z,2026-05-29T03:37:02.818Z,467769469,uniswap_v3,1.0000345056806101,camelot_v3,1.0000029583005465,1.000018732,0.315468
2026-05-29T03:37:32.612Z,2026-05-29T03:37:31.391Z,467769585,uniswap_v3,1.0000345056806101,camelot_v3,1.0000029583005465,1.000018732,0.315468
2026-05-29T03:38:02.647Z,2026-05-29T03:38:01.907Z,467769703,uniswap_v3,1.0000345056806101,camelot_v3,1.0000029583005465,1.000018732,0.315468
2026-05-29T03:38:32.678Z,2026-05-29T03:38:31.928Z,467769822,uniswap_v3,1.0000345056806101,camelot_v3,1.0000029583005465,1.000018732,0.315468
2026-05-29T03:39:02.707Z,2026-05-29T03:39:01.960Z,467769943,uniswap_v3,1.0000345056806101,camelot_v3,1.0000029583005465,1.000018732,0.315468
2026-05-29T03:39:32.740Z,2026-05-29T03:39:31.978Z,467770063,uniswap_v3,1.0000345056806101,camelot_v3,1.0000029583005465,1.000018732,0.315468
2026-05-29T03:40:08.777Z,2026-05-29T03:40:07.707Z,467770184,uniswap_v3,1.0000345056806101,camelot_v3,1.0000029583005465,1.000018732,0.315468
2026-05-29T03:40:32.804Z,2026-05-29T03:40:31.457Z,467770303,uniswap_v3,1.0000345056806101,camelot_v3,1.0000029583005465,1.000018732,0.315468
2026-05-29T03:41:02.838Z,2026-05-29T03:41:01.350Z,467770422,uniswap_v3,1.0000345056806101,camelot_v3,1.0000029583005465,1.000018732,0.315468
2026-05-29T03:41:32.872Z,2026-05-29T03:41:31.425Z,467770550,uniswap_v3,1.0000345056806101,camelot_v3,1.0000029583005465,1.000018732,0.315468
2026-05-29T03:42:02.906Z,2026-05-29T03:42:01.613Z,467770668,uniswap_v3,1.0000345056806101,camelot_v3,1.0000029583005465,1.000018732,0.315468
2026-05-29T03:42:32.938Z,2026-05-29T03:42:31.660Z,467770785,uniswap_v3,1.0000345056806101,camelot_v3,1.0000029583005465,1.000018732,0.315468
2026-05-29T03:43:02.970Z,2026-05-29T03:43:01.540Z,467770904,uniswap_v3,1.0000345056806101,camelot_v3,1.0000029583005465,1.000018732,0.315468
2026-05-29T03:43:33.002Z,2026-05-29T03:43:31.521Z,467771024,uniswap_v3,1.0000345056806101,camelot_v3,1.0000029583005465,1.000018732,0.315468
2026-05-29T03:44:03.035Z,2026-05-29T03:44:01.650Z,467771144,uniswap_v3,1.0000345056806101,camelot_v3,1.0000029583005465,1.000018732,0.315468
2026-05-29T03:44:33.068Z,2026-05-29T03:44:31.719Z,467771264,uniswap_v3,1.0000345056806101,camelot_v3,1.0000029583005465,1.000018732,0.315468
2026-05-29T03:45:03.106Z,2026-05-29T03:45:01.650Z,467771383,uniswap_v3,1.0000345056806101,camelot_v3,1.0000029583005465,1.000018732,0.315468
2026-05-29T03:45:33.136Z,2026-05-29T03:45:31.784Z,467771502,uniswap_v3,1.0000345056806101,camelot_v3,1.0000029583005465,1.000018732,0.315468
2026-05-29T03:46:03.172Z,2026-05-29T03:46:01.823Z,467771622,uniswap_v3,1.0000345056806101,camelot_v3,1.0000029583005465,1.000018732,0.315468
2026-05-29T03:46:33.207Z,2026-05-29T03:46:31.980Z,467771743,uniswap_v3,1.0000345056806101,camelot_v3,1.0000029583005465,1.000018732,0.315468
2026-05-29T03:47:03.244Z,2026-05-29T03:47:02.355Z,467771862,uniswap_v3,1.0000345056806101,camelot_v3,1.0000029583005465,1.000018732,0.315468
2026-05-29T03:47:33.273Z,2026-05-29T03:47:31.976Z,467771981,uniswap_v3,1.0000345056806101,camelot_v3,1.0000029583005465,1.000018732,0.315468
2026-05-29T03:48:03.308Z,2026-05-29T03:48:01.863Z,467772104,uniswap_v3,1.0000345056806101,camelot_v3,1.0000029583005465,1.000018732,0.315468
2026-05-29T03:48:33.340Z,2026-05-29T03:48:31.979Z,467772224,uniswap_v3,1.0000345056806101,camelot_v3,1.0000029583005465,1.000018732,0.315468
2026-05-29T03:49:03.373Z,2026-05-29T03:49:01.964Z,467772344,uniswap_v3,1.0000345056806101,camelot_v3,1.0000029583005465,1.000018732,0.315468
2026-05-29T03:49:33.408Z,2026-05-29T03:49:32.217Z,467772462,uniswap_v3,1.0000345056806101,camelot_v3,1.0000029583005465,1.000018732,0.315468
2026-05-29T03:50:03.442Z,2026-05-29T03:50:02.031Z,467772581,uniswap_v3,1.0000345056806101,camelot_v3,1.0000029583005465,1.000018732,0.315468
2026-05-29T03:50:33.474Z,2026-05-29T03:50:32.745Z,467772701,uniswap_v3,1.0000345056806101,camelot_v3,1.0000029583005465,1.000018732,0.315468
2026-05-29T03:51:03.506Z,2026-05-29T03:51:00.992Z,467772816,uniswap_v3,1.0000345056806101,camelot_v3,1.0000029583005465,1.000018732,0.315468
2026-05-29T03:51:33.536Z,2026-05-29T03:51:31.110Z,467772936,uniswap_v3,1.000034509151402,camelot_v3,1.0000029583005465,1.0000187337,0.315503
2026-05-29T03:52:03.569Z,2026-05-29T03:52:01.048Z,467773055,uniswap_v3,1.000034509151402,camelot_v3,1.0000029583005465,1.0000187337,0.315503
2026-05-29T03:52:33.601Z,2026-05-29T03:52:31.591Z,467773176,uniswap_v3,1.000034509151402,camelot_v3,1.0000029583005465,1.0000187337,0.315503
2026-05-29T03:53:03.634Z,2026-05-29T03:53:01.657Z,467773296,uniswap_v3,1.000034509151402,camelot_v3,1.0000029583005465,1.0000187337,0.315503
2026-05-29T03:53:33.666Z,2026-05-29T03:53:31.276Z,467773416,uniswap_v3,1.000034509151402,camelot_v3,1.0000029646069526,1.0000187369,0.31544
2026-05-29T03:54:03.700Z,2026-05-29T03:54:01.907Z,467773535,uniswap_v3,1.000034509151402,camelot_v3,1.0000029646069526,1.0000187369,0.31544
2026-05-29T03:54:33.737Z,2026-05-29T03:54:31.309Z,467773656,uniswap_v3,1.000034509151402,camelot_v3,1.0000029646069526,1.0000187369,0.31544
2026-05-29T03:55:03.773Z,2026-05-29T03:55:01.527Z,467773776,uniswap_v3,1.000034509151402,camelot_v3,1.0000029646069526,1.0000187369,0.31544
2026-05-29T03:55:33.808Z,2026-05-29T03:55:31.476Z,467773896,uniswap_v3,1.000034509151402,camelot_v3,1.0000029646069526,1.0000187369,0.31544
2026-05-29T03:56:03.843Z,2026-05-29T03:56:01.574Z,467774016,uniswap_v3,1.000034509151402,camelot_v3,1.0000029646069526,1.0000187369,0.31544
2026-05-29T03:56:33.876Z,2026-05-29T03:56:31.561Z,467774135,uniswap_v3,1.000034509151402,camelot_v3,1.0000029646069526,1.0000187369,0.31544
2026-05-29T03:57:03.909Z,2026-05-29T03:57:01.656Z,467774255,uniswap_v3,1.000034509151402,camelot_v3,1.0000029646069526,1.0000187369,0.31544
2026-05-29T03:57:33.940Z,2026-05-29T03:57:31.655Z,467774374,uniswap_v3,1.000034509151402,camelot_v3,1.0000029646069526,1.0000187369,0.31544
2026-05-29T03:58:03.973Z,2026-05-29T03:58:01.644Z,467774494,uniswap_v3,1.000034509151402,camelot_v3,1.0000029646069526,1.0000187369,0.31544
2026-05-29T03:58:34.005Z,2026-05-29T03:58:31.832Z,467774614,uniswap_v3,1.000034509151402,camelot_v3,1.0000029646069526,1.0000187369,0.31544
2026-05-29T03:59:04.040Z,2026-05-29T03:59:01.854Z,467774734,uniswap_v3,1.000034509151402,camelot_v3,1.0000029646069526,1.0000187369,0.31544
2026-05-29T03:59:34.075Z,2026-05-29T03:59:32.058Z,467774853,uniswap_v3,1.000034509151402,camelot_v3,1.0000029646069526,1.0000187369,0.31544
2026-05-29T04:00:04.107Z,2026-05-29T04:00:02.001Z,467774972,uniswap_v3,1.000034509151402,camelot_v3,1.0000029646069526,1.0000187369,0.31544
2026-05-29T04:00:34.144Z,2026-05-29T04:00:31.932Z,467775092,uniswap_v3,1.000034509151402,camelot_v3,1.0000029646069526,1.0000187369,0.31544
2026-05-29T04:01:04.180Z,2026-05-29T04:01:02.114Z,467775212,uniswap_v3,1.000034509151402,camelot_v3,1.0000029646069526,1.0000187369,0.31544
2026-05-29T04:01:34.215Z,2026-05-29T04:01:32.172Z,467775332,uniswap_v3,1.000034509151402,camelot_v3,1.0000029646069526,1.0000187369,0.31544
2026-05-29T04:02:04.247Z,2026-05-29T04:02:02.150Z,467775449,uniswap_v3,1.000034509151402,camelot_v3,1.0000029646069526,1.0000187369,0.31544
2026-05-29T04:02:34.277Z,2026-05-29T04:02:32.092Z,467775568,uniswap_v3,1.000034509151402,camelot_v3,1.0000029646069526,1.0000187369,0.31544
2026-05-29T04:03:04.308Z,2026-05-29T04:03:02.251Z,467775686,uniswap_v3,1.000034509151402,camelot_v3,1.0000029646069526,1.0000187369,0.31544
2026-05-29T04:03:34.340Z,2026-05-29T04:03:32.138Z,467775805,uniswap_v3,1.000034509151402,camelot_v3,1.0000029646069526,1.0000187369,0.31544
2026-05-29T04:04:04.368Z,2026-05-29T04:04:02.435Z,467775925,uniswap_v3,1.000034509151402,camelot_v3,1.0000029646069526,1.0000187369,0.31544
2026-05-29T04:04:31.400Z,2026-05-29T04:04:31.347Z,467776040,uniswap_v3,1.000034509151402,camelot_v3,1.0000029646069526,1.0000187369,0.31544
2026-05-29T04:05:01.431Z,2026-05-29T04:05:01.199Z,467776158,uniswap_v3,1.000034509151402,camelot_v3,1.0000029646069526,1.0000187369,0.31544
2026-05-29T04:05:34.465Z,2026-05-29T04:05:33.341Z,467776279,uniswap_v3,1.000034509151402,camelot_v3,1.0000029646069526,1.0000187369,0.31544
2026-05-29T04:06:04.497Z,2026-05-29T04:06:01.773Z,467776397,uniswap_v3,1.000034509151402,camelot_v3,1.0000029646069526,1.0000187369,0.31544
2026-05-29T04:06:34.527Z,2026-05-29T04:06:32.024Z,467776517,uniswap_v3,1.000034509151402,camelot_v3,1.0000029646069526,1.0000187369,0.31544
2026-05-29T04:07:04.559Z,2026-05-29T04:07:01.974Z,467776641,uniswap_v3,1.000034509151402,camelot_v3,1.0000029646069526,1.0000187369,0.31544
2026-05-29T04:07:34.590Z,2026-05-29T04:07:32.163Z,467776760,uniswap_v3,1.000034509151402,camelot_v3,1.0000029646069526,1.0000187369,0.31544
2026-05-29T04:08:04.626Z,2026-05-29T04:08:02.123Z,467776878,uniswap_v3,1.0000342351287446,camelot_v3,1.0000029646069526,1.0000185999,0.312699
2026-05-29T04:08:34.659Z,2026-05-29T04:08:32.224Z,467776998,uniswap_v3,1.0000342351287446,camelot_v3,1.0000030236878916,1.0000186294,0.312109
2026-05-29T04:09:04.694Z,2026-05-29T04:09:02.125Z,467777118,uniswap_v3,1.0000342351287446,camelot_v3,1.0000030236878916,1.0000186294,0.312109
2026-05-29T04:09:34.725Z,2026-05-29T04:09:31.872Z,467777236,uniswap_v3,1.0000342351287446,camelot_v3,1.0000030236878916,1.0000186294,0.312109
2026-05-29T04:10:04.758Z,2026-05-29T04:10:02.428Z,467777356,uniswap_v3,1.0000342351287446,camelot_v3,1.0000030521714736,1.0000186437,0.311824
2026-05-29T04:10:34.794Z,2026-05-29T04:10:32.030Z,467777476,uniswap_v3,1.0000342351287446,camelot_v3,1.0000030521714736,1.0000186437,0.311824
2026-05-29T04:11:01.822Z,2026-05-29T04:11:01.736Z,467777596,uniswap_v3,1.0000342351287446,camelot_v3,1.0000030521714736,1.0000186437,0.311824
2026-05-29T04:11:34.859Z,2026-05-29T04:11:31.955Z,467777715,uniswap_v3,1.0000342351287446,camelot_v3,1.0000030675392944,1.0000186513,0.31167
2026-05-29T04:12:01.893Z,2026-05-29T04:12:01.669Z,467777834,uniswap_v3,1.0000342351287446,camelot_v3,1.0000030675392944,1.0000186513,0.31167
2026-05-29T04:12:31.928Z,2026-05-29T04:12:31.789Z,467777953,uniswap_v3,1.0000342351287446,camelot_v3,1.0000030675392944,1.0000186513,0.31167
2026-05-29T04:13:01.959Z,2026-05-29T04:13:01.732Z,467778073,uniswap_v3,1.0000342351287446,camelot_v3,1.0000030675392944,1.0000186513,0.31167
2026-05-29T04:13:34.997Z,2026-05-29T04:13:32.397Z,467778196,uniswap_v3,1.0000342351287446,camelot_v3,1.0000030675392944,1.0000186513,0.31167
2026-05-29T04:14:05.029Z,2026-05-29T04:14:02.285Z,467778314,uniswap_v3,1.0000342351287446,camelot_v3,1.0000030675392944,1.0000186513,0.31167
2026-05-29T04:14:35.066Z,2026-05-29T04:14:32.089Z,467778430,uniswap_v3,1.0000342351287446,camelot_v3,1.0000030675392944,1.0000186513,0.31167
2026-05-29T04:15:02.096Z,2026-05-29T04:15:01.948Z,467778546,uniswap_v3,1.0000342351287446,camelot_v3,1.0000030675392944,1.0000186513,0.31167
2026-05-29T04:15:32.130Z,2026-05-29T04:15:31.930Z,467778666,uniswap_v3,1.0000342351287446,camelot_v3,1.0000030675392944,1.0000186513,0.31167
2026-05-29T04:16:05.169Z,2026-05-29T04:16:02.647Z,467778783,uniswap_v3,1.0000342351287446,camelot_v3,1.0000030675392944,1.0000186513,0.31167
2026-05-29T04:16:35.198Z,2026-05-29T04:16:32.435Z,467778902,uniswap_v3,1.0000342351287446,camelot_v3,1.0000030675392944,1.0000186513,0.31167
2026-05-29T04:17:02.225Z,2026-05-29T04:17:02.180Z,467779019,uniswap_v3,1.0000342351287446,camelot_v3,1.0000030675392944,1.0000186513,0.31167
2026-05-29T04:17:32.257Z,2026-05-29T04:17:31.182Z,467779135,uniswap_v3,1.0000342351287446,camelot_v3,1.0000030675392944,1.0000186513,0.31167
2026-05-29T04:18:02.286Z,2026-05-29T04:18:01.261Z,467779252,uniswap_v3,1.0000342351287446,camelot_v3,1.0000030675392944,1.0000186513,0.31167
2026-05-29T04:18:32.320Z,2026-05-29T04:18:31.601Z,467779370,uniswap_v3,1.0000342351287446,camelot_v3,1.0000030675392944,1.0000186513,0.31167
2026-05-29T04:19:02.354Z,2026-05-29T04:19:02.036Z,467779488,uniswap_v3,1.0000342351287446,camelot_v3,1.0000030675392944,1.0000186513,0.31167
2026-05-29T04:19:32.385Z,2026-05-29T04:19:32.045Z,467779606,uniswap_v3,1.0000342351287446,camelot_v3,1.0000030675392944,1.0000186513,0.31167
2026-05-29T04:20:02.417Z,2026-05-29T04:20:02.079Z,467779729,uniswap_v3,1.0000342351287446,camelot_v3,1.0000030675392944,1.0000186513,0.31167
2026-05-29T04:20:32.443Z,2026-05-29T04:20:32.013Z,467779849,uniswap_v3,1.0000342351287446,camelot_v3,1.0000030675392944,1.0000186513,0.31167
2026-05-29T04:21:02.475Z,2026-05-29T04:21:01.416Z,467779964,uniswap_v3,1.0000342351287446,camelot_v3,1.0000030675392944,1.0000186513,0.31167
2026-05-29T04:21:32.508Z,2026-05-29T04:21:31.555Z,467780084,uniswap_v3,1.0000342351287446,camelot_v3,1.0000030675392944,1.0000186513,0.31167
2026-05-29T04:22:02.537Z,2026-05-29T04:22:01.600Z,467780203,uniswap_v3,1.0000342351287446,camelot_v3,1.0000030675392944,1.0000186513,0.31167
2026-05-29T04:22:32.570Z,2026-05-29T04:22:31.878Z,467780324,uniswap_v3,1.0000342351287446,camelot_v3,1.0000030675392944,1.0000186513,0.31167
2026-05-29T04:23:02.599Z,2026-05-29T04:23:01.676Z,467780443,uniswap_v3,1.0000342351287446,camelot_v3,1.0000030675392944,1.0000186513,0.31167
2026-05-29T04:23:32.634Z,2026-05-29T04:23:31.832Z,467780564,uniswap_v3,1.0000342351287446,camelot_v3,1.0000030675392944,1.0000186513,0.31167
2026-05-29T04:24:02.669Z,2026-05-29T04:24:01.747Z,467780683,uniswap_v3,1.0000342351287446,camelot_v3,1.0000030675392944,1.0000186513,0.31167
2026-05-29T04:24:32.702Z,2026-05-29T04:24:31.869Z,467780802,uniswap_v3,1.0000342351287446,camelot_v3,1.0000030675392944,1.0000186513,0.31167
2026-05-29T04:25:02.736Z,2026-05-29T04:25:01.664Z,467780922,uniswap_v3,1.0000342351287446,camelot_v3,1.0000030675392944,1.0000186513,0.31167
2026-05-29T04:25:32.770Z,2026-05-29T04:25:31.893Z,467781040,uniswap_v3,1.0000342351287446,camelot_v3,1.0000006899828258,1.0000174626,0.335446
2026-05-29T04:26:32.837Z,2026-05-29T04:26:32.519Z,467781284,uniswap_v3,1.0000342351287446,camelot_v3,1.0000019481461775,1.0000180916,0.322864
2026-05-29T04:27:02.875Z,2026-05-29T04:27:01.940Z,467781403,uniswap_v3,1.0000342351287446,camelot_v3,1.0000019481461775,1.0000180916,0.322864
2026-05-29T04:27:32.913Z,2026-05-29T04:27:32.051Z,467781523,uniswap_v3,1.0000342351287446,camelot_v3,1.0000019481461775,1.0000180916,0.322864
2026-05-29T04:28:02.947Z,2026-05-29T04:28:01.958Z,467781643,uniswap_v3,1.0000342351287446,camelot_v3,1.0000019481461775,1.0000180916,0.322864
2026-05-29T04:28:32.980Z,2026-05-29T04:28:32.059Z,467781763,uniswap_v3,1.0000342351287446,camelot_v3,1.0000019481461775,1.0000180916,0.322864
2026-05-29T04:29:03.009Z,2026-05-29T04:29:02.136Z,467781883,uniswap_v3,1.0000342351287446,camelot_v3,1.0000019481461775,1.0000180916,0.322864
2026-05-29T04:29:33.044Z,2026-05-29T04:29:32.583Z,467782002,uniswap_v3,1.0000342351287446,camelot_v3,1.0000019481461775,1.0000180916,0.322864
2026-05-29T04:30:03.086Z,2026-05-29T04:30:02.922Z,467782122,uniswap_v3,1.0000342351287446,camelot_v3,1.0000019481461775,1.0000180916,0.322864
2026-05-29T04:30:33.120Z,2026-05-29T04:30:32.713Z,467782242,uniswap_v3,1.0000342351287446,camelot_v3,1.0000019481461775,1.0000180916,0.322864
2026-05-29T04:31:03.150Z,2026-05-29T04:31:01.754Z,467782356,uniswap_v3,1.0000342351287446,camelot_v3,1.0000019481461775,1.0000180916,0.322864
2026-05-29T04:31:33.178Z,2026-05-29T04:31:31.649Z,467782475,uniswap_v3,1.0000342351287446,camelot_v3,1.0000019481461775,1.0000180916,0.322864
2026-05-29T04:32:03.211Z,2026-05-29T04:32:01.756Z,467782593,uniswap_v3,1.0000342351287446,camelot_v3,1.0000019481461775,1.0000180916,0.322864
2026-05-29T04:32:33.242Z,2026-05-29T04:32:31.823Z,467782713,uniswap_v3,1.0000342351287446,camelot_v3,1.0000019481461775,1.0000180916,0.322864
2026-05-29T04:33:03.275Z,2026-05-29T04:33:01.810Z,467782838,uniswap_v3,1.0000342351287446,camelot_v3,1.0000019481461775,1.0000180916,0.322864
2026-05-29T04:33:33.308Z,2026-05-29T04:33:31.656Z,467782956,uniswap_v3,1.0000342351287446,camelot_v3,1.0000019481461775,1.0000180916,0.322864
2026-05-29T04:34:03.339Z,2026-05-29T04:34:02.092Z,467783073,uniswap_v3,1.0000342351287446,camelot_v3,1.0000019481461775,1.0000180916,0.322864
2026-05-29T04:34:33.371Z,2026-05-29T04:34:31.480Z,467783192,uniswap_v3,1.0000342351287446,camelot_v3,1.0000019481461775,1.0000180916,0.322864
2026-05-29T04:35:03.406Z,2026-05-29T04:35:01.214Z,467783312,uniswap_v3,1.0000342351287446,camelot_v3,1.0000019481461775,1.0000180916,0.322864
2026-05-29T04:35:33.437Z,2026-05-29T04:35:31.821Z,467783431,uniswap_v3,1.0000342351287446,camelot_v3,1.0000019481461775,1.0000180916,0.322864
2026-05-29T04:36:03.470Z,2026-05-29T04:36:01.929Z,467783550,uniswap_v3,1.0000342351287446,camelot_v3,1.0000019481461775,1.0000180916,0.322864
2026-05-29T04:36:33.502Z,2026-05-29T04:36:31.473Z,467783670,uniswap_v3,1.0000342351287446,camelot_v3,1.0000019481461775,1.0000180916,0.322864
2026-05-29T04:37:03.532Z,2026-05-29T04:37:01.480Z,467783786,uniswap_v3,1.0000342351287446,camelot_v3,1.0000019481461775,1.0000180916,0.322864
2026-05-29T04:37:33.563Z,2026-05-29T04:37:31.515Z,467783907,uniswap_v3,1.0000342351287446,camelot_v3,1.0000019481461775,1.0000180916,0.322864
2026-05-29T04:38:03.594Z,2026-05-29T04:38:01.530Z,467784025,uniswap_v3,1.0000342351287446,camelot_v3,1.0000019481461775,1.0000180916,0.322864
2026-05-29T04:38:33.630Z,2026-05-29T04:38:31.657Z,467784144,uniswap_v3,1.0000342351287446,camelot_v3,1.0000019481461775,1.0000180916,0.322864
2026-05-29T04:39:03.660Z,2026-05-29T04:39:01.684Z,467784262,uniswap_v3,1.0000342351287446,camelot_v3,1.0000019481461775,1.0000180916,0.322864
2026-05-29T04:39:33.693Z,2026-05-29T04:39:31.790Z,467784383,uniswap_v3,1.0000342351287446,camelot_v3,1.0000019481461775,1.0000180916,0.322864
2026-05-29T04:40:03.729Z,2026-05-29T04:40:01.776Z,467784501,uniswap_v3,1.0000342351287446,camelot_v3,1.0000019481461775,1.0000180916,0.322864
2026-05-29T04:40:33.761Z,2026-05-29T04:40:31.840Z,467784619,uniswap_v3,1.0000342351287446,camelot_v3,1.0000019481461775,1.0000180916,0.322864
2026-05-29T04:41:03.794Z,2026-05-29T04:41:01.957Z,467784738,uniswap_v3,1.0000342351287446,camelot_v3,1.0000019481461775,1.0000180916,0.322864
2026-05-29T04:41:33.829Z,2026-05-29T04:41:31.959Z,467784859,uniswap_v3,1.0000342351287446,camelot_v3,1.0000019481461775,1.0000180916,0.322864
2026-05-29T04:42:03.866Z,2026-05-29T04:42:02.076Z,467784978,uniswap_v3,1.0000342351287446,camelot_v3,1.0000019481461775,1.0000180916,0.322864
2026-05-29T04:42:33.905Z,2026-05-29T04:42:32.147Z,467785096,uniswap_v3,1.0000342351287446,camelot_v3,1.0000019481461775,1.0000180916,0.322864
2026-05-29T04:43:03.941Z,2026-05-29T04:43:02.607Z,467785216,uniswap_v3,1.0000342351287446,camelot_v3,1.0000019481461775,1.0000180916,0.322864
2026-05-29T04:43:33.974Z,2026-05-29T04:43:32.624Z,467785332,uniswap_v3,1.0000342351287446,camelot_v3,1.0000019481461775,1.0000180916,0.322864
2026-05-29T04:44:04.009Z,2026-05-29T04:44:02.297Z,467785452,uniswap_v3,1.0000342351287446,camelot_v3,1.0000019481461775,1.0000180916,0.322864
2026-05-29T04:44:34.047Z,2026-05-29T04:44:31.507Z,467785568,uniswap_v3,1.0000342351287446,camelot_v3,1.0000019481461775,1.0000180916,0.322864
2026-05-29T04:45:04.086Z,2026-05-29T04:45:01.290Z,467785684,uniswap_v3,1.0000342351287446,camelot_v3,1.0000019481461775,1.0000180916,0.322864
2026-05-29T04:45:34.118Z,2026-05-29T04:45:31.872Z,467785801,uniswap_v3,1.0000342351287446,camelot_v3,1.0000019481461775,1.0000180916,0.322864
2026-05-29T04:46:04.150Z,2026-05-29T04:46:01.780Z,467785920,uniswap_v3,1.0000342351287446,camelot_v3,1.0000019481461775,1.0000180916,0.322864
2026-05-29T04:46:34.181Z,2026-05-29T04:46:31.383Z,467786038,uniswap_v3,1.0000342351287446,camelot_v3,1.0000019481461775,1.0000180916,0.322864
2026-05-29T04:47:04.212Z,2026-05-29T04:47:01.461Z,467786158,uniswap_v3,1.0000342351287446,camelot_v3,1.0000019481461775,1.0000180916,0.322864
2026-05-29T04:47:34.237Z,2026-05-29T04:47:31.404Z,467786278,uniswap_v3,1.0000342351287446,camelot_v3,1.0000019481461775,1.0000180916,0.322864
2026-05-29T04:48:04.267Z,2026-05-29T04:48:01.504Z,467786397,uniswap_v3,1.0000342351287446,camelot_v3,1.0000019481461775,1.0000180916,0.322864
2026-05-29T04:48:34.303Z,2026-05-29T04:48:32.129Z,467786514,uniswap_v3,1.0000342351287446,camelot_v3,1.0000019481461775,1.0000180916,0.322864
2026-05-29T04:49:04.331Z,2026-05-29T04:49:02.099Z,467786626,uniswap_v3,1.0000342351287446,camelot_v3,1.0000019481461775,1.0000180916,0.322864
2026-05-29T04:49:34.364Z,2026-05-29T04:49:31.644Z,467786744,uniswap_v3,1.0000342351287446,camelot_v3,1.0000019481461775,1.0000180916,0.322864
2026-05-29T04:50:04.395Z,2026-05-29T04:50:01.488Z,467786861,uniswap_v3,1.0000342351287446,camelot_v3,1.0000019481461775,1.0000180916,0.322864
2026-05-29T04:50:34.429Z,2026-05-29T04:50:31.442Z,467786981,uniswap_v3,1.0000342351287446,camelot_v3,1.0000019481461775,1.0000180916,0.322864
2026-05-29T04:51:04.461Z,2026-05-29T04:51:01.517Z,467787100,uniswap_v3,1.0000342351287446,camelot_v3,1.0000019481461775,1.0000180916,0.322864
2026-05-29T04:51:37.497Z,2026-05-29T04:51:35.076Z,467787218,uniswap_v3,1.0000342351287446,camelot_v3,1.0000019481461775,1.0000180916,0.322864
2026-05-29T04:52:04.526Z,2026-05-29T04:52:01.554Z,467787336,uniswap_v3,1.0000342351287446,camelot_v3,1.0000019481461775,1.0000180916,0.322864
2026-05-29T04:52:34.561Z,2026-05-29T04:52:32.248Z,467787458,uniswap_v3,1.0000342351287446,camelot_v3,1.0000019481461775,1.0000180916,0.322864
2026-05-29T04:53:04.593Z,2026-05-29T04:53:02.150Z,467787577,uniswap_v3,1.0000342351287446,camelot_v3,1.0000019481461775,1.0000180916,0.322864
2026-05-29T04:53:34.626Z,2026-05-29T04:53:32.051Z,467787696,uniswap_v3,1.0000342351287446,camelot_v3,1.0000019481461775,1.0000180916,0.322864
2026-05-29T04:54:04.664Z,2026-05-29T04:54:02.171Z,467787816,uniswap_v3,1.0000342351287446,camelot_v3,1.0000019481461775,1.0000180916,0.322864
2026-05-29T04:54:34.698Z,2026-05-29T04:54:31.749Z,467787934,uniswap_v3,1.0000342351287446,camelot_v3,1.0000019481461775,1.0000180916,0.322864
2026-05-29T04:55:04.733Z,2026-05-29T04:55:01.774Z,467788055,uniswap_v3,1.0000342351287446,camelot_v3,1.0000019481461775,1.0000180916,0.322864
2026-05-29T04:55:34.771Z,2026-05-29T04:55:32.311Z,467788175,uniswap_v3,1.0000342351287446,camelot_v3,1.0000019481461775,1.0000180916,0.322864
2026-05-29T04:56:04.806Z,2026-05-29T04:56:02.396Z,467788294,uniswap_v3,1.0000342351287446,camelot_v3,1.0000019481461775,1.0000180916,0.322864
2026-05-29T04:56:34.844Z,2026-05-29T04:56:31.868Z,467788413,uniswap_v3,1.0000342351287446,camelot_v3,1.0000019481461775,1.0000180916,0.322864
2026-05-29T04:57:04.883Z,2026-05-29T04:57:02.014Z,467788533,uniswap_v3,1.0000342351287446,camelot_v3,1.0000019481461775,1.0000180916,0.322864
2026-05-29T04:57:34.920Z,2026-05-29T04:57:31.931Z,467788652,uniswap_v3,1.0000342351287446,camelot_v3,1.0000019481461775,1.0000180916,0.322864
2026-05-29T04:58:04.953Z,2026-05-29T04:58:01.952Z,467788772,uniswap_v3,1.0000342351287446,camelot_v3,1.0000019481461775,1.0000180916,0.322864
2026-05-29T04:58:31.985Z,2026-05-29T04:58:31.115Z,467788893,uniswap_v3,1.0000342351287446,camelot_v3,1.0000019481461775,1.0000180916,0.322864
2026-05-29T04:59:02.021Z,2026-05-29T04:59:01.323Z,467789012,uniswap_v3,1.0000342351287446,camelot_v3,1.0000019481461775,1.0000180916,0.322864
2026-05-29T04:59:32.050Z,2026-05-29T04:59:31.245Z,467789132,uniswap_v3,1.0000342351287446,camelot_v3,1.0000019481461775,1.0000180916,0.322864
2026-05-29T05:00:02.087Z,2026-05-29T05:00:01.557Z,467789253,uniswap_v3,1.0000342351287446,camelot_v3,1.0000019481461775,1.0000180916,0.322864
2026-05-29T05:00:32.118Z,2026-05-29T05:00:31.425Z,467789372,uniswap_v3,1.0000342351287446,camelot_v3,1.0000019481461775,1.0000180916,0.322864
2026-05-29T05:01:02.148Z,2026-05-29T05:01:01.479Z,467789492,uniswap_v3,1.0000342351287446,camelot_v3,1.0000019481461775,1.0000180916,0.322864
2026-05-29T05:01:32.182Z,2026-05-29T05:01:31.452Z,467789611,uniswap_v3,1.0000342351287446,camelot_v3,1.0000019481461775,1.0000180916,0.322864
2026-05-29T05:02:02.211Z,2026-05-29T05:02:02.084Z,467789731,uniswap_v3,1.0000342351287446,camelot_v3,1.0000019481461775,1.0000180916,0.322864
2026-05-29T05:02:32.243Z,2026-05-29T05:02:32.144Z,467789851,uniswap_v3,1.0000342351287446,camelot_v3,1.0000019481461775,1.0000180916,0.322864
2026-05-29T05:03:02.272Z,2026-05-29T05:03:01.449Z,467789970,uniswap_v3,1.0000342351287446,camelot_v3,1.0000019481461775,1.0000180916,0.322864
2026-05-29T05:03:32.303Z,2026-05-29T05:03:31.534Z,467790090,uniswap_v3,1.0000342351287446,camelot_v3,1.0000019481461775,1.0000180916,0.322864
2026-05-29T05:04:02.335Z,2026-05-29T05:04:01.905Z,467790210,uniswap_v3,1.0000310156096008,camelot_v3,1.0000019481461775,1.0000164819,0.29067
2026-05-29T05:04:32.372Z,2026-05-29T05:04:32.264Z,467790329,uniswap_v3,1.0000310156096008,camelot_v3,1.0000018581433008,1.0000164369,0.29157
2026-05-29T05:05:02.407Z,2026-05-29T05:05:02.007Z,467790454,uniswap_v3,1.0000308420457829,camelot_v3,1.0000018581433008,1.0000163501,0.289834
2026-05-29T05:05:32.440Z,2026-05-29T05:05:31.763Z,467790574,uniswap_v3,1.0000308420457829,camelot_v3,1.0000018451683665,1.0000163436,0.289964
2026-05-29T05:06:02.470Z,2026-05-29T05:06:01.742Z,467790693,uniswap_v3,1.0000308420457829,camelot_v3,1.0000018451683665,1.0000163436,0.289964
2026-05-29T05:06:32.504Z,2026-05-29T05:06:31.751Z,467790812,uniswap_v3,1.0000308420457829,camelot_v3,1.0000018451683665,1.0000163436,0.289964
2026-05-29T05:07:02.536Z,2026-05-29T05:07:01.766Z,467790932,uniswap_v3,1.0000308420457829,camelot_v3,1.0000018451683665,1.0000163436,0.289964
2026-05-29T05:07:32.568Z,2026-05-29T05:07:31.774Z,467791052,uniswap_v3,1.0000308420457829,camelot_v3,1.0000018451683665,1.0000163436,0.289964
2026-05-29T05:08:02.605Z,2026-05-29T05:08:02.375Z,467791173,uniswap_v3,1.0000308420457829,camelot_v3,1.0000018451683665,1.0000163436,0.289964
2026-05-29T05:08:32.639Z,2026-05-29T05:08:32.413Z,467791291,uniswap_v3,1.0000308420457829,camelot_v3,1.0000018451683665,1.0000163436,0.289964
2026-05-29T05:09:02.673Z,2026-05-29T05:09:02.537Z,467791411,uniswap_v3,1.0000308420457829,camelot_v3,1.0000018451683665,1.0000163436,0.289964
2026-05-29T05:09:32.707Z,2026-05-29T05:09:32.096Z,467791530,uniswap_v3,1.0000308420457829,camelot_v3,1.0000018451683665,1.0000163436,0.289964
2026-05-29T05:10:02.741Z,2026-05-29T05:10:02.041Z,467791648,uniswap_v3,1.0000308420457829,camelot_v3,1.0000018451683665,1.0000163436,0.289964
2026-05-29T05:10:32.777Z,2026-05-29T05:10:32.068Z,467791766,uniswap_v3,1.0000307284892573,camelot_v3,1.0000018451683665,1.0000162868,0.288829
2026-05-29T05:11:02.816Z,2026-05-29T05:11:02.142Z,467791888,uniswap_v3,1.0000305874761026,camelot_v3,1.0000017922077127,1.0000161898,0.287948
2026-05-29T05:11:32.852Z,2026-05-29T05:11:30.967Z,467792005,uniswap_v3,1.0000305874761026,camelot_v3,1.0000017922077127,1.0000161898,0.287948
2026-05-29T05:12:08.897Z,2026-05-29T05:12:07.463Z,467792124,uniswap_v3,1.0000305874761026,camelot_v3,1.0000017922077127,1.0000161898,0.287948
2026-05-29T05:12:32.930Z,2026-05-29T05:12:31.134Z,467792239,uniswap_v3,1.0000305874761026,camelot_v3,1.0000017922077127,1.0000161898,0.287948
2026-05-29T05:13:02.964Z,2026-05-29T05:13:01.322Z,467792360,uniswap_v3,1.0000305874761026,camelot_v3,1.0000017922077127,1.0000161898,0.287948
2026-05-29T05:13:33.000Z,2026-05-29T05:13:31.158Z,467792481,uniswap_v3,1.0000305874761026,camelot_v3,1.0000017922077127,1.0000161898,0.287948
2026-05-29T05:14:03.036Z,2026-05-29T05:14:01.192Z,467792600,uniswap_v3,1.0000305874761026,camelot_v3,1.0000017931732652,1.0000161903,0.287938
2026-05-29T05:14:33.073Z,2026-05-29T05:14:31.398Z,467792721,uniswap_v3,1.0000305874761026,camelot_v3,1.0000017931732652,1.0000161903,0.287938
2026-05-29T05:15:03.108Z,2026-05-29T05:15:01.182Z,467792838,uniswap_v3,1.0000305874761026,camelot_v3,1.0000017931732652,1.0000161903,0.287938
2026-05-29T05:15:33.138Z,2026-05-29T05:15:31.553Z,467792956,uniswap_v3,1.0000305874761026,camelot_v3,1.0000017931732652,1.0000161903,0.287938
2026-05-29T05:16:03.169Z,2026-05-29T05:16:01.651Z,467793077,uniswap_v3,1.0000305874761026,camelot_v3,1.0000017931732652,1.0000161903,0.287938
2026-05-29T05:16:33.201Z,2026-05-29T05:16:31.748Z,467793197,uniswap_v3,1.0000305874761026,camelot_v3,1.0000017931732652,1.0000161903,0.287938
2026-05-29T05:17:03.234Z,2026-05-29T05:17:01.717Z,467793314,uniswap_v3,1.0000305874761026,camelot_v3,1.0000017931732652,1.0000161903,0.287938
2026-05-29T05:17:33.267Z,2026-05-29T05:17:31.819Z,467793429,uniswap_v3,1.0000305874761026,camelot_v3,1.0000017931732652,1.0000161903,0.287938
2026-05-29T05:18:03.297Z,2026-05-29T05:18:01.643Z,467793553,uniswap_v3,1.0000305874761026,camelot_v3,1.0000017931732652,1.0000161903,0.287938
2026-05-29T05:18:33.325Z,2026-05-29T05:18:31.894Z,467793673,uniswap_v3,1.0000305874761026,camelot_v3,1.0000017931732652,1.0000161903,0.287938
2026-05-29T05:19:03.360Z,2026-05-29T05:19:01.836Z,467793789,uniswap_v3,1.0000305874761026,camelot_v3,1.0000017931732652,1.0000161903,0.287938
2026-05-29T05:19:33.393Z,2026-05-29T05:19:31.728Z,467793913,uniswap_v3,1.0000305874761026,camelot_v3,1.0000017931732652,1.0000161903,0.287938
2026-05-29T05:20:03.427Z,2026-05-29T05:20:01.646Z,467794031,uniswap_v3,1.0000305874761026,camelot_v3,1.0000017931732652,1.0000161903,0.287938
2026-05-29T05:20:33.461Z,2026-05-29T05:20:31.690Z,467794144,uniswap_v3,1.0000305874761026,camelot_v3,1.0000017931732652,1.0000161903,0.287938
2026-05-29T05:21:03.495Z,2026-05-29T05:21:02.178Z,467794268,uniswap_v3,1.0000305874761026,camelot_v3,1.0000017931732652,1.0000161903,0.287938
2026-05-29T05:21:33.528Z,2026-05-29T05:21:32.014Z,467794384,uniswap_v3,1.0000305874761026,camelot_v3,1.0000017931732652,1.0000161903,0.287938
2026-05-29T05:22:03.563Z,2026-05-29T05:22:02.415Z,467794510,uniswap_v3,1.0000305874761026,camelot_v3,1.0000017931732652,1.0000161903,0.287938
2026-05-29T05:22:33.598Z,2026-05-29T05:22:32.139Z,467794625,uniswap_v3,1.0000305874761026,camelot_v3,1.0000017931732652,1.0000161903,0.287938
2026-05-29T05:23:03.632Z,2026-05-29T05:23:01.960Z,467794749,uniswap_v3,1.0000305874761026,camelot_v3,1.0000017931732652,1.0000161903,0.287938
2026-05-29T05:23:33.668Z,2026-05-29T05:23:32.149Z,467794869,uniswap_v3,1.0000305874761026,camelot_v3,1.0000017931732652,1.0000161903,0.287938
2026-05-29T05:24:03.702Z,2026-05-29T05:24:02.274Z,467794988,uniswap_v3,1.0000305874761026,camelot_v3,1.0000017931732652,1.0000161903,0.287938
2026-05-29T05:24:33.734Z,2026-05-29T05:24:32.573Z,467795111,uniswap_v3,1.0000305874761026,camelot_v3,1.0000017931732652,1.0000161903,0.287938
2026-05-29T05:25:03.765Z,2026-05-29T05:25:01.600Z,467795226,uniswap_v3,1.0000305874761026,camelot_v3,1.0000017931732652,1.0000161903,0.287938
2026-05-29T05:25:33.801Z,2026-05-29T05:25:31.621Z,467795346,uniswap_v3,1.0000305874761026,camelot_v3,1.0000017931732652,1.0000161903,0.287938
2026-05-29T05:26:03.837Z,2026-05-29T05:26:01.395Z,467795465,uniswap_v3,1.0000305874761026,camelot_v3,1.0000017931732652,1.0000161903,0.287938
2026-05-29T05:26:33.872Z,2026-05-29T05:26:31.815Z,467795585,uniswap_v3,1.0000305874761026,camelot_v3,1.0000017931732652,1.0000161903,0.287938
2026-05-29T05:27:03.908Z,2026-05-29T05:27:01.427Z,467795705,uniswap_v3,1.0000305874761026,camelot_v3,1.0000017931732652,1.0000161903,0.287938
2026-05-29T05:27:33.944Z,2026-05-29T05:27:31.446Z,467795823,uniswap_v3,1.0000305874761026,camelot_v3,1.0000017931732652,1.0000161903,0.287938
2026-05-29T05:28:03.982Z,2026-05-29T05:28:01.421Z,467795944,uniswap_v3,1.0000305874761026,camelot_v3,1.0000017931732652,1.0000161903,0.287938
2026-05-29T05:28:34.016Z,2026-05-29T05:28:31.688Z,467796061,uniswap_v3,1.0000305874761026,camelot_v3,1.0000017931732652,1.0000161903,0.287938
2026-05-29T05:29:04.055Z,2026-05-29T05:29:01.366Z,467796183,uniswap_v3,1.0000305874761026,camelot_v3,1.0000017931732652,1.0000161903,0.287938
2026-05-29T05:29:34.094Z,2026-05-29T05:29:31.582Z,467796303,uniswap_v3,1.0000305874761026,camelot_v3,1.0000017931732652,1.0000161903,0.287938
2026-05-29T05:30:04.125Z,2026-05-29T05:30:01.483Z,467796423,uniswap_v3,1.0000305874761026,camelot_v3,1.0000017931732652,1.0000161903,0.287938
2026-05-29T05:30:34.159Z,2026-05-29T05:30:31.501Z,467796546,uniswap_v3,1.0000305874761026,camelot_v3,1.0000017931732652,1.0000161903,0.287938
2026-05-29T05:31:04.188Z,2026-05-29T05:31:01.567Z,467796668,uniswap_v3,1.0000305874761026,camelot_v3,1.0000017931732652,1.0000161903,0.287938
2026-05-29T05:31:34.220Z,2026-05-29T05:31:31.696Z,467796785,uniswap_v3,1.0000305874761026,camelot_v3,1.0000017931732652,1.0000161903,0.287938
2026-05-29T05:32:04.253Z,2026-05-29T05:32:01.448Z,467796908,uniswap_v3,1.0000305874761026,camelot_v3,1.0000017931732652,1.0000161903,0.287938
2026-05-29T05:32:34.286Z,2026-05-29T05:32:31.931Z,467797028,uniswap_v3,1.0000305874761026,camelot_v3,1.0000017931732652,1.0000161903,0.287938
2026-05-29T05:33:04.319Z,2026-05-29T05:33:01.630Z,467797147,uniswap_v3,1.0000305874761026,camelot_v3,1.0000017931732652,1.0000161903,0.287938
2026-05-29T05:33:34.350Z,2026-05-29T05:33:31.785Z,467797262,uniswap_v3,1.0000305874761026,camelot_v3,1.0000017931732652,1.0000161903,0.287938
2026-05-29T05:34:04.383Z,2026-05-29T05:34:01.658Z,467797386,uniswap_v3,1.0000305874761026,camelot_v3,1.0000017931732652,1.0000161903,0.287938
2026-05-29T05:34:34.417Z,2026-05-29T05:34:32.075Z,467797505,uniswap_v3,1.0000305874761026,camelot_v3,1.0000017931732652,1.0000161903,0.287938
2026-05-29T05:35:04.450Z,2026-05-29T05:35:01.755Z,467797626,uniswap_v3,1.0000305874761026,camelot_v3,1.0000017931732652,1.0000161903,0.287938
2026-05-29T05:35:34.481Z,2026-05-29T05:35:31.807Z,467797746,uniswap_v3,1.0000305874761026,camelot_v3,1.0000017931732652,1.0000161903,0.287938
2026-05-29T05:36:04.515Z,2026-05-29T05:36:01.962Z,467797865,uniswap_v3,1.0000305874761026,camelot_v3,1.0000017931732652,1.0000161903,0.287938
2026-05-29T05:36:34.550Z,2026-05-29T05:36:32.286Z,467797983,uniswap_v3,1.0000305874761026,camelot_v3,1.0000017931732652,1.0000161903,0.287938
2026-05-29T05:37:04.584Z,2026-05-29T05:37:02.001Z,467798108,uniswap_v3,1.0000305874761026,camelot_v3,1.0000017931732652,1.0000161903,0.287938
2026-05-29T05:37:40.625Z,2026-05-29T05:37:39.698Z,467798229,uniswap_v3,1.0000305874761026,camelot_v3,1.0000017931732652,1.0000161903,0.287938
2026-05-29T05:38:04.652Z,2026-05-29T05:38:02.653Z,467798347,uniswap_v3,1.0000305874761026,camelot_v3,1.0000017931732652,1.0000161903,0.287938
2026-05-29T05:38:34.686Z,2026-05-29T05:38:32.278Z,467798467,uniswap_v3,1.0000305874761026,camelot_v3,1.0000017931732652,1.0000161903,0.287938
2026-05-29T05:39:01.717Z,2026-05-29T05:39:01.493Z,467798582,uniswap_v3,1.0000305874761026,camelot_v3,1.0000017931732652,1.0000161903,0.287938
2026-05-29T05:39:31.750Z,2026-05-29T05:39:31.492Z,467798702,uniswap_v3,1.0000305874761026,camelot_v3,1.0000017931732652,1.0000161903,0.287938
2026-05-29T05:40:01.783Z,2026-05-29T05:40:01.658Z,467798821,uniswap_v3,1.0000305874761026,camelot_v3,1.0000017931732652,1.0000161903,0.287938
2026-05-29T05:40:37.823Z,2026-05-29T05:40:35.462Z,467798941,uniswap_v3,1.0000305874761026,camelot_v3,1.0000017931732652,1.0000161903,0.287938
2026-05-29T05:41:01.854Z,2026-05-29T05:41:01.692Z,467799057,uniswap_v3,1.0000305874761026,camelot_v3,1.0000017931732652,1.0000161903,0.287938
2026-05-29T05:41:31.890Z,2026-05-29T05:41:31.420Z,467799176,uniswap_v3,1.0000305874761026,camelot_v3,1.0000017931732652,1.0000161903,0.287938
2026-05-29T05:42:01.929Z,2026-05-29T05:42:01.757Z,467799295,uniswap_v3,1.0000305874761026,camelot_v3,1.0000017931732652,1.0000161903,0.287938
2026-05-29T05:42:31.962Z,2026-05-29T05:42:31.700Z,467799414,uniswap_v3,1.0000305874761026,camelot_v3,1.0000017931732652,1.0000161903,0.287938
2026-05-29T05:43:01.996Z,2026-05-29T05:43:01.776Z,467799532,uniswap_v3,1.0000305874761026,camelot_v3,1.0000017931732652,1.0000161903,0.287938
2026-05-29T05:43:32.029Z,2026-05-29T05:43:31.611Z,467799654,uniswap_v3,1.0000305874761026,camelot_v3,1.0000017931732652,1.0000161903,0.287938
2026-05-29T05:44:05.071Z,2026-05-29T05:44:02.235Z,467799771,uniswap_v3,1.0000305874761026,camelot_v3,1.0000017931732652,1.0000161903,0.287938
2026-05-29T05:44:32.101Z,2026-05-29T05:44:31.885Z,467799889,uniswap_v3,1.0000305874761026,camelot_v3,1.0000017931732652,1.0000161903,0.287938
2026-05-29T05:45:02.132Z,2026-05-29T05:45:02.071Z,467800008,uniswap_v3,1.0000305874761026,camelot_v3,1.0000017931732652,1.0000161903,0.287938
2026-05-29T05:45:32.162Z,2026-05-29T05:45:31.586Z,467800127,uniswap_v3,1.0000305874761026,camelot_v3,1.0000017931732652,1.0000161903,0.287938
2026-05-29T05:46:02.193Z,2026-05-29T05:46:01.863Z,467800247,uniswap_v3,1.0000305874761026,camelot_v3,1.0000017931732652,1.0000161903,0.287938
2026-05-29T05:46:32.227Z,2026-05-29T05:46:32.065Z,467800367,uniswap_v3,1.0000305874761026,camelot_v3,1.0000017931732652,1.0000161903,0.287938
2026-05-29T05:47:02.259Z,2026-05-29T05:47:02.010Z,467800486,uniswap_v3,1.0000305874761026,camelot_v3,1.0000017931732652,1.0000161903,0.287938
2026-05-29T05:47:32.291Z,2026-05-29T05:47:32.009Z,467800601,uniswap_v3,1.0000305874761026,camelot_v3,1.0000017931732652,1.0000161903,0.287938
2026-05-29T05:48:02.325Z,2026-05-29T05:48:02.301Z,467800721,uniswap_v3,1.0000305874761026,camelot_v3,1.0000017931732652,1.0000161903,0.287938
2026-05-29T05:48:32.357Z,2026-05-29T05:48:32.311Z,467800841,uniswap_v3,1.0000305874761026,camelot_v3,1.0000017931732652,1.0000161903,0.287938
2026-05-29T05:49:02.389Z,2026-05-29T05:49:02.302Z,467800959,uniswap_v3,1.0000305874761026,camelot_v3,1.0000017931732652,1.0000161903,0.287938
2026-05-29T05:49:32.421Z,2026-05-29T05:49:32.217Z,467801078,uniswap_v3,1.0000305874761026,camelot_v3,1.0000017931732652,1.0000161903,0.287938
2026-05-29T05:50:02.454Z,2026-05-29T05:50:02.401Z,467801202,uniswap_v3,1.0000305874761026,camelot_v3,1.0000017931732652,1.0000161903,0.287938
2026-05-29T05:50:32.487Z,2026-05-29T05:50:32.066Z,467801322,uniswap_v3,1.0000305874761026,camelot_v3,1.0000017931732652,1.0000161903,0.287938
2026-05-29T05:51:02.518Z,2026-05-29T05:51:02.414Z,467801442,uniswap_v3,1.0000305874761026,camelot_v3,1.0000017931732652,1.0000161903,0.287938
2026-05-29T05:51:35.554Z,2026-05-29T05:51:32.549Z,467801562,uniswap_v3,1.0000305874761026,camelot_v3,1.0000017931732652,1.0000161903,0.287938
2026-05-29T05:52:05.586Z,2026-05-29T05:52:02.651Z,467801680,uniswap_v3,1.0000305874761026,camelot_v3,1.0000017931732652,1.0000161903,0.287938
2026-05-29T05:52:35.617Z,2026-05-29T05:52:32.631Z,467801799,uniswap_v3,1.0000305874761026,camelot_v3,1.0000017931732652,1.0000161903,0.287938
2026-05-29T05:53:02.647Z,2026-05-29T05:53:01.433Z,467801915,uniswap_v3,1.0000305874761026,camelot_v3,1.0000017931732652,1.0000161903,0.287938
2026-05-29T05:53:32.684Z,2026-05-29T05:53:32.421Z,467802033,uniswap_v3,1.0000305874761026,camelot_v3,1.0000017931732652,1.0000161903,0.287938
2026-05-29T05:54:02.718Z,2026-05-29T05:54:01.613Z,467802151,uniswap_v3,1.0000305874761026,camelot_v3,1.0000017931732652,1.0000161903,0.287938
2026-05-29T05:54:32.755Z,2026-05-29T05:54:31.245Z,467802270,uniswap_v3,1.0000305874761026,camelot_v3,1.0000017931732652,1.0000161903,0.287938
2026-05-29T05:55:02.792Z,2026-05-29T05:55:01.559Z,467802390,uniswap_v3,1.0000305874761026,camelot_v3,1.0000017931732652,1.0000161903,0.287938
2026-05-29T05:55:32.826Z,2026-05-29T05:55:31.363Z,467802510,uniswap_v3,1.0000305874761026,camelot_v3,1.0000017931732652,1.0000161903,0.287938
2026-05-29T05:56:02.863Z,2026-05-29T05:56:01.330Z,467802626,uniswap_v3,1.0000305874761026,camelot_v3,1.0000017931732652,1.0000161903,0.287938
2026-05-29T05:56:32.892Z,2026-05-29T05:56:31.550Z,467802749,uniswap_v3,1.0000305874761026,camelot_v3,1.0000017931732652,1.0000161903,0.287938
2026-05-29T05:57:02.929Z,2026-05-29T05:57:01.529Z,467802864,uniswap_v3,1.0000305874761026,camelot_v3,1.0000017931732652,1.0000161903,0.287938
2026-05-29T05:57:32.963Z,2026-05-29T05:57:31.419Z,467802984,uniswap_v3,1.0000305874761026,camelot_v3,1.0000017931732652,1.0000161903,0.287938
2026-05-29T05:58:02.993Z,2026-05-29T05:58:02.596Z,467803100,uniswap_v3,1.0000305874761026,camelot_v3,1.0000017931732652,1.0000161903,0.287938
2026-05-29T05:58:33.029Z,2026-05-29T05:58:31.505Z,467803217,uniswap_v3,1.0000305874761026,camelot_v3,1.0000017931732652,1.0000161903,0.287938
2026-05-29T05:59:03.070Z,2026-05-29T05:59:01.567Z,467803337,uniswap_v3,1.0000305874761026,camelot_v3,1.0000017931732652,1.0000161903,0.287938
2026-05-29T05:59:33.108Z,2026-05-29T05:59:31.749Z,467803457,uniswap_v3,1.0000305874761026,camelot_v3,1.0000017931732652,1.0000161903,0.287938
2026-05-29T06:00:03.138Z,2026-05-29T06:00:01.935Z,467803576,uniswap_v3,1.0000305874761026,camelot_v3,1.0000017725908232,1.00001618,0.288144
2026-05-29T06:00:33.168Z,2026-05-29T06:00:31.732Z,467803695,uniswap_v3,1.0000305874761026,camelot_v3,1.0000017725908232,1.00001618,0.288144
2026-05-29T06:01:03.201Z,2026-05-29T06:01:01.720Z,467803815,uniswap_v3,1.0000305874761026,camelot_v3,1.0000017725908232,1.00001618,0.288144
2026-05-29T06:01:33.231Z,2026-05-29T06:01:31.933Z,467803933,uniswap_v3,1.0000305874761026,camelot_v3,1.0000017725908232,1.00001618,0.288144
2026-05-29T06:02:03.264Z,2026-05-29T06:02:02.647Z,467804053,uniswap_v3,1.0000305874761026,camelot_v3,1.0000017725908232,1.00001618,0.288144
2026-05-29T06:02:33.298Z,2026-05-29T06:02:32.144Z,467804174,uniswap_v3,1.0000305874761026,camelot_v3,1.0000017725908232,1.00001618,0.288144
2026-05-29T06:03:03.333Z,2026-05-29T06:03:02.177Z,467804294,uniswap_v3,1.0000305874761026,camelot_v3,1.0000017725908232,1.00001618,0.288144
2026-05-29T06:03:33.367Z,2026-05-29T06:03:32.020Z,467804412,uniswap_v3,1.0000305874761026,camelot_v3,1.0000017725908232,1.00001618,0.288144
2026-05-29T06:04:03.401Z,2026-05-29T06:04:02.334Z,467804532,uniswap_v3,1.0000305874761026,camelot_v3,1.0000017725908232,1.00001618,0.288144
2026-05-29T06:04:33.431Z,2026-05-29T06:04:32.368Z,467804652,uniswap_v3,1.0000305874761026,camelot_v3,1.0000017725908232,1.00001618,0.288144
2026-05-29T06:05:03.464Z,2026-05-29T06:05:02.293Z,467804770,uniswap_v3,1.0000305874761026,camelot_v3,1.0000017725908232,1.00001618,0.288144
2026-05-29T06:05:33.498Z,2026-05-29T06:05:32.455Z,467804891,uniswap_v3,1.0000305874761026,camelot_v3,1.0000017725908232,1.00001618,0.288144
2026-05-29T06:06:03.533Z,2026-05-29T06:06:02.382Z,467805009,uniswap_v3,1.0000305874761026,camelot_v3,1.0000017725908232,1.00001618,0.288144
2026-05-29T06:06:33.566Z,2026-05-29T06:06:31.507Z,467805124,uniswap_v3,1.0000305874761026,camelot_v3,1.0000017725908232,1.00001618,0.288144
2026-05-29T06:07:03.600Z,2026-05-29T06:07:01.503Z,467805244,uniswap_v3,1.0000305874761026,camelot_v3,1.0000017725908232,1.00001618,0.288144
2026-05-29T06:07:33.636Z,2026-05-29T06:07:31.749Z,467805364,uniswap_v3,1.0000305874761026,camelot_v3,1.0000017725908232,1.00001618,0.288144
2026-05-29T06:08:03.669Z,2026-05-29T06:08:01.488Z,467805483,uniswap_v3,1.0000305874761026,camelot_v3,1.0000017725908232,1.00001618,0.288144
2026-05-29T06:08:33.703Z,2026-05-29T06:08:31.897Z,467805602,uniswap_v3,1.0000305874761026,camelot_v3,1.0000017725908232,1.00001618,0.288144
2026-05-29T06:09:03.736Z,2026-05-29T06:09:01.737Z,467805728,uniswap_v3,1.0000305874761026,camelot_v3,1.0000017725908232,1.00001618,0.288144
2026-05-29T06:09:33.770Z,2026-05-29T06:09:31.585Z,467805847,uniswap_v3,1.0000305874761026,camelot_v3,1.0000017725908232,1.00001618,0.288144
2026-05-29T06:10:03.808Z,2026-05-29T06:10:01.968Z,467805966,uniswap_v3,1.0000305874761026,camelot_v3,1.0000017725908232,1.00001618,0.288144
2026-05-29T06:10:33.844Z,2026-05-29T06:10:32.260Z,467806086,uniswap_v3,1.0000305874761026,camelot_v3,1.0000017725908232,1.00001618,0.288144
2026-05-29T06:11:03.879Z,2026-05-29T06:11:01.888Z,467806206,uniswap_v3,1.0000305874761026,camelot_v3,1.0000017725908232,1.00001618,0.288144
2026-05-29T06:11:33.913Z,2026-05-29T06:11:32.331Z,467806325,uniswap_v3,1.0000305874761026,camelot_v3,1.0000017725908232,1.00001618,0.288144
2026-05-29T06:12:03.947Z,2026-05-29T06:12:01.634Z,467806444,uniswap_v3,1.0000305874761026,camelot_v3,1.0000017696017691,1.0000161785,0.288174
2026-05-29T06:12:33.980Z,2026-05-29T06:12:31.855Z,467806564,uniswap_v3,1.0000305874761026,camelot_v3,1.0000017696017691,1.0000161785,0.288174
2026-05-29T06:13:04.014Z,2026-05-29T06:13:01.704Z,467806684,uniswap_v3,1.0000305874761026,camelot_v3,1.0000017696017691,1.0000161785,0.288174
2026-05-29T06:13:34.052Z,2026-05-29T06:13:31.763Z,467806801,uniswap_v3,1.0000305874761026,camelot_v3,1.0000017696017691,1.0000161785,0.288174
2026-05-29T06:14:04.090Z,2026-05-29T06:14:01.845Z,467806921,uniswap_v3,1.0000305874761026,camelot_v3,1.00000174685599,1.0000161672,0.288402
2026-05-29T06:14:34.118Z,2026-05-29T06:14:31.915Z,467807040,uniswap_v3,1.0000305874761026,camelot_v3,1.00000174685599,1.0000161672,0.288402
2026-05-29T06:15:04.149Z,2026-05-29T06:15:02.008Z,467807160,uniswap_v3,1.0000305874761026,camelot_v3,1.00000174685599,1.0000161672,0.288402
2026-05-29T06:15:34.182Z,2026-05-29T06:15:31.751Z,467807281,uniswap_v3,1.0000305874761026,camelot_v3,1.00000174685599,1.0000161672,0.288402
2026-05-29T06:16:04.211Z,2026-05-29T06:16:02.040Z,467807401,uniswap_v3,1.0000305874761026,camelot_v3,1.00000174685599,1.0000161672,0.288402
2026-05-29T06:16:34.242Z,2026-05-29T06:16:32.089Z,467807521,uniswap_v3,1.0000305874761026,camelot_v3,1.00000174685599,1.0000161672,0.288402
2026-05-29T06:17:04.274Z,2026-05-29T06:17:02.072Z,467807639,uniswap_v3,1.0000305874761026,camelot_v3,1.00000174685599,1.0000161672,0.288402
2026-05-29T06:17:34.305Z,2026-05-29T06:17:31.936Z,467807759,uniswap_v3,1.0000305874761026,camelot_v3,1.00000174685599,1.0000161672,0.288402
2026-05-29T06:18:04.340Z,2026-05-29T06:18:02.026Z,467807879,uniswap_v3,1.0000305874761026,camelot_v3,1.00000174685599,1.0000161672,0.288402
2026-05-29T06:18:34.369Z,2026-05-29T06:18:32.558Z,467807999,uniswap_v3,1.0000305874761026,camelot_v3,1.00000174685599,1.0000161672,0.288402
2026-05-29T06:19:04.403Z,2026-05-29T06:19:02.728Z,467808119,uniswap_v3,1.0000304811020657,camelot_v3,1.00000174685599,1.000016114,0.287338
2026-05-29T06:19:34.434Z,2026-05-29T06:19:31.522Z,467808235,uniswap_v3,1.0000304811020657,camelot_v3,1.0000017431702009,1.0000161121,0.287375
2026-05-29T06:20:01.464Z,2026-05-29T06:20:01.360Z,467808354,uniswap_v3,1.0000304811020657,camelot_v3,1.0000017431702009,1.0000161121,0.287375
2026-05-29T06:20:31.496Z,2026-05-29T06:20:31.404Z,467808473,uniswap_v3,1.0000304811020657,camelot_v3,1.0000017431702009,1.0000161121,0.287375
2026-05-29T06:21:01.529Z,2026-05-29T06:21:01.305Z,467808591,uniswap_v3,1.0000304811020657,camelot_v3,1.0000017431702009,1.0000161121,0.287375
2026-05-29T06:21:31.561Z,2026-05-29T06:21:31.415Z,467808710,uniswap_v3,1.0000304811020657,camelot_v3,1.0000017431702009,1.0000161121,0.287375
2026-05-29T06:22:01.597Z,2026-05-29T06:22:01.421Z,467808834,uniswap_v3,1.0000304811020657,camelot_v3,1.0000017431702009,1.0000161121,0.287375
2026-05-29T06:22:31.630Z,2026-05-29T06:22:31.470Z,467808953,uniswap_v3,1.0000303581733638,camelot_v3,1.0000017431702009,1.0000160507,0.286145
2026-05-29T06:23:01.666Z,2026-05-29T06:23:01.505Z,467809073,uniswap_v3,1.0000299966784103,camelot_v3,1.0000016860951617,1.0000158414,0.283101
2026-05-29T06:23:34.702Z,2026-05-29T06:23:33.948Z,467809193,uniswap_v3,1.0000299757224218,camelot_v3,1.0000014939493755,1.0000157348,0.284813
2026-05-29T06:24:01.736Z,2026-05-29T06:24:01.601Z,467809313,uniswap_v3,1.0000299757224218,camelot_v3,1.0000014939493755,1.0000157348,0.284813
2026-05-29T06:24:34.772Z,2026-05-29T06:24:31.842Z,467809432,uniswap_v3,1.0000299757224218,camelot_v3,1.0000014939493755,1.0000157348,0.284813
2026-05-29T06:25:04.811Z,2026-05-29T06:25:01.859Z,467809553,uniswap_v3,1.0000299757224218,camelot_v3,1.0000014939493755,1.0000157348,0.284813
2026-05-29T06:25:31.846Z,2026-05-29T06:25:31.636Z,467809672,uniswap_v3,1.0000299757224218,camelot_v3,1.0000014939493755,1.0000157348,0.284813
2026-05-29T06:26:01.883Z,2026-05-29T06:26:01.871Z,467809790,uniswap_v3,1.0000299757224218,camelot_v3,1.0000014939493755,1.0000157348,0.284813
2026-05-29T06:26:34.926Z,2026-05-29T06:26:32.139Z,467809910,uniswap_v3,1.0000299757224218,camelot_v3,1.0000014939493755,1.0000157348,0.284813
2026-05-29T06:27:04.960Z,2026-05-29T06:27:02.209Z,467810030,uniswap_v3,1.00002434664361,camelot_v3,1.0000014939493755,1.0000129203,0.228524
2026-05-29T06:27:31.992Z,2026-05-29T06:27:31.971Z,467810149,uniswap_v3,1.00002434664361,camelot_v3,1.0000014939493755,1.0000129203,0.228524
2026-05-29T06:28:02.027Z,2026-05-29T06:28:01.970Z,467810273,uniswap_v3,1.00002434664361,camelot_v3,1.0000014939493755,1.0000129203,0.228524
2026-05-29T06:28:35.073Z,2026-05-29T06:28:32.445Z,467810394,uniswap_v3,1.00002434664361,camelot_v3,1.0000014939493755,1.0000129203,0.228524
2026-05-29T06:29:05.103Z,2026-05-29T06:29:02.265Z,467810513,uniswap_v3,1.00002434664361,camelot_v3,1.0000014939493755,1.0000129203,0.228524
2026-05-29T06:29:35.135Z,2026-05-29T06:29:32.165Z,467810633,uniswap_v3,1.00002434664361,camelot_v3,1.0000014939493755,1.0000129203,0.228524
2026-05-29T06:30:02.163Z,2026-05-29T06:30:02.053Z,467810752,uniswap_v3,1.00002434664361,camelot_v3,1.0000014939493755,1.0000129203,0.228524
2026-05-29T06:30:35.198Z,2026-05-29T06:30:32.214Z,467810872,uniswap_v3,1.00002434664361,camelot_v3,1.0000014939493755,1.0000129203,0.228524
2026-05-29T06:31:05.228Z,2026-05-29T06:31:02.422Z,467810992,uniswap_v3,1.00002434664361,camelot_v3,1.0000014939493755,1.0000129203,0.228524
2026-05-29T06:31:41.266Z,2026-05-29T06:31:38.797Z,467811112,uniswap_v3,1.00002434664361,camelot_v3,1.0000014939493755,1.0000129203,0.228524
2026-05-29T06:32:05.293Z,2026-05-29T06:32:02.527Z,467811232,uniswap_v3,1.00002434664361,camelot_v3,1.0000014939493755,1.0000129203,0.228524
2026-05-29T06:32:35.327Z,2026-05-29T06:32:33.270Z,467811351,uniswap_v3,1.00002434664361,camelot_v3,1.0000014939493755,1.0000129203,0.228524
2026-05-29T06:33:32.392Z,2026-05-29T06:33:31.295Z,467811586,uniswap_v3,1.00002434664361,camelot_v3,1.0000014939493755,1.0000129203,0.228524
2026-05-29T06:34:02.421Z,2026-05-29T06:34:01.138Z,467811706,uniswap_v3,1.00002434664361,camelot_v3,1.0000014939493755,1.0000129203,0.228524
2026-05-29T06:34:32.447Z,2026-05-29T06:34:31.621Z,467811833,uniswap_v3,1.00002434664361,camelot_v3,1.0000014939493755,1.0000129203,0.228524
2026-05-29T06:35:02.480Z,2026-05-29T06:35:01.435Z,467811952,uniswap_v3,1.00002434664361,camelot_v3,1.0000014939493755,1.0000129203,0.228524
2026-05-29T06:35:32.511Z,2026-05-29T06:35:31.783Z,467812072,uniswap_v3,1.00002434664361,camelot_v3,1.0000014939493755,1.0000129203,0.228524
2026-05-29T06:36:02.544Z,2026-05-29T06:36:01.259Z,467812189,uniswap_v3,1.00002434664361,camelot_v3,1.0000014939493755,1.0000129203,0.228524
2026-05-29T06:36:32.576Z,2026-05-29T06:36:31.402Z,467812308,uniswap_v3,1.00002434664361,camelot_v3,1.0000014939493755,1.0000129203,0.228524
2026-05-29T06:37:02.608Z,2026-05-29T06:37:01.496Z,467812428,uniswap_v3,1.00002434664361,camelot_v3,1.0000014939493755,1.0000129203,0.228524
2026-05-29T06:37:32.641Z,2026-05-29T06:37:31.985Z,467812548,uniswap_v3,1.00002434664361,camelot_v3,1.0000014939493755,1.0000129203,0.228524
2026-05-29T06:38:02.676Z,2026-05-29T06:38:01.387Z,467812664,uniswap_v3,1.00002434664361,camelot_v3,1.0000014939493755,1.0000129203,0.228524
2026-05-29T06:38:32.713Z,2026-05-29T06:38:31.531Z,467812785,uniswap_v3,1.00002434664361,camelot_v3,1.0000014939493755,1.0000129203,0.228524
2026-05-29T06:39:02.747Z,2026-05-29T06:39:01.403Z,467812904,uniswap_v3,1.00002434664361,camelot_v3,1.0000014939493755,1.0000129203,0.228524
2026-05-29T06:39:32.783Z,2026-05-29T06:39:31.704Z,467813024,uniswap_v3,1.00002434664361,camelot_v3,1.0000014939493755,1.0000129203,0.228524
2026-05-29T06:40:02.816Z,2026-05-29T06:40:01.634Z,467813142,uniswap_v3,1.00002434664361,camelot_v3,1.0000014939493755,1.0000129203,0.228524
