{"level":"info","message":"--- Starting Data Pipeline ---","timestamp":"2024-12-04T07:41:15.389Z"}
{"level":"info","message":"Fetching token prices from CoinGecko...","timestamp":"2024-12-04T07:41:15.393Z"}
{"level":"info","message":"Fetching token prices from CoinGecko...","timestamp":"2024-12-04T07:41:15.394Z"}
{"level":"info","message":"Fetched token prices successfully.","timestamp":"2024-12-04T07:41:15.651Z"}
{"level":"info","message":"Fetched CoinGecko data successfully.","timestamp":"2024-12-04T07:41:15.652Z"}
{"level":"info","message":"Fetching GMX token prices...","timestamp":"2024-12-04T07:41:15.653Z"}
{"level":"info","message":"Fetching GMX token prices from arbitrum...","timestamp":"2024-12-04T07:41:15.653Z"}
{"level":"info","message":"Token prices fetched successfully.","timestamp":"2024-12-04T07:41:15.860Z"}
{"level":"info","message":"Fetching GMX pairs from arbitrum...","timestamp":"2024-12-04T07:41:15.863Z"}
{"level":"info","message":"Pairs fetched successfully.","timestamp":"2024-12-04T07:41:17.362Z"}
{"level":"info","message":"Fetched GMX data successfully.","timestamp":"2024-12-04T07:41:17.362Z"}
{"level":"info","message":"Analyzing trends from combined data...","timestamp":"2024-12-04T07:41:17.363Z"}
{"level":"info","message":"Starting trend analysis...","timestamp":"2024-12-04T07:41:17.364Z"}
{"level":"info","message":"Trends saved to ./logs/trends-log.json","timestamp":"2024-12-04T07:41:17.365Z"}
{"level":"info","message":"Trend analysis completed.","timestamp":"2024-12-04T07:41:17.365Z"}
{"level":"info","message":"Generating trading signals...","timestamp":"2024-12-04T07:41:17.366Z"}
{"level":"info","message":"Generating trading signals...","timestamp":"2024-12-04T07:41:17.366Z"}
{"level":"error","message":"No trends data provided for signal generation.","timestamp":"2024-12-04T07:41:17.367Z"}
{"level":"info","message":"Generated signals:","timestamp":"2024-12-04T07:41:17.368Z"}
{"level":"info","message":"--- Starting Data Pipeline ---","timestamp":"2024-12-04T07:46:43.248Z"}
{"level":"info","message":"Fetching token prices from CoinGecko...","timestamp":"2024-12-04T07:46:43.252Z"}
{"level":"info","message":"Fetching token prices from CoinGecko...","timestamp":"2024-12-04T07:46:43.253Z"}
{"level":"info","message":"Fetched token prices successfully.","timestamp":"2024-12-04T07:46:43.746Z"}
{"level":"info","message":"Fetched CoinGecko data successfully:","timestamp":"2024-12-04T07:46:43.747Z"}
{"level":"info","message":"Fetching GMX token prices...","timestamp":"2024-12-04T07:46:43.748Z"}
{"level":"info","message":"Fetching GMX token prices from arbitrum...","timestamp":"2024-12-04T07:46:43.748Z"}
{"level":"info","message":"Token prices fetched successfully.","timestamp":"2024-12-04T07:46:44.547Z"}
{"level":"info","message":"Fetching GMX pairs from arbitrum...","timestamp":"2024-12-04T07:46:44.547Z"}
{"level":"info","message":"Pairs fetched successfully.","timestamp":"2024-12-04T07:46:50.077Z"}
{"level":"info","message":"Fetched GMX data successfully.","timestamp":"2024-12-04T07:46:50.078Z"}
{"level":"info","message":"Combined Data for Trend Analysis:","timestamp":"2024-12-04T07:46:50.079Z"}
{"level":"info","message":"Starting trend analysis...","timestamp":"2024-12-04T07:46:50.080Z"}
{"level":"warn","message":"No CoinGecko data provided.","timestamp":"2024-12-04T07:46:50.080Z"}
{"level":"warn","message":"No GMX Arbitrum data provided.","timestamp":"2024-12-04T07:46:50.081Z"}
{"level":"warn","message":"No GMX Avalanche data provided.","timestamp":"2024-12-04T07:46:50.081Z"}
{"level":"info","message":"Trends summary: 0 trend(s) processed.","timestamp":"2024-12-04T07:46:50.081Z"}
{"level":"info","message":"Trends saved to ./logs/trends-log.json","timestamp":"2024-12-04T07:46:50.083Z"}
{"level":"info","message":"Trend analysis completed.","timestamp":"2024-12-04T07:46:50.083Z"}
{"level":"error","message":"No trends data generated. Aborting.","timestamp":"2024-12-04T07:46:50.083Z"}
{"level":"info","message":"--- Starting Data Pipeline ---","timestamp":"2024-12-04T07:59:09.880Z"}
{"level":"info","message":"Fetching token prices from CoinGecko...","timestamp":"2024-12-04T07:59:09.885Z"}
{"level":"info","message":"Fetching token prices from CoinGecko...","timestamp":"2024-12-04T07:59:09.886Z"}
{"level":"info","message":"Token prices fetched successfully:","timestamp":"2024-12-04T07:59:10.150Z"}
{"level":"info","message":"Fetched CoinGecko data successfully:","timestamp":"2024-12-04T07:59:10.151Z"}
{"level":"info","message":"Fetching GMX token prices...","timestamp":"2024-12-04T07:59:10.152Z"}
{"level":"info","message":"Fetching GMX token prices from arbitrum...","timestamp":"2024-12-04T07:59:10.153Z"}
{"level":"info","message":"Token prices fetched successfully:","timestamp":"2024-12-04T07:59:10.358Z"}
{"level":"info","message":"Fetching GMX pairs from arbitrum...","timestamp":"2024-12-04T07:59:10.360Z"}
{"level":"info","message":"Pairs fetched successfully:","timestamp":"2024-12-04T07:59:11.649Z"}
{"level":"info","message":"Fetching GMX token prices from avalanche...","timestamp":"2024-12-04T07:59:11.650Z"}
{"level":"info","message":"Token prices fetched successfully:","timestamp":"2024-12-04T07:59:11.787Z"}
{"level":"info","message":"Fetching GMX pairs from avalanche...","timestamp":"2024-12-04T07:59:11.789Z"}
{"level":"info","message":"Pairs fetched successfully:","timestamp":"2024-12-04T07:59:12.569Z"}
{"level":"info","message":"Fetched GMX data successfully.","timestamp":"2024-12-04T07:59:12.569Z"}
{"level":"info","message":"Combined Data for Trend Analysis:","timestamp":"2024-12-04T07:59:12.570Z"}
{"level":"info","message":"Starting trend analysis...","timestamp":"2024-12-04T07:59:12.571Z"}
{"level":"info","message":"Trends saved to ./logs/trends-log.json","timestamp":"2024-12-04T07:59:12.574Z"}
{"level":"info","message":"Trends summary: 4 trend(s) processed.","timestamp":"2024-12-04T07:59:12.574Z"}
{"level":"info","message":"Trend analysis completed.","timestamp":"2024-12-04T07:59:12.575Z"}
{"level":"info","message":"Trends analysis result:","timestamp":"2024-12-04T07:59:12.575Z"}
{"level":"info","message":"--- Starting Signal Generation ---","timestamp":"2024-12-04T08:13:01.503Z"}
{"level":"info","message":"Generating trading signals...","timestamp":"2024-12-04T08:13:01.508Z"}
{"level":"info","message":"Generated signal for ethereum: Buy","timestamp":"2024-12-04T08:13:01.509Z"}
{"level":"info","message":"Generated signal for zksync: Buy","timestamp":"2024-12-04T08:13:01.509Z"}
{"level":"info","message":"Generated signal for GMX-Arbitrum: Hold","timestamp":"2024-12-04T08:13:01.510Z"}
{"level":"info","message":"Generated signal for GMX-Avalanche: Hold","timestamp":"2024-12-04T08:13:01.510Z"}
{"level":"info","message":"Signals saved to /home/techbu/OFA_Project_Local/ofa-project/logs/signals-log.json","timestamp":"2024-12-04T08:13:01.513Z"}
{"level":"info","message":"Signal generation completed successfully.","timestamp":"2024-12-04T08:13:01.513Z"}
{"level":"info","message":"--- Starting Trade Simulation ---","timestamp":"2024-12-04T08:38:32.150Z"}
{"level":"info","message":"Starting trend analysis...","timestamp":"2024-12-04T08:38:32.156Z"}
{"level":"error","message":"No data provided for analysis.","timestamp":"2024-12-04T08:38:32.157Z"}
{"level":"error","message":"Error during trade simulation: No trends available for simulation.","timestamp":"2024-12-04T08:38:32.157Z"}
{"level":"info","message":"--- Starting Data Pipeline ---","timestamp":"2024-12-04T08:41:06.904Z"}
{"level":"info","message":"Fetching token prices from CoinGecko...","timestamp":"2024-12-04T08:41:06.909Z"}
{"level":"info","message":"Fetching token prices from CoinGecko...","timestamp":"2024-12-04T08:41:06.910Z"}
{"level":"info","message":"Token prices fetched successfully:","timestamp":"2024-12-04T08:41:07.140Z"}
{"level":"info","message":"Fetched CoinGecko data successfully:","timestamp":"2024-12-04T08:41:07.141Z"}
{"level":"info","message":"Fetching GMX token prices...","timestamp":"2024-12-04T08:41:07.141Z"}
{"level":"info","message":"Fetching GMX token prices from arbitrum...","timestamp":"2024-12-04T08:41:07.142Z"}
{"level":"info","message":"Token prices fetched successfully:","timestamp":"2024-12-04T08:41:07.686Z"}
{"level":"info","message":"Fetching GMX pairs from arbitrum...","timestamp":"2024-12-04T08:41:07.689Z"}
{"level":"info","message":"Pairs fetched successfully:","timestamp":"2024-12-04T08:41:09.177Z"}
{"level":"info","message":"Fetching GMX token prices from avalanche...","timestamp":"2024-12-04T08:41:09.178Z"}
{"level":"info","message":"Token prices fetched successfully:","timestamp":"2024-12-04T08:41:09.279Z"}
{"level":"info","message":"Fetching GMX pairs from avalanche...","timestamp":"2024-12-04T08:41:09.280Z"}
{"level":"info","message":"Pairs fetched successfully:","timestamp":"2024-12-04T08:41:10.142Z"}
{"level":"info","message":"Fetched GMX data successfully.","timestamp":"2024-12-04T08:41:10.144Z"}
{"level":"info","message":"Combined Data for Trend Analysis:","timestamp":"2024-12-04T08:41:10.148Z"}
{"level":"info","message":"Starting trend analysis...","timestamp":"2024-12-04T08:41:10.151Z"}
{"level":"info","message":"Trends saved to ./logs/trends-log.json","timestamp":"2024-12-04T08:41:10.155Z"}
{"level":"info","message":"Trends summary: 4 trend(s) processed.","timestamp":"2024-12-04T08:41:10.156Z"}
{"level":"info","message":"Trend analysis completed.","timestamp":"2024-12-04T08:41:10.157Z"}
{"level":"info","message":"Trends analysis result:","timestamp":"2024-12-04T08:41:10.157Z"}
{"level":"info","message":"--- Starting Trade Simulation ---","timestamp":"2024-12-04T08:46:16.508Z"}
{"level":"info","message":"Loading trends data...","timestamp":"2024-12-04T08:46:16.513Z"}
{"level":"info","message":"Trends data loaded successfully.","timestamp":"2024-12-04T08:46:16.515Z"}
{"level":"error","message":"prices for ARBITRUM URL is missing in the configuration.","timestamp":"2024-12-04T08:46:16.516Z"}
{"level":"warn","message":"No GMX price data fetched. Using trends data for simulation.","timestamp":"2024-12-04T08:46:16.523Z"}
{"level":"info","message":"Generating trading signals...","timestamp":"2024-12-04T08:46:16.524Z"}
{"level":"info","message":"Generated signal for ethereum: Buy","timestamp":"2024-12-04T08:46:16.524Z"}
{"level":"info","message":"Generated signal for zksync: Buy","timestamp":"2024-12-04T08:46:16.524Z"}
{"level":"info","message":"Generated signal for GMX-Arbitrum: Hold","timestamp":"2024-12-04T08:46:16.525Z"}
{"level":"info","message":"Generated signal for GMX-Avalanche: Hold","timestamp":"2024-12-04T08:46:16.525Z"}
{"level":"info","message":"Generated Signals:","timestamp":"2024-12-04T08:46:16.526Z"}
{"level":"info","message":"Simulating trade execution...","timestamp":"2024-12-04T08:46:16.526Z"}
{"level":"info","message":"Simulated trade for ethereum: {\n  \"token\": \"ethereum\",\n  \"signal\": \"Buy\",\n  \"entryPrice\": 3703.76,\n  \"profit\": 185.18800000000002,\n  \"timestamp\": \"2024-12-04T08:46:16.527Z\"\n}","timestamp":"2024-12-04T08:46:16.527Z"}
{"level":"info","message":"Simulated trade for zksync: {\n  \"token\": \"zksync\",\n  \"signal\": \"Buy\",\n  \"entryPrice\": 0.229815,\n  \"profit\": 0.011490750000000001,\n  \"timestamp\": \"2024-12-04T08:46:16.527Z\"\n}","timestamp":"2024-12-04T08:46:16.527Z"}
{"level":"info","message":"Simulated trade for GMX-Arbitrum: {\n  \"token\": \"GMX-Arbitrum\",\n  \"signal\": \"Hold\",\n  \"profit\": 0,\n  \"timestamp\": \"2024-12-04T08:46:16.527Z\"\n}","timestamp":"2024-12-04T08:46:16.527Z"}
{"level":"info","message":"Simulated trade for GMX-Avalanche: {\n  \"token\": \"GMX-Avalanche\",\n  \"signal\": \"Hold\",\n  \"profit\": 0,\n  \"timestamp\": \"2024-12-04T08:46:16.528Z\"\n}","timestamp":"2024-12-04T08:46:16.528Z"}
{"level":"info","message":"--- Backtest Summary ---","timestamp":"2024-12-04T08:46:16.528Z"}
{"level":"info","message":"{\n  \"totalTrades\": 4,\n  \"wins\": 2,\n  \"losses\": 2,\n  \"winLossRatio\": \"1.00\",\n  \"totalProfit\": \"185.20\",\n  \"averageProfit\": \"46.30\"\n}","timestamp":"2024-12-04T08:46:16.528Z"}
{"level":"info","message":"Backtest results saved to ./logs/backtest-results.log","timestamp":"2024-12-04T08:46:16.548Z"}
{"level":"info","message":"--- Starting Trade Simulation ---","timestamp":"2024-12-04T08:46:43.163Z"}
{"level":"info","message":"Loading trends data...","timestamp":"2024-12-04T08:46:43.167Z"}
{"level":"info","message":"Trends data loaded successfully.","timestamp":"2024-12-04T08:46:43.169Z"}
{"level":"error","message":"prices for ARBITRUM URL is missing in the configuration.","timestamp":"2024-12-04T08:46:43.170Z"}
{"level":"warn","message":"No GMX price data fetched. Using trends data for simulation.","timestamp":"2024-12-04T08:46:43.176Z"}
{"level":"info","message":"Generating trading signals...","timestamp":"2024-12-04T08:46:43.178Z"}
{"level":"info","message":"Generated signal for ethereum: Buy","timestamp":"2024-12-04T08:46:43.178Z"}
{"level":"info","message":"Generated signal for zksync: Buy","timestamp":"2024-12-04T08:46:43.179Z"}
{"level":"info","message":"Generated signal for GMX-Arbitrum: Hold","timestamp":"2024-12-04T08:46:43.179Z"}
{"level":"info","message":"Generated signal for GMX-Avalanche: Hold","timestamp":"2024-12-04T08:46:43.180Z"}
{"level":"info","message":"Generated Signals:","timestamp":"2024-12-04T08:46:43.180Z"}
{"level":"info","message":"Simulating trade execution...","timestamp":"2024-12-04T08:46:43.182Z"}
{"level":"info","message":"Simulated trade for ethereum: {\n  \"token\": \"ethereum\",\n  \"signal\": \"Buy\",\n  \"entryPrice\": 3703.76,\n  \"profit\": 185.18800000000002,\n  \"timestamp\": \"2024-12-04T08:46:43.182Z\"\n}","timestamp":"2024-12-04T08:46:43.182Z"}
{"level":"info","message":"Simulated trade for zksync: {\n  \"token\": \"zksync\",\n  \"signal\": \"Buy\",\n  \"entryPrice\": 0.229815,\n  \"profit\": 0.011490750000000001,\n  \"timestamp\": \"2024-12-04T08:46:43.183Z\"\n}","timestamp":"2024-12-04T08:46:43.183Z"}
{"level":"info","message":"Simulated trade for GMX-Arbitrum: {\n  \"token\": \"GMX-Arbitrum\",\n  \"signal\": \"Hold\",\n  \"profit\": 0,\n  \"timestamp\": \"2024-12-04T08:46:43.183Z\"\n}","timestamp":"2024-12-04T08:46:43.183Z"}
{"level":"info","message":"Simulated trade for GMX-Avalanche: {\n  \"token\": \"GMX-Avalanche\",\n  \"signal\": \"Hold\",\n  \"profit\": 0,\n  \"timestamp\": \"2024-12-04T08:46:43.183Z\"\n}","timestamp":"2024-12-04T08:46:43.183Z"}
{"level":"info","message":"--- Backtest Summary ---","timestamp":"2024-12-04T08:46:43.184Z"}
{"level":"info","message":"{\n  \"totalTrades\": 4,\n  \"wins\": 2,\n  \"losses\": 2,\n  \"winLossRatio\": \"1.00\",\n  \"totalProfit\": \"185.20\",\n  \"averageProfit\": \"46.30\"\n}","timestamp":"2024-12-04T08:46:43.184Z"}
{"level":"info","message":"Backtest results saved to ./logs/backtest-results.log","timestamp":"2024-12-04T08:46:43.185Z"}
{"level":"info","message":"--- Starting Integration Validation ---","timestamp":"2024-12-08T09:19:54.757Z"}
{"level":"info","message":"Running data pipeline...","timestamp":"2024-12-08T09:19:54.762Z"}
{"level":"info","message":"--- Starting Data Pipeline ---","timestamp":"2024-12-08T09:19:54.763Z"}
{"level":"info","message":"Fetching token prices from CoinGecko...","timestamp":"2024-12-08T09:19:54.764Z"}
{"level":"info","message":"Fetching token prices from CoinGecko...","timestamp":"2024-12-08T09:19:54.765Z"}
{"level":"info","message":"Token prices fetched successfully:","timestamp":"2024-12-08T09:19:55.030Z"}
{"level":"info","message":"Fetched CoinGecko data successfully.","timestamp":"2024-12-08T09:19:55.031Z"}
{"level":"info","message":"Fetching GMX token prices...","timestamp":"2024-12-08T09:19:55.031Z"}
{"level":"error","message":"Error in data pipeline: fetchGmxTokenPrices is not a function","timestamp":"2024-12-08T09:19:55.032Z"}
{"level":"error","message":"Integration validation failed: fetchGmxTokenPrices is not a function","timestamp":"2024-12-08T09:19:55.032Z"}
{"level":"info","message":"--- Starting Integration Validation ---","timestamp":"2024-12-08T09:29:03.305Z"}
{"level":"info","message":"Running data pipeline...","timestamp":"2024-12-08T09:29:03.309Z"}
{"level":"info","message":"--- Starting Data Pipeline ---","timestamp":"2024-12-08T09:29:03.310Z"}
{"level":"info","message":"Fetching token prices from CoinGecko...","timestamp":"2024-12-08T09:29:03.311Z"}
{"level":"info","message":"Fetching token prices from CoinGecko...","timestamp":"2024-12-08T09:29:03.312Z"}
{"level":"info","message":"Token prices fetched successfully:","timestamp":"2024-12-08T09:29:03.585Z"}
{"level":"info","message":"Fetched CoinGecko data successfully.","timestamp":"2024-12-08T09:29:03.586Z"}
{"level":"info","message":"Fetching GMX token data...","timestamp":"2024-12-08T09:29:03.586Z"}
{"level":"info","message":"Fetching GMX data for arbitrum using tickers endpoint with params: {}","timestamp":"2024-12-08T09:29:03.587Z"}
{"level":"info","message":"Fetched data for arbitrum: [{\"tokenAddress\":\"0x7f9FBf9bDd3F4105C478b996B648FE6e828a1e98\",\"tokenSymbol\":\"APE\",\"minPrice\":\"1831291723654\",\"maxPrice\":\"1832246395792\",\"updatedAt\":1733650142775,\"timestamp\":1733650142},{\"tokenAddress\":\"0x74885b4D524d497261259B38900f54e6dbAd2210\",\"tokenSymbol\":\"APE_deprecated\",\"minPrice\":\"1831291723654\",\"maxPrice\":\"1832246395792\",\"updatedAt\":1733650142775,\"timestamp\":1733650142},{\"tokenAddress\":\"0x3f8f0dCE4dCE4d0D1d0871941e79CDA82cA50d0B\",\"tokenSymbol\":\"APT\",\"minPrice\":\"142717900000000000000000\",\"maxPrice\":\"142782564963094900000000\",\"updatedAt\":1733650142623,\"timestamp\":1733650142},{\"tokenAddress\":\"0x3Eea56A1ccCdbfB70A26aD381C71Ee17E4c8A15F\",\"tokenSymbol\":\"BOME\",\"minPrice\":\"10326606000000000000000\",\"maxPrice\":\"10328365318634465000000\",\"updatedAt\":1733650142674,\"timestamp\":1733650142},{\"tokenAddress\":\"0xaF770F03518686a365300ab35AD860e99967B2f0\",\"tokenSymbol\":\"MEME\",\"minPrice\":\"17549926317\",\"maxPrice\":\"17559147513\",\"updatedAt\":1733650143529,\"timestamp\":1733650143},{\"tokenAddress\":\"0x6792c5B8962ffbDD020c6b6FD0Be7b182e0e33a3\",\"tokenSymbol\":\"FLOKI\",\"minPrice\":\"250576477492535000\",\"maxPrice\":\"250601235545934000\",\"updatedAt\":1733650142975,\"timestamp\":1733650142},{\"tokenAddress\":\"0x5503CF72f54b6d692d36BBCD391516A7dE068687\",\"tokenSymbol\":\"MEW\",\"minPrice\":\"96350127729604660000000\",\"maxPrice\":\"96385221520289300000000\",\"updatedAt\":1733650142524,\"timestamp\":1733650142},{\"tokenAddress\":\"0x82aF49447D8a07e3bd95BD0d56f35241523fBab1\",\"tokenSymbol\":\"ETH\",\"minPrice\":\"3956814700000000\",\"maxPrice\":\"3956928604000000\",\"updatedAt\":1733650142524,\"timestamp\":1733650142},{\"tokenAddress\":\"0x938aef36CAaFbcB37815251B602168087eC14648\",\"tokenSymbol\":\"TAO\",\"minPrice\":\"690830288972300050000000\",\"maxPrice\":\"690958088266199650000000\",\"updatedAt\":1733650142724,\"timestamp\":1733650142},{\"tokenAddress\":\"0x1FD10E767187A92f0AB2ABDEEF4505e319cA06B2\",\"tokenSymbol\":\"BONK\",\"minPrice\":\"451515000000000000000\",\"maxPrice\":\"451662000000000000000\",\"updatedAt\":1733650142724,\"timestamp\":1733650142},{\"tokenAddress\":\"0x75B9AdD873641b253718810E6c65dB6d72311FD0\",\"tokenSymbol\":\"WLD\",\"minPrice\":\"3715912909942\",\"maxPrice\":\"3717053944482\",\"updatedAt\":1733650142775,\"timestamp\":1733650142},{\"tokenAddress\":\"0x47904963fc8b2340414262125aF798B9655E58Cd\",\"tokenSymbol\":\"BTC\",\"minPrice\":\"993141767634547400000000000\",\"maxPrice\":\"993188660000000000000000000\",\"updatedAt\":1733650142623,\"timestamp\":1733650142},{\"tokenAddress\":\"0x6c84a8f1c29108F47a79964b5Fe888D4f4D0dE40\",\"tokenSymbol\":\"tBTC\",\"minPrice\":\"99314176763454740\",\"maxPrice\":\"99318866000000000\",\"updatedAt\":1733650142623,\"timestamp\":1733650142},{\"tokenAddress\":\"0x2f2a2543B76A4166549F7aaB2e75Bef0aefC5B0f\",\"tokenSymbol\":\"WBTC.b\",\"minPrice\":\"993141767634547400000000000\",\"maxPrice\":\"993188660000000000000000000\",\"updatedAt\":1733650142623,\"timestamp\":1733650142},{\"tokenAddress\":\"0xC4da4c24fd591125c3F47b340b6f4f76111883d8\",\"tokenSymbol\":\"DOGE\",\"minPrice\":\"4561560900000000000000\",\"maxPrice\":\"4561924000000000000000\",\"updatedAt\":1733650143529,\"timestamp\":1733650143},{\"tokenAddress\":\"0x606C3e5075e5555e79Aa15F1E9FACB776F96C248\",\"tokenSymbol\":\"EIGEN\",\"minPrice\":\"4507340404210\",\"maxPrice\":\"4510319865343\",\"updatedAt\":1733650141715,\"timestamp\":1733650141},{\"tokenAddress\":\"0xB46A094Bc4B0adBD801E14b9DB95e05E28962764\",\"tokenSymbol\":\"LTC\",\"minPrice\":\"1317160660000000000000000\",\"maxPrice\":\"1317426374499419200000000\",\"updatedAt\":1733650142623,\"timestamp\":1733650142},{\"tokenAddress\":\"0x3E57D02f9d196873e55727382974b02EdebE6bfd\",\"tokenSymbol\":\"SHIB\",\"minPrice\":\"31598101\",\"maxPrice\":\"31607590\",\"updatedAt\":1733650141765,\"timestamp\":1733650141},{\"tokenAddress\":\"0x2bcC6D6CdBbDC0a4071e48bb3B969b06B3330c07\",\"tokenSymbol\":\"SOL\",\"minPrice\":\"235759473713696600000000\",\"maxPrice\":\"235783180000000000000000\",\"updatedAt\":1733650142724,\"timestamp\":1733650142},{\"tokenAddress\":\"0x197aa2DE1313c7AD50184234490E12409B2a1f95\",\"tokenSymbol\":\"SUI\",\"minPrice\":\"4178091000000000000000\",\"maxPrice\":\"4178505168650497000000\",\"updatedAt\":1733650142674,\"timestamp\":1733650142},{\"tokenAddress\":\"0x55e85A147a1029b985384822c0B2262dF8023452\",\"tokenSymbol\":\"SEI\",\"minPrice\":\"673900896335\",\"maxPrice\":\"674032640646\",\"updatedAt\":1733650142674,\"timestamp\":1733650142},{\"tokenAddress\":\"0xBaf07cF91D413C0aCB2b7444B9Bf13b4e03c9D71\",\"tokenSymbol\":\"STX\",\"minPrice\":\"2596448105600251250000000\",\"maxPrice\":\"2597476400000000000000000\",\"updatedAt\":1733650141464,\"timestamp\":1733650141},{\"tokenAddress\":\"0xFa7F8980b0f1E64A2062791cc3b0871572f1F7f0\",\"tokenSymbol\":\"UNI\",\"minPrice\":\"18357675727774\",\"maxPrice\":\"18362442681475\",\"updatedAt\":1733650142067,\"timestamp\":1733650141},{\"tokenAddress\":\"0xf97f4df75117a78c1A5a0DBb814Af92458539FB4\",\"tokenSymbol\":\"LINK\",\"minPrice\":\"26023583769291\",\"maxPrice\":\"26034883719115\",\"updatedAt\":1733650141966,\"timestamp\":1733650141},{\"tokenAddress\":\"0x912CE59144191C1204E64559FE8253a0e49E6548\",\"tokenSymbol\":\"ARB\",\"minPrice\":\"1150757248823\",\"maxPrice\":\"1151166379664\",\"updatedAt\":1733650142574,\"timestamp\":1733650142},{\"tokenAddress\":\"0xc14e065b0067dE91534e032868f5Ac6ecf2c6868\",\"tokenSymbol\":\"XRP\",\"minPrice\":\"2530178428305459400000000\",\"maxPrice\":\"2530576553559936000000000\",\"updatedAt\":1733650142623,\"timestamp\":1733650142},{\"tokenAddress\":\"0xaf88d065e77c8cC2239327C5EDb3A432268e5831\",\"tokenSymbol\":\"USDC\",\"minPrice\":\"999802977377341100000000\",\"maxPrice\":\"999970000000000000000000\",\"updatedAt\":1733650142623,\"timestamp\":1733650142},{\"tokenAddress\":\"0xFF970A61A04b1cA14834A43f5dE4533eBDDB5CC8\",\"tokenSymbol\":\"USDC.e\",\"minPrice\":\"999802977377341100000000\",\"maxPrice\":\"999970000000000000000000\",\"updatedAt\":1733650142623,\"timestamp\":1733650142},{\"tokenAddress\":\"0xFd086bC7CD5C481DCC9C85ebE478A1C0b69FCbb9\",\"tokenSymbol\":\"USDT\",\"minPrice\":\"1000501538086720400000000\",\"maxPrice\":\"1000563432919954400000000\",\"updatedAt\":1733650142724,\"timestamp\":1733650142},{\"tokenAddress\":\"0xDA10009cBd5D07dd0CeCc66161FC93D7c9000da1\",\"tokenSymbol\":\"DAI\",\"minPrice\":\"999744277219\",\"maxPrice\":\"1000000000000\",\"updatedAt\":1733650143578,\"timestamp\":1733650143},{\"tokenAddress\":\"0xa9004A5421372E1D83fB1f85b0fc986c912f91f3\",\"tokenSymbol\":\"BNB\",\"minPrice\":\"738791320977657\",\"maxPrice\":\"738811203278796\",\"updatedAt\":1733650143124,\"timestamp\":1733650142},{\"tokenAddress\":\"0x7D7F1765aCbaF847b9A1f7137FE8Ed4931FbfEbA\",\"tokenSymbol\":\"ATOM\",\"minPrice\":\"9990899800325155500000000\",\"maxPrice\":\"9993486593714626000000000\",\"updatedAt\":1733650142724,\"timestamp\":1733650142},{\"tokenAddress\":\"0x1FF7F3EFBb9481Cbd7db4F932cBCD4467144237C\",\"tokenSymbol\":\"NEAR\",\"minPrice\":\"7578018\",\"maxPrice\":\"7579351\",\"updatedAt\":1733650142574,\"timestamp\":1733650142},{\"tokenAddress\":\"0xba5DdD1f9d7F570dc94a51479a000E3BCE967196\",\"tokenSymbol\":\"AAVE\",\"minPrice\":\"279711645714922\",\"maxPrice\":\"279757399142271\",\"updatedAt\":1733650142975,\"timestamp\":1733650142},{\"tokenAddress\":\"0x565609fAF65B92F7be02468acF86f8979423e514\",\"tokenSymbol\":\"AVAX\",\"minPrice\":\"51034599590373\",\"maxPrice\":\"51046743619287\",\"updatedAt\":1733650143479,\"timestamp\":1733650143},{\"tokenAddress\":\"0xaC800FD6159c2a2CB8fC31EF74621eB430287a5A\",\"tokenSymbol\":\"OP\",\"minPrice\":\"2642216300000\",\"maxPrice\":\"2643040500000\",\"updatedAt\":1733650142524,\"timestamp\":1733650142},{\"tokenAddress\":\"0x1E15d08f3CA46853B692EE28AE9C7a0b88a9c994\",\"tokenSymbol\":\"ORDI\",\"minPrice\":\"47486995000000\",\"maxPrice\":\"47496957000000\",\"updatedAt\":1733650142724,\"timestamp\":1733650142},{\"tokenAddress\":\"0x38676f62d166f5CE7De8433F51c6B3D6D9d66C19\",\"tokenSymbol\":\"TIA\",\"minPrice\":\"8252615994614258000000000\",\"maxPrice\":\"8254229571384181000000000\",\"updatedAt\":1733650142975,\"timestamp\":1733650142},{\"tokenAddress\":\"0xb06aa7E4af937C130dDade66f6ed7642716fe07A\",\"tokenSymbol\":\"TRX\",\"minPrice\":\"312247271740400800000000\",\"maxPrice\":\"312344767324409470000000\",\"updatedAt\":1733650142674,\"timestamp\":1733650142},{\"tokenAddress\":\"0xB2f7cefaeEb08Aa347705ac829a7b8bE2FB560f3\",\"tokenSymbol\":\"TON\",\"minPrice\":\"6723913829966222800000\",\"maxPrice\":\"6724927895537118000000\",\"updatedAt\":1733650142674,\"timestamp\":1733650142},{\"tokenAddress\":\"0xfc5A1A6EB076a2C7aD06eD22C90d7E710E35ad0a\",\"tokenSymbol\":\"GMX\",\"minPrice\":\"40870056881398\",\"maxPrice\":\"40881765800487\",\"updatedAt\":1733650142975,\"timestamp\":1733650142},{\"tokenAddress\":\"0xA1b91fe9FD52141Ff8cac388Ce3F10BFDc1dE79d\",\"tokenSymbol\":\"WIF\",\"minPrice\":\"3696702520734555000000000\",\"maxPrice\":\"3697912263327526000000000\",\"updatedAt\":1733650142775,\"timestamp\":1733650142},{\"tokenAddress\":\"0x25d887Ce7a35172C62FeBFD67a1856F20FaEbB00\",\"tokenSymbol\":\"PEPE\",\"minPrice\":\"24582842\",\"maxPrice\":\"24593791\",\"updatedAt\":1733650143529,\"timestamp\":1733650143},{\"tokenAddress\":\"0x0c880f6761F1af8d9Aa9C466984b80DAb9a8c9e8\",\"tokenSymbol\":\"PENDLE\",\"minPrice\":\"6634624077956\",\"maxPrice\":\"6636008450667\",\"updatedAt\":1733650142775,\"timestamp\":1733650142},{\"tokenAddress\":\"0x5979D7b546E38E414F7E9822514be443A4800529\",\"tokenSymbol\":\"wstETH\",\"minPrice\":\"4693047081735197\",\"maxPrice\":\"4694067137383152\",\"updatedAt\":1733650142724,\"timestamp\":1733650142},{\"tokenAddress\":\"0x5d3a1Ff2b6BAb83b63cd9AD0787074081a52ef34\",\"tokenSymbol\":\"USDe\",\"minPrice\":\"1001941900000\",\"maxPrice\":\"1002061200000\",\"updatedAt\":1733650142674,\"timestamp\":1733650142},{\"tokenAddress\":\"0x2cD2eB61D17b78239Fcd19aafF72981B5D5eF319\",\"tokenSymbol\":\"SATS\",\"minPrice\":\"306249000000000000\",\"maxPrice\":\"306358310082000000\",\"updatedAt\":1733650142674,\"timestamp\":1733650142},{\"tokenAddress\":\"0x9c74772b713a1B032aEB173E28683D937E51921c\",\"tokenSymbol\":\"POL\",\"minPrice\":\"687439150000\",\"maxPrice\":\"687580230000\",\"updatedAt\":1733650142623,\"timestamp\":1733650142},{\"tokenAddress\":\"0x53186c8419BEB83fE4Da74F7875041a1287337ED\",\"tokenSymbol\":\"ADA\",\"minPrice\":\"1191517537078039600000000\",\"maxPrice\":\"1191710853794816950000000\",\"updatedAt\":1733650142924,\"timestamp\":1733650142},{\"tokenAddress\":\"0xc5dbD52Ae5a927Cf585B884011d0C7631C9974c6\",\"tokenSymbol\":\"XLM\",\"minPrice\":\"48114353521780220000000\",\"maxPrice\":\"48126113401999443000000\",\"updatedAt\":1733650142724,\"timestamp\":1733650142},{\"tokenAddress\":\"0xc33D9C096e74aa4f571E9417b69a19C4A1e72ef2\",\"tokenSymbol\":\"BCH\",\"minPrice\":\"6087749000000000000000000\",\"maxPrice\":\"6089059000000000000000000\",\"updatedAt\":1733650142674,\"timestamp\":1733650142},{\"tokenAddress\":\"0xE958f107b467d5172573F761d26931D658C1b436\",\"tokenSymbol\":\"DOT\",\"minPrice\":\"1035112409266591800000\",\"maxPrice\":\"1035474171063122600000\",\"updatedAt\":1733650143529,\"timestamp\":1733650143},{\"tokenAddress\":\"0xdaf0A71608938F762e37eC5F72F670Cc44703454\",\"tokenSymbol\":\"ICP\",\"minPrice\":\"143174708298574850000000\",\"maxPrice\":\"143195377225961685000000\",\"updatedAt\":1733650142724,\"timestamp\":1733650142},{\"tokenAddress\":\"0x82BB89fcc64c5d4016C5Ed1AB016bB0D1C20D6C3\",\"tokenSymbol\":\"RENDER\",\"minPrice\":\"10120611527341\",\"maxPrice\":\"10122542216193\",\"updatedAt\":1733650143529,\"timestamp\":1733650143}]","timestamp":"2024-12-08T09:29:04.007Z"}
{"level":"info","message":"Fetching GMX data for avalanche using tickers endpoint with params: {}","timestamp":"2024-12-08T09:29:04.011Z"}
{"level":"info","message":"Fetched data for avalanche: [{\"tokenAddress\":\"0xB31f66AA3C1e785363F0875A1B74E27b85FD66c7\",\"tokenSymbol\":\"AVAX\",\"minPrice\":\"51034599590373\",\"maxPrice\":\"51046743619287\",\"updatedAt\":1733650143468,\"timestamp\":1733650143},{\"tokenAddress\":\"0x49D5c2BdFfac6CE2BFdB6640F4F80f226bc10bAB\",\"tokenSymbol\":\"ETH\",\"minPrice\":\"3956800218283476\",\"maxPrice\":\"3956922203000000\",\"updatedAt\":1733650143769,\"timestamp\":1733650143},{\"tokenAddress\":\"0x152b9d0FdC40C096757F570A51E494bd4b943E50\",\"tokenSymbol\":\"BTC\",\"minPrice\":\"993142468729671700000000000\",\"maxPrice\":\"993188690000000000000000000\",\"updatedAt\":1733650143619,\"timestamp\":1733650143},{\"tokenAddress\":\"0x5947BB275c521040051D82396192181b413227A3\",\"tokenSymbol\":\"LINK\",\"minPrice\":\"26023583769291\",\"maxPrice\":\"26034883719115\",\"updatedAt\":1733650141950,\"timestamp\":1733650141},{\"tokenAddress\":\"0xFE6B19286885a4F7F55AdAD09C3Cd1f906D2478F\",\"tokenSymbol\":\"SOL\",\"minPrice\":\"235756945211376150000000\",\"maxPrice\":\"235779850000000000000000\",\"updatedAt\":1733650143719,\"timestamp\":1733650143},{\"tokenAddress\":\"0xC301E6fe31062C557aEE806cc6A841aE989A3ac6\",\"tokenSymbol\":\"DOGE\",\"minPrice\":\"4561560900000000000000\",\"maxPrice\":\"4561924000000000000000\",\"updatedAt\":1733650143518,\"timestamp\":1733650143},{\"tokenAddress\":\"0x8E9C35235C38C44b5a53B56A41eaf6dB9a430cD6\",\"tokenSymbol\":\"LTC\",\"minPrice\":\"1317165430000000000000000\",\"maxPrice\":\"1317446696047085200000000\",\"updatedAt\":1733650143719,\"timestamp\":1733650143},{\"tokenAddress\":\"0xB97EF9Ef8734C71904D8002F8b6Bc66Dd9c48a6E\",\"tokenSymbol\":\"USDC\",\"minPrice\":\"999802980774731400000000\",\"maxPrice\":\"999970000000000000000000\",\"updatedAt\":1733650143820,\"timestamp\":1733650143},{\"tokenAddress\":\"0xA7D7079b0FEaD91F3e65f86E8915Cb59c1a4C664\",\"tokenSymbol\":\"USDC.e\",\"minPrice\":\"999802980774731400000000\",\"maxPrice\":\"999970000000000000000000\",\"updatedAt\":1733650143820,\"timestamp\":1733650143},{\"tokenAddress\":\"0x9702230A8Ea53601f5cD2dc00fDBc13d4dF4A8c7\",\"tokenSymbol\":\"USDT\",\"minPrice\":\"1000501538086720400000000\",\"maxPrice\":\"1000564000000000000000000\",\"updatedAt\":1733650143918,\"timestamp\":1733650143},{\"tokenAddress\":\"0xc7198437980c041c805A1EDcbA50c1Ce5db95118\",\"tokenSymbol\":\"USDT.e\",\"minPrice\":\"1000501538086720400000000\",\"maxPrice\":\"1000564000000000000000000\",\"updatedAt\":1733650143918,\"timestamp\":1733650143},{\"tokenAddress\":\"0xd586E7F844cEa2F87f50152665BCbc2C279D8d70\",\"tokenSymbol\":\"DAI.e\",\"minPrice\":\"999744277219\",\"maxPrice\":\"1000000000000\",\"updatedAt\":1733650143619,\"timestamp\":1733650143},{\"tokenAddress\":\"0x34B2885D617cE2ddeD4F60cCB49809fc17bb58Af\",\"tokenSymbol\":\"XRP\",\"minPrice\":\"2530055921470138400000000\",\"maxPrice\":\"2530319679248980600000000\",\"updatedAt\":1733650143869,\"timestamp\":1733650143},{\"tokenAddress\":\"0x62edc0692BD897D2295872a9FFCac5425011c661\",\"tokenSymbol\":\"GMX\",\"minPrice\":\"40870167381398\",\"maxPrice\":\"40881875800487\",\"updatedAt\":1733650144070,\"timestamp\":1733650143}]","timestamp":"2024-12-08T09:29:04.921Z"}
{"level":"info","message":"Fetching GMX data for arbitrum using candles endpoint with params: {\"tokenSymbol\":\"ETH\",\"period\":\"1d\"}","timestamp":"2024-12-08T09:29:04.922Z"}
{"level":"info","message":"Fetched data for arbitrum: {\"period\":\"1d\",\"candles\":[[1733616000,4000.01,4012.6,3939.57,3956.86],[1733529600,4005.13,4030.15,3973.19,4000.01],[1733443200,3789.41,4095.54,3781.49,4005.13],[1733356800,3844.04,3958.53,3685.52,3789.41],[1733270400,3617.25,3896.98,3616.97,3844.04],[1733184000,3644.6,3670.86,3502.98,3617.25],[1733097600,3710.08,3762.71,3556.84,3644.6],[1733011200,3705.93,3748.76,3661.3,3710.08],[1732924800,3593.55,3740.59,3570.3,3705.93],[1732838400,3579.25,3649.12,3535.69,3593.55],[1732752000,3657.1,3665.27,3530.7,3579.25],[1732665600,3323.31,3688.62,3300.9,3657.1],[1732579200,3414.64,3462.72,3254.06,3323.31],[1732492800,3364.68,3546.15,3304.07,3414.64],[1732406400,3397.3,3453.41,3286.83,3364.68],[1732320000,3331.44,3500.2,3316.53,3397.3],[1732233600,3359.82,3429.48,3262.59,3331.44],[1732147200,3072.04,3390.18,3035.27,3359.82],[1732060800,3111.66,3161.35,3032.2,3072.04],[1731974400,3210.05,3223.03,3069.84,3111.66],[1731888000,3076.46,3225.99,3050.61,3210.05],[1731801600,3133.75,3161.67,3037.29,3076.46],[1731715200,3090.85,3220.17,3072.83,3133.75],[1731628800,3058.84,3131.19,3014.89,3090.85],[1731542400,3191.23,3242.32,3031.25,3058.84],[1731456000,3247.23,3338.83,3121.31,3191.23],[1731369600,3375.65,3445.39,3210.61,3247.23],[1731283200,3185.9,3391.35,3108.35,3375.65],[1731196800,3128.03,3251.14,3070.79,3185.9],[1731110400,2963.81,3158.03,2956.57,3128.03],[1731024000,2897.19,2985.35,2888.98,2963.81],[1730937600,2724.34,2920.02,2701.35,2897.19],[1730851200,2422.37,2746.37,2420.4,2724.34],[1730764800,2396.96,2479.35,2379.52,2422.37],[1730678400,2456.53,2489.7,2357.19,2396.96],[1730592000,2493.15,2495.63,2410.06,2456.53],[1730505600,2510.43,2522.17,2470,2493.15],[1730419200,2514.99,2585.01,2466.06,2510.43],[1730332800,2658.2,2667.91,2500.3,2514.99],[1730246400,2637.55,2721.01,2598.62,2658.2],[1730160000,2565.68,2681.21,2559.51,2637.55],[1730073600,2505.05,2587.63,2468.45,2565.68],[1729987200,2479.41,2524.41,2461.07,2505.05],[1729900800,2435.99,2504.16,2425.57,2479.41],[1729814400,2534.22,2563.99,2379.81,2435.99],[1729728000,2521.98,2558.88,2505.68,2534.22],[1729641600,2620.98,2625.11,2453.1,2521.98],[1729555200,2665.32,2670.33,2604.72,2620.98],[1729468800,2746.05,2768.25,2654.28,2665.32],[1729382400,2647.93,2758.11,2635.28,2746.05],[1729296000,2641.95,2662.93,2630.83,2647.93],[1729209600,2604.83,2675.38,2595.36,2641.95],[1729123200,2610.61,2647.31,2574.98,2604.83],[1729036800,2606.86,2646.7,2588.55,2610.61],[1728950400,2628.71,2687.19,2537.01,2606.86],[1728864000,2467.84,2653.11,2442.44,2628.71],[1728777600,2475.77,2484.21,2435.93,2467.84],[1728691200,2438.66,2489.49,2433.35,2475.77],[1728604800,2384.38,2471,2379.87,2438.66],[1728518400,2368.35,2417.92,2328.36,2384.38],[1728432000,2439.39,2471.82,2349.38,2368.35],[1728345600,2422.04,2464.78,2400.13,2439.39],[1728259200,2439.63,2520.3,2402.93,2422.04],[1728172800,2414.5,2457.31,2406.81,2439.63],[1728086400,2414.4,2428.01,2389.72,2414.5],[1728000000,2349.73,2440.84,2338.97,2414.4],[1727913600,2363.61,2403.05,2309.58,2349.73],[1727827200,2447.94,2498.41,2352.45,2363.61],[1727740800,2601.32,2657.92,2413.22,2447.94],[1727654400,2658.01,2663.58,2574.13,2601.32],[1727568000,2675.64,2683.81,2634.68,2658.01],[1727481600,2695.2,2704.87,2650.56,2675.64],[1727395200,2632.51,2728.62,2615.51,2695.2],[1727308800,2579.46,2666.44,2558.88,2632.51],[1727222400,2653.35,2673.62,2555.32,2579.46],[1727136000,2647,2671.24,2591.71,2653.35],[1727049600,2581.12,2703.39,2540.12,2647],[1726963200,2613.24,2632.26,2525.73,2581.12],[1726876800,2561.6,2622.26,2529.46,2613.24],[1726790400,2465.57,2571.94,2438.11,2561.6],[1726704000,2374.73,2494.38,2372.81,2465.57],[1726617600,2342.02,2376.07,2277.55,2374.73],[1726531200,2295.37,2393.82,2263.3,2342.02],[1726444800,2316.22,2335.32,2252.54,2295.37],[1726358400,2418.38,2430.94,2285.76,2316.22],[1726272000,2441.11,2442.5,2380.73,2418.38],[1726185600,2361.75,2464.46,2337.4,2441.11],[1726099200,2340.74,2391.83,2315.08,2361.75],[1726012800,2388.48,2389.54,2277.98,2340.74],[1725926400,2359.8,2399.02,2321.13,2388.48],[1725840000,2297.2,2380.05,2272.95,2359.8],[1725753600,2273.27,2332.41,2241.63,2297.2],[1725667200,2224.53,2311.01,2221.48,2273.27],[1725580800,2367.87,2407.54,2150.09,2224.53],[1725494400,2450.33,2465.82,2347.84,2367.87],[1725408000,2424.66,2489.54,2308.57,2450.33],[1725321600,2537.92,2553.28,2415.72,2424.66],[1725235200,2426.03,2564.12,2423.58,2537.92],[1725148800,2512.82,2515.91,2400.17,2426.03],[1725062400,2525.45,2533.44,2492.19,2512.82],[1724976000,2527.95,2548.9,2432.21,2525.45],[1724889600,2527.95,2596.4,2506.18,2527.95],[1724803200,2457.74,2554.98,2420.14,2527.95],[1724716800,2681.06,2700.19,2399,2457.74],[1724630400,2747.49,2763.32,2667.78,2681.06],[1724544000,2769.78,2793.34,2734.98,2747.49],[1724457600,2764.76,2820.48,2734.88,2769.78],[1724371200,2623.22,2800.64,2621.54,2764.76],[1724284800,2631.16,2645.53,2585.18,2623.22],[1724198400,2573.01,2664.04,2537.37,2631.16],[1724112000,2637.39,2696.52,2555.51,2573.01],[1724025600,2612.37,2648.71,2564.66,2637.39],[1723939200,2614.71,2686.58,2594.86,2612.37],[1723852800,2593.55,2627.72,2588.07,2614.71],[1723766400,2570.31,2630.45,2551.94,2593.55],[1723680000,2661.77,2675.67,2517.99,2570.31],[1723593600,2703.32,2779.37,2635.5,2661.77],[1723507200,2723.08,2738.78,2612.03,2703.32],[1723420800,2555.52,2749.97,2511.29,2723.08],[1723334400,2610.54,2719.1,2541.26,2555.52],[1723248000,2599.83,2644.87,2577.6,2610.54],[1723161600,2683.95,2707.34,2553.69,2599.83],[1723075200,2343.24,2723.69,2321.07,2683.95],[1722988800,2462.64,2551.89,2309.39,2343.24],[1722902400,2419.93,2554.68,2416.49,2462.64],[1722816000,2688.04,2696.31,2111.95,2419.93],[1722729600,2901.96,2932.37,2631.09,2688.04],[1722643200,2985.91,3015.85,2858.77,2901.96],[1722556800,3200.69,3215.58,2964.51,2985.91],[1722470400,3231.67,3241.86,3077.7,3200.69],[1722384000,3278.37,3348.12,3213.44,3231.67],[1722297600,3317.21,3365.52,3234.02,3278.37],[1722211200,3270.01,3396.59,3257.23,3317.21],[1722124800,3249.26,3283.58,3199.18,3270.01],[1722038400,3274.99,3327.72,3191.97,3249.26],[1721952000,3174.28,3286.04,3169.78,3274.99],[1721865600,3335.34,3341.59,3086.87,3174.28],[1721779200,3482.88,3487.84,3302.8,3335.34],[1721692800,3440.84,3540.22,3391.71,3482.88],[1721606400,3536.06,3562.4,3424.58,3440.84],[1721520000,3518.61,3547.21,3413.61,3536.06],[1721433600,3505.7,3540.62,3482.01,3518.61],[1721347200,3425.71,3541.45,3376.49,3505.7],[1721260800,3387.31,3489.65,3368.21,3425.71],[1721174400,3446.25,3517.78,3377.38,3387.31],[1721088000,3485.49,3499.11,3348.35,3446.25],[1721001600,3246.12,3495.59,3234.74,3485.49],[1720915200,3176.72,3268.45,3164.62,3246.12],[1720828800,3134.78,3202.62,3114.35,3176.72],[1720742400,3099.42,3158.07,3047.57,3134.78],[1720656000,3100.57,3215.09,3054.85,3099.42],[1720569600,3066.45,3150.39,3024.64,3100.57],[1720483200,3018.45,3112.67,3003.89,3066.45],[1720396800,2930.82,3093.18,2824.04,3018.45],[1720310400,3067.35,3073.75,2922.33,2930.82],[1720224000,2981.85,3081.1,2955.87,3067.35],[1720137600,3058.7,3107.97,2820.35,2981.85],[1720051200,3292.05,3309.7,3050.36,3058.7],[1719964800,3416.24,3426.91,3249.98,3292.05],[1719878400,3438.62,3460.05,3397.62,3416.24],[1719792000,3432.44,3518.42,3422.19,3438.62],[1719705600,3373.31,3454.11,3350.01,3432.44],[1719619200,3373.74,3402.92,3366.83,3373.31],[1719532800,3445.56,3483.91,3362.31,3373.74],[1719446400,3368.98,3473.55,3360.07,3445.56],[1719360000,3393.26,3424.34,3324.61,3368.98],[1719273600,3350.92,3427.09,3335.28,3393.26],[1719187200,3418.54,3433.31,3241.05,3350.92],[1719100800,3494.07,3519.75,3405.76,3418.54],[1719014400,3516.65,3519.24,3473.87,3494.07],[1718928000,3512.1,3545.24,3445.77,3516.65],[1718841600,3559.08,3624.24,3484.84,3512.1],[1718755200,3482.71,3586.47,3464.95,3559.08],[1718668800,3509.05,3514.27,3353.88,3482.71],[1718582400,3621.7,3635.65,3463.8,3509.05],[1718496000,3566.65,3650.94,3538.98,3621.7],[1718409600,3479.73,3591.5,3471.23,3566.65],[1718323200,3469.06,3531.04,3360.85,3479.73],[1718236800,3559.93,3561.58,3428.21,3469.06],[1718150400,3496.14,3654.64,3461.17,3559.93],[1718064000,3666.82,3671.69,3430.43,3496.14],[1717977600,3706.08,3712.62,3644.15,3666.82],[1717891200,3680.26,3721.19,3665.58,3706.08],[1717804800,3676.09,3707.18,3660.55,3680.26],[1717718400,3812.1,3840.02,3585.93,3676.09],[1717632000,3864.91,3877.51,3760.41,3812.1],[1717545600,3809.85,3886.37,3777.32,3864.91],[1717459200,3766.57,3831.2,3731.32,3809.85],[1717372800,3778.79,3849.45,3758.51,3766.57],[1717286400,3812.5,3835.02,3750.59,3778.79],[1717200000,3760.27,3829.96,3750.62,3812.5],[1717113600,3746.06,3843.82,3722.47,3760.28],[1717027200,3764.42,3823.21,3700.41,3746.36],[1716940800,3840.71,3883.73,3741.69,3764.42],[1716854400,3891.81,3928.61,3770.13,3840.71],[1716768000,3825.26,3974.53,3822.18,3891.81],[1716681600,3749.23,3881,3731.24,3825.26],[1716595200,3726.44,3777.3,3707.32,3749.23],[1716508800,3782.52,3827.82,3628.55,3726.44],[1716422400,3737.36,3946.84,3533.36,3782.52],[1716336000,3789.26,3812.89,3653.19,3737.36],[1716249600,3661.79,3839.36,3625.74,3789.26],[1716163200,3071.54,3692.61,3048.58,3661.79],[1716076800,3124.05,3137.76,3053.87,3071.54],[1715990400,3092.78,3147.33,3084.76,3124.05],[1715904000,2945.56,3120.2,2933.91,3092.78],[1715817600,3032.87,3041.04,2924.04,2945.55],[1715731200,2880.39,3041.2,2862.26,3032.87],[1715644800,2949.78,2959.58,2860.08,2880.39],[1715558400,2927.99,2994.75,2863.75,2949.78],[1715472000,2911.48,2953.77,2900.74,2927.99],[1715385600,2909.99,2944.43,2886.92,2911.48],[1715299200,3035.51,3052.69,2879.6,2909.99],[1715212800,2973.81,3058.05,2950.2,3035.51],[1715126400,3005.75,3038.14,2936.99,2973.81],[1715040000,3062.9,3130.16,3000.71,3005.75],[1714953600,3136.97,3221.78,3046.65,3062.91],[1714867200,3117.79,3172.08,3073.91,3136.97],[1714780800,3103.27,3167.6,3093.49,3117.79],[1714694400,2985.9,3126.79,2958.42,3103.27],[1714608000,2968.99,3016.02,2890.87,2985.9],[1714521600,3010.33,3019.66,2813.74,2968.99],[1714435200,3216.21,3250.27,2916.94,3010.33],[1714348800,3262.2,3285.39,3115.3,3216.22],[1714262400,3254.75,3355.35,3249.66,3262.2],[1714176000,3131.29,3283.18,3069.67,3254.75],[1714089600,3155.27,3167.67,3102.49,3131.28],[1714003200,3140.74,3191.01,3072.6,3155.27],[1713916800,3221.2,3292.85,3105.45,3140.74],[1713830400,3201.04,3264.83,3154.14,3221.2],[1713744000,3149.13,3236.01,3130.73,3201.15],[1713657600,3157.15,3198.51,3118.37,3149.13],[1713571200,3057.42,3171.05,3019.71,3157.15],[1713484800,3064.57,3129.18,2866.1,3057.42],[1713398400,2985.78,3094.29,2953.41,3064.57],[1713312000,3085.43,3123.91,2916.61,2985.78],[1713225600,3105.04,3127.98,2990.31,3085.43],[1713139200,3156.19,3280.76,3026.13,3105.04],[1713052800,3011.16,3175.39,2912.36,3156.19],[1712966400,3236.45,3303.21,2856.47,3011.16],[1712880000,3502.51,3552.05,3101.99,3236.45],[1712793600,3545.79,3618.16,3474.05,3502.51],[1712707200,3506.19,3563.09,3414.74,3545.79],[1712620800,3694.26,3725.29,3454.44,3506.19],[1712534400,3454.63,3729.14,3407.83,3694.26],[1712448000,3352.79,3459.95,3345.33,3454.63],[1712361600,3318.13,3399.17,3307.75,3352.79],[1712275200,3328.52,3346.52,3211.76,3318.12],[1712188800,3312.43,3442.99,3252.76,3328.52],[1712102400,3279.1,3368.89,3203.33,3312.43],[1712016000,3504.56,3506.13,3212.56,3279.1],[1711929600,3645.65,3646.32,3414.93,3504.56],[1711843200,3508.03,3655.68,3507.47,3645.65],[1711756800,3510.71,3566.15,3487.57,3508.16],[1711670400,3561.1,3584.94,3473.06,3510.71],[1711584000,3499.78,3609.67,3463.05,3561.1],[1711497600,3587.56,3665.68,3458.19,3499.78],[1711411200,3591.4,3679.73,3543.74,3587.56],[1711324800,3454.8,3658.98,3419.85,3591.4],[1711238400,3330.02,3471.03,3300.01,3454.8],[1711152000,3336.77,3435.23,3271.37,3330.02],[1711065600,3492.6,3542.26,3252.57,3336.77],[1710979200,3516.76,3586.64,3411.94,3492.6],[1710892800,3158.02,3535.25,3059.05,3516.76],[1710806400,3519.85,3545.98,3150.26,3157.81],[1710720000,3644.02,3644.54,3454.52,3519.85],[1710633600,3521.75,3678.2,3412.76,3644.02],[1710547200,3742.16,3781.33,3468.51,3521.75],[1710460800,3879.73,3930.26,3566.59,3742.16],[1710374400,4008.56,4014.38,3720.94,3879.73],[1710288000,3980.84,4083.44,3932.96,4008.56],[1710201600,4067.85,4093.48,3830.66,3980.84],[1710115200,3884.15,4089.86,3739.83,4067.85],[1710028800,3912.17,3972.08,3800.17,3884.15],[1709942400,3893.34,3948.7,3877.13,3912.17],[1709856000,3873.91,3998.81,3829.07,3893.34],[1709769600,3823.12,3938.17,3736.26,3873.91],[1709683200,3557.18,3902.95,3502.19,3823.12],[1709596800,3633.23,3827.93,3206.8,3557.18],[1709510400,3489.63,3645.61,3437.51,3632.96],[1709424000,3423.88,3493.47,3363.65,3489.63],[1709337600,3436.98,3463.29,3398.77,3423.88],[1709251200,3341.66,3454.13,3340.22,3436.98],[1709164800,3385.08,3523.22,3301.26,3341.66],[1709078400,3243.74,3489.85,3186.69,3385.08],[1708992000,3177.01,3288.9,3166.63,3243.74],[1708905600,3112.57,3196.73,3036.9,3177.01],[1708819200,2992.28,3120.55,2983.45,3112.57],[1708732800,2921.8,3005.61,2906.16,2992.28],[1708646400,2970.38,2992.59,2905.65,2921.8],[1708560000,2968.1,3035.05,2906.28,2970.38],[1708473600,3015.48,3017.74,2869.59,2968.3],[1708387200,2944.93,3033.6,2876,3015.48],[1708300800,2881.91,2984.6,2858.18,2944.93],[1708214400,2786.77,2895.75,2766.01,2881.91],[1708128000,2803.12,2805.47,2720.47,2786.77],[1708041600,2823.49,2858.23,2750.4,2803.12],[1707955200,2776.75,2869.05,2762.05,2823.49],[1707868800,2641.06,2787.9,2619.1,2776.75],[1707782400,2661.21,2687.45,2592.87,2641.06],[1707696000,2507.92,2666.85,2473,2661.21],[1707609600,2501.36,2540.67,2494.41,2507.91],[1707523200,2487.05,2517.58,2472.71,2501.36],[1707436800,2419.61,2523.71,2419.1,2487.05],[1707350400,2423.71,2461.39,2410.75,2419.61],[1707264000,2371.46,2443.08,2352.34,2423.71],[1707177600,2298.96,2390.49,2296.08,2371.46],[1707091200,2289.11,2337.68,2268.5,2298.96],[1707004800,2295.95,2310.19,2267.55,2289.11],[1706918400,2308.07,2328.81,2292.11,2295.95],[1706832000,2303.78,2324.18,2281.7,2308.07],[1706745600,2282.01,2310.66,2240.12,2303.78],[1706659200,2342.94,2351.53,2263.53,2282.01],[1706572800,2317.56,2391.62,2297.15,2342.94],[1706486400,2256.83,2322.25,2234.27,2317.56],[1706400000,2268.07,2308,2239.96,2256.83],[1706313600,2267.45,2282.69,2251.2,2268.07],[1706227200,2217.69,2281.4,2195.03,2267.44],[1706140800,2234.09,2241.7,2170.6,2217.69],[1706054400,2241.04,2262.57,2194.98,2234.09],[1705968000,2311.9,2349.31,2165.92,2241.04],[1705881600,2455.72,2464.69,2301.31,2311.9],[1705795200,2470.35,2480.46,2452.15,2455.72],[1705708800,2489.88,2489.88,2452.17,2470.35],[1705622400,2469.07,2502.24,2413.47,2489.88],[1705536000,2529.68,2547.14,2424.14,2469.07],[1705449600,2586.08,2592.45,2506.25,2529.68],[1705363200,2510.51,2613.02,2498.55,2586.08],[1705276800,2472.72,2552.35,2470.78,2510.51],[1705190400,2578.12,2578.62,2469.87,2472.72],[1705104000,2521,2589.73,2497.45,2578.12],[1705017600,2618.88,2717.19,2457.98,2521],[1704931200,2585.3,2690.04,2567.32,2618.88],[1704844800,2345.25,2642.17,2341.05,2585.2],[1704758400,2332.35,2372.67,2228.68,2345.26],[1704672000,2222.59,2359.61,2167.73,2332.35],[1704585600,2242.14,2258.62,2206.61,2222.59],[1704499200,2270.09,2271.57,2217.92,2242.14],[1704412800,2269.16,2278.73,2207.83,2270.09],[1704326400,2212,2296.26,2204.39,2269.16],[1704240000,2356.33,2385.86,2103.12,2212],[1704153600,2352.41,2432.31,2346.1,2356.33],[1704067200,2282.24,2352.41,2265.36,2352.41],[1703980800,2292.04,2321.58,2260.3,2282.24],[1703894400,2300.6,2323.08,2268.39,2292.06],[1703808000,2346.56,2386.84,2258.01,2300.6],[1703721600,2379.06,2448.12,2338.18,2346.56],[1703635200,2231.52,2392.74,2212.23,2379.06],[1703548800,2272.76,2276.23,2180.68,2231.52],[1703462400,2265.09,2306.13,2254.15,2272.79],[1703376000,2310.65,2328.36,2246.03,2265.09],[1703289600,2325.93,2331.11,2267.76,2310.65],[1703203200,2239.72,2343.18,2230.87,2325.93],[1703116800,2201.84,2279.28,2182.95,2239.72],[1703030400,2177.53,2265.5,2157.3,2201.84],[1702944000,2218.31,2254.46,2135.6,2177.53],[1702857600,2193.69,2222.65,2117.29,2218.31],[1702771200,2228.13,2245.28,2190,2193.69],[1702684800,2220.55,2263.21,2210.51,2228.03],[1702598400,2315.98,2318.34,2202.36,2220.55],[1702512000,2260.26,2332.48,2231.44,2315.99],[1702425600,2202.24,2283.97,2145.25,2260.26],[1702339200,2223.65,2242,2165.44,2202.24],[1702252800,2352.58,2355.16,2139.02,2223.65],[1702166400,2341.3,2377.81,2322.65,2352.58],[1702080000,2358.99,2403.49,2329.72,2341.3],[1701993600,2356.36,2391.79,2339.76,2359.2],[1701907200,2233.23,2383.24,2222.55,2356.36],[1701820800,2293.97,2311.93,2220.52,2233.24],[1701734400,2243.29,2309.62,2188.84,2293.97],[1701648000,2193.72,2274.6,2191.98,2243.29],[1701561600,2165.79,2217.18,2150.47,2193.72],[1701475200,2087.96,2186.05,2086.98,2165.79],[1701388800,2052.77,2111.08,2045.92,2087.96],[1701302400,2028.99,2055.38,2021.03,2052.77],[1701216000,2049.54,2075.9,2020.69,2028.99],[1701129600,2027.46,2075.02,1995.27,2049.54],[1701043200,2062.99,2071.9,1986.4,2027.46],[1700956800,2084.21,2095.16,2037.67,2062.99],[1700870400,2082.19,2091.68,2066.71,2084.21],[1700784000,2062.55,2133.32,2059.71,2082.19],[1700697600,2064.05,2089.32,2041,2062.55],[1700611200,1933.72,2092.42,1930.32,2064.05],[1700524800,2022.98,2036.14,1932.9,1933.72],[1700438400,2012.69,2067.53,1995.24,2022.98],[1700352000,1963.79,2016.38,1944.7,2012.69],[1700265600,1961.45,1971.86,1918.38,1963.8],[1700179200,1961.96,1991.55,1906.92,1961.45],[1700092800,2059.97,2091.91,1940.25,1961.96],[1700006400,1979.51,2062.56,1967.33,2059.96],[1699920000,2054.18,2065.27,1935.88,1979.51],[1699833600,2045.53,2118.68,2029.33,2054.18],[1699747200,2053.78,2066.9,2014.06,2045.53],[1699660800,2078.59,2090.6,2031.58,2053.78],[1699574400,2121.52,2136.59,2065.71,2078.59],[1699488000,1888.86,2131.91,1883.08,2121.52],[1699401600,1886.54,1905.14,1873.93,1888.86],[1699315200,1901.31,1907.37,1850.83,1886.54],[1699228800,1893.85,1915.65,1871.37,1901.31],[1699142400,1857.18,1914.24,1847.97,1893.85],[1699056000,1833.64,1871.26,1825.11,1857.18],[1698969600,1801.01,1835.43,1777.52,1833.64],[1698883200,1847.79,1875.05,1785.81,1801.01],[1698796800,1815.38,1858.12,1784.16,1847.79],[1698710400,1809.75,1820.13,1782.16,1815.38],[1698624000,1795.98,1830.46,1778.61,1809.75],[1698537600,1776.52,1812.12,1763.18,1795.95],[1698451200,1779.79,1803.36,1771.64,1776.52],[1698364800,1803.54,1804.06,1746.51,1779.79],[1698278400,1787.73,1865.98,1763.77,1803.54],[1698192000,1784.83,1817.54,1760.44,1787.73],[1698105600,1766.27,1855.36,1757.18,1784.83],[1698019200,1664.19,1799.92,1657.84,1766.27],[1697932800,1629.53,1668.27,1622.24,1664.19],[1697846400,1604.63,1644.65,1593.15,1629.53],[1697760000,1567.41,1630.97,1561.95,1604.63],[1697673600,1563.79,1574.74,1542.39,1567.41],[1697587200,1565.53,1586,1556.45,1563.79],[1697500800,1600.11,1601.28,1553.12,1565.53],[1697414400,1558,1640.38,1555.25,1600.11],[1697328000,1554.95,1566.46,1549.72,1558],[1697241600,1552.03,1561.23,1544.79,1554.96],[1697155200,1539.24,1574.13,1537.35,1552.03],[1697068800,1566.62,1568.32,1521.73,1539.24],[1696982400,1567.8,1578.6,1545.7,1566.63],[1696896000,1580.29,1595.14,1551.98,1567.79],[1696809600,1633.75,1636.45,1548.45,1580.29],[1696723200,1634.58,1642.27,1617.22,1633.76],[1696636800,1645.81,1648.43,1630.9,1634.58],[1696550400,1612.03,1662.29,1612.03,1645.81],[1696464000,1646.73,1655.17,1607.76,1612.03],[1696377600,1657.02,1657.84,1625.39,1646.73],[1696291200,1662.78,1670.78,1643.98,1657.02],[1696204800,1734.08,1743.86,1637.94,1662.78],[1696118400,1671.17,1753.01,1668.63,1734.09],[1696032000,1667.44,1694.27,1666.17,1671.17],[1695945600,1653.07,1688.13,1648.51,1667.43],[1695859200,1597.65,1667.46,1597.17,1653.07],[1695772800,1593.43,1633.5,1583.05,1597.65],[1695686400,1588.32,1599.28,1580.34,1593.43],[1695600000,1580.77,1597.47,1563.55,1588.32],[1695513600,1594.06,1601.36,1570.24,1580.77],[1695427200,1593.35,1598.37,1587.98,1594.06],[1695340800,1583.98,1602.62,1576.93,1593.35],[1695254400,1622.37,1625.38,1568.39,1583.98],[1695168000,1643.45,1649.68,1605.87,1622.37],[1695081600,1636.99,1661.29,1626.94,1643.45],[1694995200,1622.97,1669.62,1605.6,1636.99],[1694908800,1634.82,1635.53,1612.38,1622.97],[1694822400,1641.39,1652.35,1631.82,1634.82],[1694736000,1626.94,1653.59,1611.88,1641.39],[1694649600,1608.14,1644.68,1607.57,1626.94],[1694563200,1592.95,1618.82,1581.87,1608.14],[1694476800,1551.37,1624.46,1549.21,1592.95],[1694390400,1616.83,1618.4,1531.36,1551.37],[1694304000,1635.23,1635.62,1599.01,1616.83],[1694217600,1636.68,1637.65,1630.15,1635.23],[1694131200,1647.44,1658.21,1615.9,1636.68],[1694044800,1632.39,1658.86,1622.91,1647.44],[1693958400,1633.61,1669.11,1608.87,1632.39],[1693872000,1630.02,1647.22,1609.52,1633.61],[1693785600,1635.69,1644.61,1616.25,1630.02],[1693699200,1637,1647.2,1625.21,1635.69],[1693612800,1628.59,1644.51,1627.51,1637],[1693526400,1645.61,1654.14,1602.34,1628.59],[1693440000,1705.23,1725.48,1630.09,1645.61],[1693353600,1729.63,1731.14,1696.19,1705.23],[1693267200,1652.52,1744.81,1639.44,1729.63],[1693180800,1657.67,1663.06,1623.18,1652.52],[1693094400,1646.26,1659.41,1645.52,1657.66],[1693008000,1653.03,1654.81,1643.26,1646.26],[1692921600,1660.51,1675.73,1634.9,1653.03],[1692835200,1679.17,1682.93,1635.92,1660.51],[1692748800,1634.52,1700.78,1628.96,1679.17],[1692662400,1667.36,1669.18,1581.83,1634.54],[1692576000,1685.29,1688.23,1649.42,1667.36],[1692489600,1669.64,1694.42,1662.08,1685.29],[1692403200,1661.19,1695.94,1653.84,1669.64],[1692316800,1681.2,1699,1641.63,1661.19],[1692230400,1805.82,1808.05,1545.67,1681.2],[1692144000,1826.68,1829,1796.19,1805.82],[1692057600,1842.78,1844.8,1811.37,1826.68],[1691971200,1839.75,1853.61,1834.02,1842.78],[1691884800,1849.6,1860.93,1833.53,1839.75],[1691798400,1846.92,1852.04,1845.23,1849.6],[1691712000,1850.25,1854.95,1836.68,1846.92],[1691625600,1853.94,1864.31,1844.52,1850.25],[1691539200,1855.74,1871.13,1845.74,1853.94],[1691452800,1827.01,1875.57,1824.24,1855.74],[1691366400,1827.84,1844.53,1800.55,1827.01],[1691280000,1834.54,1836.59,1823.89,1827.85],[1691193600,1828.04,1836.82,1825.33,1834.54],[1691107200,1834.34,1849.67,1813.63,1828.04],[1691020800,1839.13,1858.28,1825.24,1834.34],[1690934400,1872.75,1878.88,1820.65,1839.13],[1690848000,1855.96,1874.79,1814.22,1872.75],[1690761600,1861.78,1877.33,1850.67,1856],[1690675200,1880.7,1885.5,1849.3,1861.78],[1690588800,1874.01,1886.68,1869.6,1880.7],[1690502400,1860.83,1882.47,1856.18,1874.01],[1690416000,1871.93,1886.03,1854.39,1860.83],[1690329600,1857.66,1887.74,1848.66,1871.93],[1690243200,1849.63,1868.21,1845.26,1857.66],[1690156800,1888.66,1890.8,1833.87,1849.6],[1690070400,1866.65,1905.07,1858.35,1888.66],[1689984000,1891.8,1897.32,1852.57,1866.65],[1689897600,1891.38,1905.33,1884.46,1891.83],[1689811200,1919.11,1923.04,1878.15,1891.38],[1689724800,1897.21,1922.04,1882.17,1888.63],[1689638400,1911.21,1917.19,1875.73,1897.21],[1689552000,1922.12,1936.18,1873.26,1911.2],[1689465600,1931.41,1943.55,1914,1922.11],[1689379200,1937.82,1946.37,1926.23,1931.41],[1689292800,2004.49,2029.11,1898.39,1937.83],[1689206400,1871.82,2012.63,1862.59,2004.49],[1689120000,1878.31,1902,1864.37,1871.82],[1689033600,1880.41,1891.99,1862.38,1878.3],[1688947200,1862.81,1905.5,1846.63,1880.4],[1688860800,1865.24,1879.36,1856.15,1862.8],[1688774400,1870.92,1876,1842.8,1865.24],[1688688000,1846.17,1878,1826,1870.91],[1688601600,1910.35,1958,1846,1846.17],[1688515200,1936.19,1942.5,1894.51,1910.36],[1688428800,1955.55,1967.08,1931.58,1936.2],[1688342400,1937.49,1976.16,1933.55,1955.54],[1688256000,1924.5,1959.2,1885.75,1937.48],[1688169600,1933.8,1944.56,1909.44,1924.5],[1688083200,1851.99,1948.6,1825.01,1933.79],[1687996800,1828.03,1880,1827.84,1851.99],[1687910400,1889.58,1890.19,1816.56,1828.02],[1687824000,1858.97,1912.53,1855.19,1889.58],[1687737600,1898.8,1909.1,1837.18,1858.97],[1687651200,1874.95,1930,1868.83,1898.8],[1687564800,1892.63,1906,1864.77,1874.96],[1687478400,1872,1936.42,1861.01,1892.63],[1687392000,1889.1,1933.17,1865.98,1872.01],[1687305600,1791.99,1901,1787.38,1889.11],[1687219200,1737.1,1796.99,1714.72,1791.99],[1687132800,1720.95,1752.19,1698,1737.11],[1687046400,1727.75,1747.84,1712,1720.95],[1686960000,1717.91,1770,1714.26,1727.76],[1686873600,1666.96,1729.5,1649.86,1717.92],[1686787200,1650.95,1680.91,1626.01,1666.96],[1686700800,1740.12,1750.03,1630.43,1650.95],[1686614400,1742.57,1770.13,1724.22,1740.12],[1686528000,1752.77,1759.33,1720,1742.57],[1686441600,1751.52,1778.25,1738.72,1752.76],[1686355200,1840.37,1844.99,1715.03,1751.53],[1686268800,1845.65,1855,1827,1840.37],[1686182400,1832.12,1861.28,1828.31,1845.64],[1686096000,1884.65,1897.8,1821.18,1832.13],[1686009600,1810.49,1898.29,1797.18,1884.64],[1685923200,1890,1890.63,1778,1810.5],[1685836800,1892.05,1914.63,1884.22,1890.01],[1685750400,1906.69,1907.92,1881.6,1892.06],[1685664000,1861.78,1910,1847.51,1906.68],[1685577600,1873.63,1889.2,1840,1861.78],[1685491200,1900.58,1907.13,1846.95,1873.63],[1685404800,1892.6,1917,1881.19,1900.59],[1685318400,1908.64,1927.62,1873.65,1892.6],[1685232000,1829.89,1918.65,1823.6,1908.64],[1685145600,1827.8,1836.12,1812.18,1829.89],[1685059200,1805.61,1838.2,1796.99,1827.79],[1684972800,1799.89,1818.81,1761.41,1805.6],[1684886400,1854.06,1854.09,1777.6,1799.89],[1684800000,1817.36,1872.5,1815.24,1854.05],[1684713600,1804.91,1828.27,1792.01,1817.35],[1684627200,1819.42,1828.98,1797.21,1804.91],[1684540800,1812.31,1828.87,1807.06,1819.42],[1684454400,1800.56,1829.54,1796.81,1812.32],[1684368000,1822.12,1831.92,1771.12,1800.56],[1684281600,1824.21,1837.5,1783.68,1822.12],[1684195200,1816.21,1832.64,1796.2,1824.21],[1684108800,1799.2,1846.7,1785.05,1816.2],[1684022400,1795.12,1824,1789.82,1799.21],[1683936000,1807.45,1817.03,1785.23,1795.11],[1683849600,1794.31,1818.63,1740,1807.45],[1683763200,1840.83,1842.02,1772.68,1794.3],[1683676800,1846.53,1887.47,1790.51,1840.84],[1683590400,1847.55,1861.88,1830.99,1846.52],[1683504000,1870.41,1883.97,1810.73,1847.56],[1683417600,1896.33,1933.33,1867.59,1870.4],[1683331200,1993.3,2019,1860,1896.33],[1683244800,1877.07,1998.36,1875.65,1993.3],[1683158400,1905.12,1918.26,1866.71,1877.07],[1683072000,1870.09,1916.52,1842.64,1905.12],[1682985600,1830.73,1881.87,1822.94,1870.08],[1682899200,1870.08,1886.49,1806.12,1830.73],[1682812800,1907.79,1939,1866.16,1870.09],[1682726400,1890.93,1918,1883.05,1907.8],[1682640000,1908.68,1923.88,1873.94,1890.94],[1682553600,1866.01,1940.96,1861.19,1908.68],[1682467200,1866.1,1964.72,1785,1866.01],[1682380800,1841.84,1877.86,1801.66,1866.1],[1682294400,1862.01,1890,1806,1841.84],[1682208000,1874.17,1882.01,1836.37,1862],[1682121600,1848.77,1887.31,1841.64,1874.16],[1682035200,1942.98,1957.27,1825,1848.78],[1681948800,1933.74,1982.99,1914.43,1942.98],[1681862400,2103.51,2104.6,1923.03,1933.73],[1681776000,2073.99,2125,2051,2103.5],[1681689600,2118.66,2120.51,2056.25,2074],[1681603200,2090.61,2141.54,2072.72,2118.67],[1681516800,2099.99,2111.85,2071.13,2090.6],[1681430400,2012,2128.76,2009.22,2099.99],[1681344000,1917.4,2023,1899.55,2012.01],[1681257600,1889.86,1933,1852.65,1917.39],[1681171200,1910.21,1937.37,1881.11,1889.86],[1681084800,1858.91,1918.79,1846.4,1910.2],[1680998400,1848.82,1873.99,1824.01,1858.92],[1680912000,1863.73,1879.38,1847,1848.82],[1680825600,1872.41,1882.61,1841.46,1863.72],[1680739200,1908.68,1909.91,1853.7,1872.41],[1680652800,1870.38,1942.98,1864.58,1908.69],[1680566400,1810.51,1891.91,1802.01,1870.37],[1680480000,1794.51,1839.99,1762.77,1810.51],[1680393600,1820.8,1824.81,1771.7,1794.51],[1680307200,1821.52,1842.83,1807.81,1820.79],[1680220800,1793.6,1847.28,1777.91,1821.52],[1680134400,1793.06,1829.69,1763,1793.61],[1680048000,1773,1827.99,1772.48,1793.07],[1679961600,1715.21,1795.73,1701.13,1772.99],[1679875200,1773.88,1780.48,1686.13,1715.22],[1679788800,1741.88,1801,1739.31,1773.88],[1679702400,1749.57,1763.23,1713.09,1741.88],[1679616000,1813.78,1818.99,1726.4,1749.57],[1679529600,1734.34,1857.16,1729.35,1813.79],[1679443200,1801.23,1819.98,1710.12,1734.33],[1679356800,1732.77,1835,1717.01,1801.23],[1679270400,1780.67,1803.05,1722,1732.78],[1679184000,1758.84,1841.36,1757.92,1780.68],[1679097600,1789.26,1841,1747.47,1758.84],[1679011200,1673.73,1800,1662.65,1789.27],[1678924800,1649.95,1691.42,1632.18,1673.73],[1678838400,1699.41,1716.9,1611,1649.96],[1678752000,1673.44,1780.02,1655.24,1699.4],[1678665600,1580.33,1693.49,1565,1673.45],[1678579200,1471.93,1594.19,1448.3,1580.33],[1678492800,1426.43,1478.07,1408.4,1471.97],[1678406400,1437.32,1439.43,1368.39,1426.44],[1678320000,1532.38,1546.45,1408,1437.32],[1678233600,1561.95,1570.89,1523.61,1532.38],[1678147200,1565.84,1584.49,1536.14,1561.96],[1678060800,1564.57,1583.49,1554.44,1565.84],[1677974400,1566.74,1588.77,1553.05,1564.58],[1677888000,1569.45,1577.53,1549.12,1566.73],[1677801600,1647.86,1649.25,1544.39,1569.45],[1677715200,1665.23,1677.86,1619.18,1647.86],[1677628800,1605.24,1669.72,1595,1665.22],[1677542400,1633.45,1647.52,1596.66,1605.23],[1677456000,1641.37,1665.22,1608,1633.45],[1677369600,1594.58,1651.26,1587.76,1641.36],[1677283200,1607.8,1608.98,1557.33,1594.58],[1677196800,1650.52,1664.66,1575.64,1607.8],[1677110400,1643.15,1679,1628.75,1650.53],[1677024000,1659.77,1666.95,1595.07,1643.14],[1676937600,1703.27,1716.66,1636.3,1659.76],[1676851200,1679.74,1719.89,1650.56,1703.27],[1676764800,1691.62,1726.59,1666.14,1679.75],[1676678400,1693.81,1713.13,1679.77,1691.62],[1676592000,1637.83,1722,1630.51,1693.87],[1676505600,1674.92,1742.97,1633.72,1637.84],[1676419200,1555.7,1680,1542.55,1674.92],[1676332800,1505.25,1569,1482.66,1555.71],[1676246400,1514.82,1526.1,1461.93,1505.24],[1676160000,1538.5,1548.02,1493.08,1514.83],[1676073600,1513.05,1543,1505,1538.51],[1675987200,1545.35,1555.01,1490,1513.06],[1675900800,1650.42,1656.17,1524.4,1545.35],[1675814400,1671.03,1697.91,1630.47,1650.43],[1675728000,1614.28,1678.37,1613.14,1671.03],[1675641600,1629.01,1658.56,1605.01,1614.29],[1675555200,1666.39,1673.81,1609.3,1629.02],[1675468800,1663.52,1695.29,1645.43,1666.38],[1675382400,1643.12,1676,1625.93,1663.52],[1675296000,1641.67,1714.68,1626.85,1643.12],[1675209600,1585.32,1647.77,1555.18,1641.68],[1675123200,1566.21,1605.18,1561.63,1585.33],[1675036800,1644.73,1647.53,1535,1566.2],[1674950400,1572.1,1660,1566.33,1644.72],[1674864000,1597.61,1606.83,1555.99,1572.1],[1674777600,1601.08,1621,1552.54,1597.62],[1674691200,1611.95,1632.84,1577.43,1601.09],[1674604800,1555.97,1641,1518,1611.94],[1674518400,1626.28,1641.46,1535,1555.97],[1674432000,1627.43,1648.09,1585.29,1626.29],[1674345600,1626.65,1663.89,1604,1627.44],[1674259200,1658.53,1679.26,1616.21,1626.66],[1674172800,1551.09,1669.9,1542.02,1658.52],[1674086400,1511.44,1564.43,1509.15,1551.09],[1674000000,1565.56,1610,1501.39,1511.43],[1673913600,1576.94,1609,1541.15,1565.57],[1673827200,1552.52,1604.5,1521.31,1576.94],[1673740800,1549.91,1566.66,1516.03,1552.52],[1673654400,1451.21,1599.98,1449.14,1549.9],[1673568000,1415.91,1464,1401.03,1451.2],[1673481600,1389.4,1438,1361.92,1415.92],[1673395200,1335.63,1398,1321.04,1389.39],[1673308800,1320.4,1347.69,1316.8,1335.62],[1673222400,1290.15,1344.91,1285.44,1320.39],[1673136000,1264.06,1296,1257.77,1290.16],[1673049600,1269.13,1271.09,1261.3,1264.07],[1672963200,1251.25,1276.7,1236,1269.14],[1672876800,1256.91,1259.95,1242.81,1251.24],[1672790400,1214.56,1272.6,1212.71,1256.9],[1672704000,1213.99,1219.89,1204.93,1214.55],[1672617600,1200.33,1224.29,1193,1214],[1672531200,1196.13,1204.67,1190.57,1200.34],[1672444800,1199.98,1208.46,1191.66,1196.13],[1672358400,1200.48,1202.15,1181.08,1199.99],[1672272000,1190.15,1206.57,1186.77,1200.49],[1672185600,1211.55,1215.78,1181.06,1190.15],[1672099200,1228.12,1233.73,1200.58,1211.55],[1672012800,1218.52,1231.09,1211.67,1228.11],[1671926400,1220.42,1225,1193.18,1218.51],[1671840000,1219.98,1227.99,1214.69,1220.41],[1671753600,1217.72,1231.99,1210,1219.99],[1671667200,1213.78,1237.99,1182.54,1217.71],[1671580800,1216.95,1223.39,1203.02,1213.78],[1671494400,1167.82,1230.47,1163.12,1216.94],[1671408000,1183.06,1195,1150.51,1167.82],[1671321600,1187.16,1199.54,1170.32,1183.06],[1671235200,1166.82,1190.03,1161.92,1187.16],[1671148800,1266.53,1280.06,1155.32,1166.83],[1671062400,1307.45,1311.14,1259.27,1266.54],[1670976000,1320.69,1352.72,1301,1307.44],[1670889600,1275.41,1349,1255.1,1320.69],[1670803200,1263,1278.9,1240.03,1275.4],[1670716800,1266.35,1284.75,1255.85,1263.01],[1670630400,1263.11,1283.61,1259.6,1266.35],[1670544000,1280.18,1296.64,1250,1263.1],[1670457600,1231.18,1292.58,1222.01,1280.18],[1670371200,1271.31,1278.69,1218.01,1231.18],[1670284800,1259.41,1274.76,1241.56,1271.32],[1670198400,1279.4,1305.11,1246.61,1259.41],[1670112000,1240.5,1287.19,1240.1,1279.41],[1670025600,1295.58,1309,1236.26,1240.51],[1669939200,1276.4,1297.18,1265.24,1295.59],[1669852800,1294.46,1299.9,1262.77,1276.41],[1669766400,1216.49,1309.77,1212.5,1294.46],[1669680000,1167.77,1228.37,1158.27,1216.49],[1669593600,1193.88,1199.25,1151.02,1167.77],[1669507200,1205.61,1223.33,1188.65,1193.88],[1669420800,1199.29,1235.66,1196.2,1205.6],[1669334400,1203.72,1207.77,1171.2,1199.3],[1669248000,1184.52,1217.71,1180.6,1203.73],[1669161600,1139.59,1190,1127.75,1184.52],[1669075200,1107.34,1146.13,1075,1139.6],[1668988800,1142.21,1146.99,1079.76,1107.34],[1668902400,1217.67,1227.07,1132.65,1142.21],[1668816000,1212.58,1235,1197.67,1217.67],[1668729600,1200.42,1234,1199.18,1212.58],[1668643200,1216.16,1228.22,1181.05,1200.43],[1668556800,1253.22,1268.67,1187.06,1216.17],[1668470400,1243.29,1291,1234.01,1253.23],[1668384000,1221.5,1291.2,1171.13,1243.28],[1668297600,1257.25,1274.23,1200.66,1221.49],[1668211200,1289.35,1292.16,1238.7,1257.25],[1668124800,1299.28,1310,1201.26,1289.28],[1668038400,1102.73,1350,1085.93,1299.28],[1667952000,1334.78,1337.16,1073.53,1102.73],[1667865600,1568.09,1579.98,1233,1334.77],[1667779200,1568.25,1608.04,1545.03,1568.1],[1667692800,1626.98,1639.02,1564.39,1568.29],[1667606400,1644.78,1666.97,1621.42,1626.98],[1667520000,1531.01,1680,1528.4,1644.78],[1667433600,1518.33,1559.01,1515.17,1531.01],[1667347200,1578.47,1621.68,1502.32,1518.34],[1667260800,1572.69,1612.92,1563.69,1578.48],[1667174400,1590.45,1635.8,1545.43,1572.69],[1667088000,1619.55,1640.06,1576.56,1590.44],[1667001600,1554.4,1663.06,1547.66,1619.55],[1666915200,1514.04,1574.9,1479.82,1554.41],[1666828800,1566.11,1578.58,1503.2,1514.05],[1666742400,1459.74,1594.99,1457.44,1566.1],[1666656000,1343.61,1525.16,1334.94,1459.74],[1666569600,1364.19,1370.6,1324.17,1343.61],[1666483200,1313.62,1371.55,1299.44,1364.2],[1666396800,1299.76,1320.2,1294.32,1313.61],[1666310400,1282.57,1306.97,1252.65,1299.75],[1666224000,1285.09,1310.87,1270.36,1282.57],[1666137600,1310.71,1313.5,1280.31,1285.09],[1666051200,1331.39,1341.73,1286.72,1310.71],[1665964800,1305.96,1338.57,1295.64,1331.4],[1665878400,1274.93,1315.35,1274.67,1305.95],[1665792000,1296.26,1301.69,1263.64,1274.92],[1665705600,1287.08,1343.12,1283.39,1296.27],[1665619200,1294.44,1301.58,1190,1287.08],[1665532800,1280.11,1306.87,1275.25,1294.44],[1665446400,1290.03,1298,1267.01,1280.11],[1665360000,1323.13,1338,1288,1290.03],[1665273600,1315.48,1329,1307.26,1323.13],[1665187200,1331.1,1337.35,1303.51,1315.48],[1665100800,1352.07,1361.75,1317.26,1331.1],[1665014400,1352.2,1383.99,1345.01,1352.06],[1664928000,1361.5,1364.77,1316.29,1352.2],[1664841600,1323.1,1369.55,1318.66,1361.49],[1664755200,1276.72,1329.9,1263.04,1323.09],[1664668800,1311.79,1317.93,1270,1276.72],[1664582400,1328.71,1333.69,1302.68,1311.79],[1664496000,1335.69,1373.19,1313.35,1328.72],[1664409600,1337.2,1352.02,1288.52,1335.7],[1664323200,1328.01,1355.7,1253.2,1337.2],[1664236800,1336.17,1400,1303.75,1328.02],[1664150400,1294.62,1340.42,1277.85,1336.17],[1664064000,1317.13,1337,1269.27,1294.63],[1663977600,1327.24,1349.33,1306.52,1317.13],[1663891200,1326.47,1360,1262.15,1327.25],[1663804800,1245.79,1350.08,1237.32,1326.46],[1663718400,1322.94,1408.9,1220,1245.78],[1663632000,1375.98,1384.78,1312.71,1322.93],[1663545600,1334.51,1393.35,1280,1375.98],[1663459200,1468.82,1469.63,1325.55,1334.51],[1663372800,1433.9,1476.13,1409.12,1468.83],[1663286400,1472.76,1483.35,1405.52,1433.9],[1663200000,1638.4,1655.2,1458,1472.75],[1663113600,1574.4,1647.01,1552.38,1638.39],[1663027200,1716.37,1760.51,1560.54,1574.4],[1662940800,1766.12,1783,1693,1716.37],[1662854400,1774.12,1789,1720.1,1766.11],[1662768000,1718.24,1789,1706.03,1774.12],[1662681600,1635.37,1746.13,1630.51,1718.23],[1662595200,1630,1663.56,1595.06,1635.37],[1662508800,1559.01,1657.5,1490.66,1630],[1662422400,1617.8,1687.4,1555,1559.01],[1662336000,1579.29,1631.99,1556.56,1617.8],[1662249600,1557.45,1583.66,1540.66,1579.28],[1662163200,1575.35,1582.71,1534.28,1557.46],[1662076800,1586.17,1650,1546.41,1575.35],[1661990400,1554.11,1599,1512.77,1586.16],[1661904000,1524.59,1619.78,1524.59,1554.1],[1661817600,1551.79,1606.13,1473.61,1524.59],[1661731200,1426.76,1559.99,1422.08,1551.8],[1661644800,1491.06,1511,1424,1426.76],[1661558400,1508.18,1518.42,1447.52,1491.06],[1661472000,1695.11,1706.45,1486.85,1508.18],[1661385600,1656.56,1722,1653.68,1695.11],[1661299200,1665.4,1694.13,1604.92,1656.56],[1661212800,1624.65,1676.07,1563.76,1665.41],[1661126400,1618.13,1629.72,1529.92,1624.66],[1661040000,1576.03,1646.52,1562.34,1618.13],[1660953600,1609,1657.08,1523.67,1576.04],[1660867200,1846.39,1848,1602.37,1609.01],[1660780800,1834.24,1882.37,1821.25,1846.39],[1660694400,1876.67,1959.43,1818.74,1834.25],[1660608000,1899.05,1915,1853,1876.67],[1660521600,1935.32,2012.47,1872.31,1899.06],[1660435200,1983.55,2030,1906,1935.31],[1660348800,1958.28,2020,1946.5,1983.55],[1660262400,1880.19,1964.71,1853.06,1958.28],[1660176000,1853.58,1942,1850.32,1880.19],[1660089600,1702.76,1885,1656.78,1853.57],[1660003200,1777.05,1790.83,1667.93,1702.76],[1659916800,1700.2,1818,1693.87,1777.05],[1659830400,1690.6,1729.79,1668,1700.19],[1659744000,1736.81,1749.93,1685.26,1690.6],[1659657600,1607.97,1742.07,1605.64,1736.81],[1659571200,1618.16,1662.79,1580.39,1607.96],[1659484800,1630.91,1685.03,1589.71,1618.16],[1659398400,1630.28,1678,1559.28,1630.91],[1659312000,1678.12,1704.68,1606.12,1630.28],[1659225600,1697,1754.69,1666,1678.12],[1659139200,1721.68,1744.85,1673.01,1697],[1659052800,1724.52,1765.99,1655.02,1721.68],[1658966400,1635.74,1784.79,1593.27,1724.52],[1658880000,1449.12,1644.44,1420.83,1635.74],[1658793600,1440.79,1454.11,1356.17,1449.12],[1658707200,1597.7,1609.55,1435.58,1440.79],[1658620800,1548.66,1664.34,1545.67,1597.7],[1658534400,1535.27,1596.51,1488,1548.67],[1658448000,1575.45,1650.05,1516.11,1535.27],[1658361600,1521.63,1605.98,1463.56,1575.45],[1658275200,1542.33,1620.4,1484.23,1521.58],[1658188800,1581.03,1631,1493.11,1542.32],[1658102400,1338.65,1597.47,1336.07,1581.04],[1658016000,1355.84,1387,1319.04,1338.65],[1657929600,1231.25,1422.91,1191.23,1355.85],[1657843200,1193.42,1287.82,1181.05,1231.25],[1657756800,1115.01,1214.65,1072.11,1193.42],[1657670400,1038.58,1119.18,1006.32,1115],[1657584000,1096.37,1098.26,1033.46,1038.58],[1657497600,1168.37,1171.29,1091.71,1096.4],[1657411200,1217.02,1219.95,1153,1168.36],[1657324800,1214.03,1235.4,1204.67,1217.02],[1657238400,1237.49,1276.46,1193.15,1214.04],[1657152000,1186.57,1254.29,1163.18,1237.49],[1657065600,1132.51,1205,1111.44,1186.57],[1656979200,1151.01,1174.9,1076.34,1132.5],[1656892800,1074.26,1160.9,1045.37,1151],[1656806400,1067.01,1088.34,1040.78,1074.26],[1656720000,1059.73,1078.88,1028.29,1067.01],[1656633600,1071.02,1117,1033.44,1059.73],[1656547200,1100.21,1106.62,998,1071.01],[1656460800,1144.05,1156.8,1087.42,1100.21],[1656374400,1192.51,1237.99,1136.32,1144.05],[1656288000,1197.79,1238.93,1172.49,1192.51],[1656201600,1242.31,1280,1194.6,1197.79],[1656115200,1225.02,1256.77,1180,1242.36],[1656028800,1144.71,1245.43,1132,1225.02],[1655942400,1050.19,1155,1045.3,1144.72],[1655856000,1125.86,1127.33,1043.65,1050.19],[1655769600,1128.24,1194,1109.23,1125.85],[1655683200,1128.53,1170,1053,1128.24],[1655596800,995.12,1158.62,936.15,1128.53],[1655510400,1086.93,1097.58,881.56,995.13],[1655424000,1068.5,1118,1051.11,1086.94],[1655337600,1237.53,1257.85,1051.55,1068.5],[1655251200,1208.9,1250,1014.4,1237.52],[1655164800,1209.35,1268.45,1075.8,1208.9],[1655078400,1434.84,1455,1165.45,1209.82],[1654992000,1532.89,1547,1423,1434.84],[1654905600,1662.91,1682.21,1496.74,1532.89],[1654819200,1788.8,1804.32,1655.93,1662.91],[1654732800,1791.88,1833,1777.33,1788.81],[1654646400,1813.33,1838.77,1765.28,1791.88],[1654560000,1859.84,1874.98,1725.13,1813.33],[1654473600,1806.22,1920,1804.35,1859.84],[1654387200,1804.58,1830.17,1773.05,1806.23],[1654300800,1775.13,1816,1748.43,1804.58],[1654214400,1834.09,1843.91,1737,1775.12],[1654128000,1817.96,1853.05,1782.42,1834.08],[1654041600,1941.9,1972.58,1763.75,1817.95],[1653955200,1998.78,2016.45,1925,1941.9],[1653868800,1813.64,2013,1803.18,1998.78],[1653782400,1792.21,1827.4,1759.96,1813.64],[1653696000,1727.26,1808.98,1722.26,1792.22],[1653609600,1792.24,1822.26,1703,1727.27],[1653523200,1942.64,1966.01,1735,1792.23],[1653436800,1979.4,2022.34,1934.61,1942.63],[1653350400,1973.33,1993.83,1913.02,1979.41],[1653264000,2043.19,2088.5,1957.12,1973.32],[1653177600,1975.06,2056.41,1966.33,2043.19],[1653091200,1959.08,1990.86,1937.36,1975.07],[1653004800,2019.55,2064,1923,1959.08],[1652918400,1915.11,2040.39,1903.18,2019.55],[1652832000,2090.72,2110.72,1908,1915.11],[1652745600,2023.66,2122.42,2008,2090.72],[1652659200,2145.29,2145.29,1979.12,2023.66],[1652572800,2056.47,2167,2000.68,2145.29],[1652486400,2009.69,2070.06,1951.21,2056.48],[1652400000,1960.22,2147.54,1940.23,2009.69],[1652313600,2084.99,2195,1800,1960.22],[1652227200,2342.04,2451.37,2005,2084.99],[1652140800,2229,2457.34,2200,2342.05],[1652054400,2519.71,2530.78,2225,2228.55],[1651968000,2635.35,2642,2484,2519.71],[1651881600,2692.86,2704.36,2584.75,2635.34],[1651795200,2747.96,2758.18,2632.95,2692.85],[1651708800,2940.65,2954.65,2683,2747.97],[1651622400,2781.7,2965.85,2771.74,2940.64],[1651536000,2856.54,2861.47,2755.19,2781.7],[1651449600,2824.81,2894.22,2778.78,2856.54],[1651363200,2726.67,2849.9,2716.13,2824.81],[1651276800,2817.13,2841.63,2709.26,2726.66],[1651190400,2936.92,2946.46,2776.63,2817.13],[1651104000,2888.95,2980,2853.83,2936.93],[1651017600,2809.68,2919.87,2794.46,2888.96],[1650931200,3006.63,3039.54,2767,2809.67],[1650844800,2920.99,3025.65,2797.01,3006.62],[1650758400,2933.04,2967.06,2912.09,2921],[1650672000,2962.39,2978.03,2913.89,2933.03],[1650585600,2983.57,3034.32,2930.35,2962.39],[1650499200,3076.03,3180,2942.31,2983.58],[1650412800,3101.74,3166.5,3036.45,3076.04],[1650326400,3055.56,3131,3030.34,3101.77],[1650240000,2988.07,3069.6,2883.22,3055.56],[1650153600,3059.3,3083,2981.7,2988.06],[1650067200,3040.57,3086.1,3010.03,3059.3],[1649980800,3021.98,3060.92,2993.13,3040.56],[1649894400,3118.28,3145,2976.3,3021.98],[1649808000,3027.65,3128.97,2996.86,3118.28],[1649721600,2979.75,3085,2950,3027.66],[1649635200,3203.04,3213.63,2950,2979.74],[1649548800,3258.57,3307.22,3193,3203.04],[1649462400,3192.39,3268.4,3181.28,3258.57],[1649376000,3227.2,3314.02,3173.52,3192.39],[1649289600,3168.52,3268.98,3143.15,3227.19],[1649203200,3407,3407.5,3162.39,3168.51],[1649116800,3519.5,3555,3400,3406.99],[1649030400,3521.9,3547,3405.97,3519.5],[1648944000,3443.77,3580.34,3412.11,3521.91],[1648857600,3455.2,3532.2,3433.14,3443.77],[1648771200,3281.51,3481.29,3210.68,3455.21],[1648684800,3385.8,3444.83,3261.35,3281.51],[1648598400,3400.51,3446.9,3331.84,3385.79],[1648512000,3332.91,3481.87,3329.68,3400.51],[1648425600,3295.65,3431.15,3275.01,3332.92],[1648339200,3145.01,3299.37,3126.02,3295.65],[1648252800,3102.13,3153.2,3084.9,3145],[1648166400,3110.75,3193.28,3076,3102.14],[1648080000,3035.99,3129.11,2999.11,3110.76],[1647993600,2969.64,3045.2,2920.65,3036],[1647907200,2890.03,3052.85,2886.43,2969.64],[1647820800,2861.39,2960.57,2829.81,2890.03],[1647734400,2950.85,2964.17,2817.21,2861.38],[1647648000,2938.84,2987.7,2890.86,2950.84],[1647561600,2811.91,2984,2765.59,2938.92],[1647475200,2773.8,2836,2746.42,2811.92],[1647388800,2617.74,2788,2603.38,2773.81],[1647302400,2589.42,2669,2507,2617.73]]}","timestamp":"2024-12-08T09:29:05.544Z"}
{"level":"info","message":"Fetching GMX data for avalanche using candles endpoint with params: {\"tokenSymbol\":\"AVAX\",\"period\":\"1d\"}","timestamp":"2024-12-08T09:29:05.545Z"}
{"level":"info","message":"Fetched data for avalanche: {\"period\":\"1d\",\"candles\":[[1733616000,51.64,52.1534,50.5531,51.0399],[1733529600,52.5546,53.127,51.2614,51.64],[1733443200,50.3499,53.5869,49.6468,52.5546],[1733356800,52.8498,53.653,49.4357,50.3499],[1733270400,50.9324,55.8484,50.8713,52.8498],[1733184000,52.2915,53.9402,47.8697,50.9324],[1733097600,45.124,52.504,45.0192,52.2915],[1733011200,44.8376,45.8071,43.7191,45.124],[1732924800,44.8756,46.2763,43.7089,44.8376],[1732838400,42.7783,45.0828,42.5366,44.8756],[1732752000,43.8251,44.2843,41.5161,42.7783],[1732665600,42.6884,44.4637,41.9368,43.8251],[1732579200,41.3167,43.3335,38.5043,42.6884],[1732492800,42.0871,47.9641,40.0713,41.3167],[1732406400,41.4717,43.1764,38.3505,42.0871],[1732320000,43.2468,45.3246,40.7297,41.4717],[1732233600,35.7947,43.5771,35.2106,43.2468],[1732147200,33.6123,36.2311,32.3445,35.7947],[1732060800,34.2709,35.7778,32.7985,33.6123],[1731974400,35.4962,35.6546,33.5651,34.2709],[1731888000,34.7209,36.1475,34.0948,35.4962],[1731801600,35.159,37.2697,33.1072,34.7209],[1731715200,33.1336,35.7407,32.8006,35.159],[1731628800,31.2026,33.3151,30.5978,33.1336],[1731542400,33.1544,34.7366,30.6812,31.2026],[1731456000,33.9755,35.1269,31.2452,33.1544],[1731369600,35.7556,37.7096,32.6893,33.9755],[1731283200,31.9072,35.8302,30.7295,35.7556],[1731196800,30.3815,33.3242,29.7074,31.9072],[1731110400,28.7978,30.4976,28.5059,30.3815],[1731024000,27.4035,28.81,27.1239,28.7978],[1730937600,27.0291,28.02,26.546,27.4035],[1730851200,23.9937,27.3201,23.9882,27.0291],[1730764800,22.7146,24.4765,22.5824,23.9937],[1730678400,23.525,23.9228,22.3342,22.7146],[1730592000,24.1177,24.2025,22.5935,23.525],[1730505600,24.7743,25.0092,23.963,24.1177],[1730419200,24.9886,25.7024,24.3839,24.7743],[1730332800,26.1664,26.22,24.6448,24.9886],[1730246400,26.8634,26.8997,25.989,26.1664],[1730160000,26.2381,27.1568,26.1539,26.8634],[1730073600,25.7417,26.5189,25.0188,26.2381],[1729987200,25.3727,25.9079,25.2134,25.7417],[1729900800,24.8844,25.6479,24.5123,25.3727],[1729814400,26.8148,26.8727,23.9925,24.8844],[1729728000,26.7285,27.2208,26.3555,26.8148],[1729641600,27.6237,27.6897,25.8545,26.7285],[1729555200,27.7426,28.2093,27.2276,27.6237],[1729468800,28.9585,29.3113,27.3691,27.7426],[1729382400,28.0949,28.9909,27.7576,28.9585],[1729296000,28.0926,28.4521,27.7109,28.0949],[1729209600,27.2931,28.1694,27.088,28.0926],[1729123200,28.0175,28.2617,26.8085,27.2931],[1729036800,28.2193,28.2229,27.2444,28.0175],[1728950400,29.0525,29.6103,27.5314,28.2193],[1728864000,29.0408,29.8504,28.6396,29.0525],[1728777600,28.6271,29.349,28.2901,29.0408],[1728691200,27.4443,29.3641,27.3805,28.6271],[1728604800,25.836,27.5849,25.7295,27.4443],[1728518400,25.7506,26.3422,25.0293,25.836],[1728432000,26.3325,26.6817,25.6585,25.7506],[1728345600,26.5562,27.179,26.0259,26.3325],[1728259200,26.9318,27.7313,26.5111,26.5562],[1728172800,25.6648,27.0789,25.4916,26.9318],[1728086400,26.2658,26.4186,25.0996,25.6648],[1728000000,24.6602,26.5004,24.4284,26.2658],[1727913600,25.3296,25.6647,23.8925,24.6602],[1727827200,25.818,26.7753,25.033,25.3296],[1727740800,27.7055,28.8857,25.0156,25.818],[1727654400,29.0412,29.1234,27.5529,27.7055],[1727568000,29.2899,29.4809,28.2455,29.0412],[1727481600,30.4396,30.7623,29.0349,29.2899],[1727395200,29.16,30.8615,28.9327,30.4396],[1727308800,27.2774,29.4289,26.9573,29.16],[1727222400,28.4666,28.4992,27.1472,27.2774],[1727136000,27.3847,28.5464,26.8367,28.4666],[1727049600,27.298,28.1735,26.5628,27.3847],[1726963200,27.7885,27.8064,26.4528,27.298],[1726876800,27.6758,28.1313,27.0062,27.7885],[1726790400,26.6678,28.7546,26.4752,27.6758],[1726704000,24.7037,26.793,24.6947,26.6678],[1726617600,23.7772,24.7429,22.7892,24.7037],[1726531200,23.5126,24.4917,23.1554,23.7772],[1726444800,23.7933,24.2361,23.2141,23.5126],[1726358400,25.3311,25.3876,23.6423,23.7933],[1726272000,24.9232,25.6649,24.6201,25.3311],[1726185600,24.0148,25.112,23.6676,24.9232],[1726099200,23.2799,24.1062,23.2632,24.0148],[1726012800,24.3539,24.5187,22.8697,23.2799],[1725926400,23.8473,24.5835,23.5708,24.3539],[1725840000,23.2436,24.3892,23.1322,23.8473],[1725753600,21.7939,23.5089,21.7089,23.2436],[1725667200,21.1581,22.0086,21.0448,21.7939],[1725580800,21.3665,22.1905,20.4682,21.1581],[1725494400,21.9053,22.1881,21.2151,21.3665],[1725408000,21.3813,22.321,20.4978,21.9053],[1725321600,22.3641,22.7268,21.3408,21.3813],[1725235200,21.4247,22.5671,21.3681,22.3641],[1725148800,22.8008,22.8376,21.1466,21.4247],[1725062400,23.2827,23.3947,22.4711,22.8008],[1724976000,22.8968,23.6406,22.1938,23.2827],[1724889600,23.4462,24.6874,22.7799,22.8968],[1724803200,24.0966,24.8391,23.1934,23.4462],[1724716800,25.9431,26.8126,23.6706,24.0966],[1724630400,26.9359,27.2132,25.8963,25.9431],[1724544000,27.1314,27.6908,26.1429,26.9359],[1724457600,26.5162,28.0103,26.2061,27.1314],[1724371200,25.2245,27.0335,25.2185,26.5162],[1724284800,23.5399,25.3013,23.0531,25.2245],[1724198400,22.265,23.8093,22.2469,23.5399],[1724112000,21.2195,22.7906,21.1668,22.265],[1724025600,20.8217,21.2566,20.3878,21.2195],[1723939200,20.7056,21.5188,20.5442,20.8217],[1723852800,20.3725,20.7116,20.2364,20.7056],[1723766400,20.1345,20.6902,19.7881,20.3725],[1723680000,20.9524,21.1539,19.8515,20.1345],[1723593600,21.384,21.8861,20.7783,20.9524],[1723507200,21.2714,21.631,20.602,21.384],[1723420800,20.4041,21.717,20.3012,21.2714],[1723334400,21.5876,22.3694,20.3879,20.4041],[1723248000,21.7508,22.0592,21.4078,21.5876],[1723161600,22.7461,22.8089,21.3032,21.7508],[1723075200,19.8537,22.8068,19.5257,22.7461],[1722988800,20.8966,21.7073,19.7032,19.8537],[1722902400,19.5416,21.4674,19.5175,20.8966],[1722816000,21.2374,21.3701,17.3316,19.5416],[1722729600,22.6622,22.9487,20.5887,21.2374],[1722643200,23.5735,24.0979,22.1836,22.6622],[1722556800,25.6864,25.8985,23.3296,23.5735],[1722470400,25.7011,25.9193,24.002,25.6864],[1722384000,26.3187,26.8612,25.4319,25.7011],[1722297600,26.9963,27.3119,26.0269,26.3187],[1722211200,27.3981,28.8482,26.9706,26.9963],[1722124800,28.0434,28.1789,27.1019,27.3981],[1722038400,28.7258,29.5215,27.5832,28.0434],[1721952000,27.2306,28.8647,27.1629,28.7258],[1721865600,28.3704,28.5836,26.2589,27.2306],[1721779200,29.8169,30.5526,28.2622,28.3704],[1721692800,31.8785,32.6338,29.4468,29.8169],[1721606400,32.6382,32.9525,31.3239,31.8785],[1721520000,29.1076,33.0037,28.5592,32.6382],[1721433600,28.1808,29.1895,27.7973,29.1076],[1721347200,27.1283,28.4283,26.6494,28.1808],[1721260800,27.2359,27.938,26.5919,27.1283],[1721174400,28.0186,29.0395,27.2122,27.2359],[1721088000,27.8427,29.2617,26.4785,28.0186],[1721001600,26.3597,27.9026,26.2719,27.8427],[1720915200,25.8636,26.6747,25.6117,26.3597],[1720828800,25.9734,26.3482,25.5374,25.8636],[1720742400,25.2032,26.1046,24.8163,25.9734],[1720656000,25.7534,26.3718,25.0194,25.2032],[1720569600,26.4344,27.4213,25.6265,25.7534],[1720483200,25.2033,26.5093,24.6978,26.4344],[1720396800,25.7416,27.2045,24.5444,25.2033],[1720310400,27.4075,27.4944,25.4698,25.7416],[1720224000,25.1355,27.6114,24.8771,27.4075],[1720137600,24.4392,25.4446,21.873,25.1355],[1720051200,26.4779,26.6694,24.2958,24.4392],[1719964800,28.6631,28.9252,26.4048,26.4779],[1719878400,28.7938,28.8779,28.0545,28.6631],[1719792000,29.3127,30.0777,28.7811,28.7938],[1719705600,27.7208,29.5215,27.3638,29.3127],[1719619200,27.902,28.6281,27.5342,27.7208],[1719532800,27.8773,29.0523,27.6334,27.902],[1719446400,25.8008,28.3467,25.3312,27.8773],[1719360000,25.3951,26.7238,25.2753,25.8008],[1719273600,24.779,25.77,24.5996,25.3951],[1719187200,25.0713,25.2226,23.5396,24.779],[1719100800,25.6096,25.997,24.1233,25.0713],[1719014400,27.466,27.4854,24.5139,25.6096],[1718928000,27.5727,28.0206,26.9223,27.466],[1718841600,26.9295,28.8662,26.68,27.5727],[1718755200,26.5942,27.6486,26.3842,26.9295],[1718668800,28.4482,28.5163,25.1591,26.5942],[1718582400,30.058,30.3278,27.3187,28.4482],[1718496000,29.991,30.4607,29.6572,30.058],[1718409600,30.2784,30.6303,29.9011,29.991],[1718323200,30.9835,32.0938,29.2943,30.2784],[1718236800,33.2693,33.4247,30.9269,30.9835],[1718150400,31.5407,33.9817,30.7909,33.2693],[1718064000,32.2712,32.3631,30.582,31.5407],[1717977600,32.9773,33.4611,32.03,32.2712],[1717891200,32.2762,33.0173,32.0387,32.9773],[1717804800,33.4964,33.7047,31.9387,32.2762],[1717718400,35.88,36.8527,30.9234,33.4964],[1717632000,36.5612,37.187,35.7172,35.88],[1717545600,36.06,36.8906,35.9254,36.5612],[1717459200,35.017,36.271,34.5005,36.06],[1717372800,34.8885,36.246,34.5471,35.017],[1717286400,35.7286,36.1482,34.757,34.8885],[1717200000,36.0008,36.1941,35.6687,35.7286],[1717113600,35.9597,36.7593,35.1912,36.0008],[1717027200,36.1679,37.0591,35.283,35.9597],[1716940800,36.9855,37.45,36.1224,36.1679],[1716854400,38.2332,38.3761,36.5132,36.9855],[1716768000,36.7484,38.9129,36.6385,38.2332],[1716681600,38.2762,38.3,36.4813,36.7484],[1716595200,37.9912,38.6883,37.7162,38.2762],[1716508800,38.5,38.9787,36.9093,37.9912],[1716422400,40.0027,40.4531,36.4787,38.5],[1716336000,41.1921,41.78,39.1925,40.0027],[1716249600,40.1312,41.3701,39.6756,41.1921],[1716163200,35.6042,40.29,35.1641,40.1312],[1716076800,37.2538,37.764,35.3942,35.6042],[1715990400,36.4339,37.6666,36.35,37.2538],[1715904000,34.4684,37.5892,34.2692,36.4339],[1715817600,34.6661,35.0046,33.7591,34.4684],[1715731200,31.5599,34.7791,31.365,34.6661],[1715644800,32.4493,33.2875,31.4644,31.5599],[1715558400,33.1243,33.8005,31.9179,32.4493],[1715472000,33.4775,33.9837,32.8422,33.1243],[1715385600,33.7093,34.0243,33.0593,33.4775],[1715299200,35.0645,36.0961,33.2387,33.7093],[1715212800,34.0132,35.3632,33.7333,35.0645],[1715126400,35.3016,35.5008,33.6433,34.0132],[1715040000,37.1138,37.6038,35.2716,35.3016],[1714953600,37.3668,39.8731,36.7837,37.1138],[1714867200,37.3693,37.9944,36.6885,37.3668],[1714780800,35.5609,37.6787,35.1874,37.3693],[1714694400,33.58,35.9394,33.31,35.5609],[1714608000,33.2908,34.1129,32.2629,33.58],[1714521600,32.6773,33.9114,30.5687,33.2908],[1714435200,35.2776,35.6987,31.8856,32.6773],[1714348800,33.9393,35.8574,32.8398,35.2776],[1714262400,34.4505,35.37,33.7897,33.9393],[1714176000,34.4134,35.1131,33.1336,34.4505],[1714089600,35.5872,35.8736,34.2667,34.4134],[1714003200,36.3386,36.7169,34.6874,35.5872],[1713916800,38.3026,39.8327,36.0138,36.3386],[1713830400,39.2134,39.9236,38.003,38.3026],[1713744000,37.1529,39.7235,36.7864,39.2034],[1713657600,38.3229,38.7731,36.3891,37.1529],[1713571200,34.6731,38.503,34.1565,38.3229],[1713484800,34.8566,36.1431,31.9638,34.6731],[1713398400,33.582,35.5974,32.8076,34.8566],[1713312000,34.7661,35.3562,32.2456,33.582],[1713225600,35.1727,35.9165,32.7159,34.7661],[1713139200,37.2839,38.6144,34.1414,35.1713],[1713052800,33.946,37.9141,32.68,37.2839],[1712966400,39.3673,39.3628,29.4449,33.946],[1712880000,46.0299,46.8697,35.88,39.3673],[1712793600,47.304,47.494,45.61,46.0299],[1712707200,46.4565,48.004,45.1368,47.304],[1712620800,49.8592,49.9641,46.3465,46.4565],[1712534400,49.32,50.8035,48.2645,49.8592],[1712448000,48.1992,49.4845,47.9095,49.32],[1712361600,45.33,48.8363,45.0725,48.1992],[1712275200,46.5221,46.6121,44.0009,45.33],[1712188800,45.8997,48.1829,45.4388,46.5221],[1712102400,46.8643,48.3145,44.9963,45.8997],[1712016000,51.3966,51.3916,46.3,46.8643],[1711929600,54.08,54.1494,50.2716,51.3966],[1711843200,52.9622,54.2725,52.9021,54.08],[1711756800,53.3649,54.637,52.8021,52.9622],[1711670400,54.6396,54.6596,52.5449,53.3649],[1711584000,54.0749,55.0145,53.1639,54.6396],[1711497600,55.7915,56.7316,53.0209,54.0749],[1711411200,57.7685,59.31,55.3514,55.7915],[1711324800,55.6945,59.1924,54.9451,57.7685],[1711238400,53.4586,55.822,52.4427,55.6945],[1711152000,53.4405,55.9506,52.6353,53.4586],[1711065600,53.8226,57.8085,51.6405,53.4405],[1710979200,57.07,57.8684,52.7774,53.8226],[1710892800,53.6042,58.1484,50.4145,57.07],[1710806400,60.617,61.8433,53.1671,53.6042],[1710720000,58.3935,65.3543,55.2583,60.617],[1710633600,53.4124,58.4236,50.0635,58.3935],[1710547200,58.3701,61.4306,51.9964,53.4124],[1710460800,53.9338,58.8608,48.34,58.3701],[1710374400,54.8456,59.295,50.474,53.9338],[1710288000,55.495,55.5251,52.2653,54.8456],[1710201600,49.1202,57.3527,46.4213,55.495],[1710115200,42.107,49.5623,40.089,49.1202],[1710028800,43.01,43.9993,40.996,42.107],[1709942400,42.7259,43.6484,42.4476,43.01],[1709856000,43.2641,44.0294,41.1603,42.7259],[1709769600,41.5812,44.5137,41.5712,43.2641],[1709683200,39.4903,42.1614,37.9655,41.5812],[1709596800,43.1434,45.1726,35,39.4903],[1709510400,42.61,44.0113,41.4564,43.1434],[1709424000,44.4019,44.9124,40.4091,42.61],[1709337600,42.7077,44.571,42.0168,44.4019],[1709251200,40.9736,43.37,40.9936,42.7077],[1709164800,40.3646,44.6448,39.6566,40.9736],[1709078400,39.2848,41.3189,36.4322,40.3646],[1708992000,39.2904,39.9264,38.3544,39.2848],[1708905600,37.4585,39.3504,36.2985,39.2904],[1708819200,36.7571,37.4885,36.425,37.4585],[1708732800,35.9108,36.9371,35.1959,36.7571],[1708646400,36.767,36.9315,35.3075,35.9108],[1708560000,37.6043,38.2006,36.5144,36.767],[1708473600,38.5073,38.5457,35.9045,37.6043],[1708387200,39.51,39.705,36.902,38.5073],[1708300800,40.3003,40.6404,39.1207,39.51],[1708214400,39.7708,40.7508,39.0006,40.3003],[1708128000,40.2788,40.4576,38.4134,39.7708],[1708041600,41.568,41.8051,39.4821,40.2788],[1707955200,42.2517,43.6248,40.9648,41.568],[1707868800,39.7474,42.4388,39.1473,42.2517],[1707782400,40.9921,41.7053,38.8947,39.7474],[1707696000,39.7371,41.1861,38.4,40.9921],[1707609600,40.2196,41.2096,39.381,39.7371],[1707523200,38.0121,41.2397,38.0121,40.2196],[1707436800,35.4214,38.6064,35.4157,38.0121],[1707350400,35.2711,36.1147,35.0727,35.4214],[1707264000,34.1354,35.4776,33.6251,35.2711],[1707177600,34.4946,34.6944,33.6914,34.1354],[1707091200,34.8435,35.8792,34.0841,34.5],[1707004800,35.9406,36.521,34.6777,34.8435],[1706918400,36.7502,37.562,35.3975,35.9406],[1706832000,33.8415,36.9254,33.7526,36.7502],[1706745600,33.1536,33.93,32.294,33.8415],[1706659200,35.2185,35.4885,33.1136,33.1536],[1706572800,36.0662,37.1412,35.0065,35.2185],[1706486400,34.8226,36.5329,34.3526,36.0662],[1706400000,33.2829,36.7,33.2065,34.8226],[1706313600,32.2575,33.3029,31.8648,33.2829],[1706227200,30.4953,33.0889,30.1189,32.2575],[1706140800,31.1865,31.3432,29.61,30.4953],[1706054400,30.609,31.8814,29.48,31.1865],[1705968000,29.501,30.67,27.22,30.609],[1705881600,32.5234,32.7117,29.3151,29.501],[1705795200,32.8618,33.4616,32.44,32.5234],[1705708800,32.7102,32.962,32.0176,32.8618],[1705622400,33.5652,33.7201,31.177,32.7102],[1705536000,36.0536,36.1668,32.6938,33.5652],[1705449600,35.5626,36.4843,35.2519,36.0536],[1705363200,35.5937,36.5143,34.7698,35.5611],[1705276800,35.2878,36.7754,35.1416,35.5937],[1705190400,36.4889,37.8576,35.2778,35.2878],[1705104000,35.9007,36.6279,34.708,36.4889],[1705017600,39.3072,39.58,34.6491,35.9007],[1704931200,38.5425,41.7747,37.5622,39.3072],[1704844800,34.6631,39.5514,33.3854,38.5425],[1704758400,36.0959,37.6165,33.8028,34.6631],[1704672000,33.67,36.436,31.1793,36.0959],[1704585600,34.6469,35.7978,33.1398,33.67],[1704499200,36.4794,36.5294,33.4559,34.6469],[1704412800,38.7799,38.9546,35.0261,36.4794],[1704326400,36.8133,39.4605,36.12,38.7799],[1704240000,40.625,41.4336,33.0722,36.8133],[1704153600,41.9499,43.4303,40.3449,40.625],[1704067200,38.5501,42,38.0463,41.9499],[1703980800,39.3257,40.5155,37.6132,38.5501],[1703894400,40.18,40.3645,38.1685,39.3257],[1703808000,39.8481,42.1593,38.5298,40.18],[1703721600,42.4343,43.4147,39.258,39.8481],[1703635200,44.3986,44.93,41.8845,42.4343],[1703548800,48.1874,48.3348,40.7656,44.3986],[1703462400,47.71,48.9204,45.9995,48.1874],[1703376000,48.0723,49.9136,46.4215,47.71],[1703289600,45.3788,48.2824,43.4538,48.0723],[1703203200,45.9665,48.8663,43.6784,45.3788],[1703116800,43.4688,47.37,43.0682,45.9665],[1703030400,39.7314,44.4796,39.0829,43.4688],[1702944000,41.1386,42.1284,38.7493,39.73],[1702857600,40.5741,41.3832,36.4854,41.1386],[1702771200,42.19,43.9945,40.25,40.5741],[1702684800,39.7116,45.3111,38.5134,42.19],[1702598400,39.2943,42.2527,38.5316,39.7116],[1702512000,38.9754,40.3421,36.7593,39.2943],[1702425600,37.4489,41.4583,34.0589,38.9754],[1702339200,38.0065,42.8478,35.9775,37.4489],[1702252800,37.1557,39.3708,32.1406,38.0065],[1702166400,31.91,37.9695,31.5579,37.1557],[1702080000,30.4599,34.262,30.4698,31.91],[1701993600,26.2801,30.7984,26.0602,30.4599],[1701907200,26.2035,27.8837,25.7535,26.2801],[1701820800,24.5474,27.6566,24.4699,26.2035],[1701734400,22.6819,24.826,21.8109,24.5474],[1701648000,21.9477,23.1981,20.6836,22.6819],[1701561600,22.25,22.75,21.6097,21.9477],[1701475200,21.8638,22.4394,21.7585,22.25],[1701388800,21.393,22.6363,21.1159,21.8638],[1701302400,21.1152,21.5017,20.8236,21.393],[1701216000,20.6904,21.5756,20.5654,21.1152],[1701129600,20.3593,20.8542,19.5268,20.6904],[1701043200,21.0709,21.308,19.8374,20.3593],[1700956800,21.3707,21.5143,20.1217,21.0709],[1700870400,20.9082,21.4887,20.658,21.3707],[1700784000,20.6415,21.8733,20.4531,20.9082],[1700697600,20.79,21.4883,20.4479,20.6415],[1700611200,19.0152,21.2458,18.9951,20.79],[1700524800,20.8617,22.2822,18.9291,19.0152],[1700438400,22.8539,23.2595,20.7285,20.8617],[1700352000,22.0025,23.0494,20.7718,22.8539],[1700265600,21.9483,22.6886,20.1877,22.0025],[1700179200,21.71,24.67,20,21.9483],[1700092800,20.7042,24.05,20.2549,21.71],[1700006400,17.0509,20.9406,17.0209,20.7042],[1699920000,16.1185,18.1079,15.5789,17.0509],[1699833600,18.9873,19.7376,16.116,16.1235],[1699747200,16.8019,19.7376,15.9003,18.9873],[1699660800,14.7493,16.9939,14.0091,16.8019],[1699574400,12.9712,14.8588,12.9022,14.7493],[1699488000,12.994,13.9553,11.9823,12.9712],[1699401600,12.8166,13.15,12.67,12.994],[1699315200,13.0804,13.1014,12.3013,12.8166],[1699228800,12.3583,13.1688,12.2491,13.0804],[1699142400,12.2254,12.6792,12.1108,12.3583],[1699056000,12.1137,12.333,11.9317,12.2254],[1698969600,11.8811,12.19,11.451,12.1137],[1698883200,12.2336,12.5457,11.4383,11.8811],[1698796800,11.3366,12.3272,10.884,12.2342],[1698710400,11.4633,11.7634,11.0163,11.3366],[1698624000,11.3746,11.6847,11.0692,11.4633],[1698537600,10.9722,11.44,10.7922,11.3746],[1698451200,10.5938,11.0809,10.5518,10.9722],[1698364800,11.0508,11.0608,10.4022,10.5938],[1698278400,10.5237,11.472,10.3715,11.0508],[1698192000,10.32,10.632,10.1696,10.5237],[1698105600,10.5878,10.8057,10.0958,10.32],[1698019200,10.08456,10.67283,9.87153,10.5878],[1697932800,9.63736,10.09312,9.54448,10.08456],[1697846400,9.22378,9.81402,9.18,9.63736],[1697760000,9.07,9.38587,9.03324,9.22378],[1697673600,8.91138,9.12,8.65615,9.07],[1697587200,9.10993,9.21095,8.84548,8.91138],[1697500800,9.40256,9.41128,9.01623,9.10993],[1697414400,9.17046,9.81025,9.17,9.40256],[1697328000,9.14834,9.26234,9.07828,9.17046],[1697241600,9.1498,9.2474,9.12057,9.14834],[1697155200,9.11836,9.33707,9.02675,9.1498],[1697068800,9.3,9.31531,8.88848,9.11836],[1696982400,9.53063,9.57063,9.21861,9.3],[1696896000,9.5403,9.85,9.42217,9.53063],[1696809600,10.0863,10.09,9.30516,9.5403],[1696723200,10.35772,10.53554,9.97262,10.0863],[1696636800,10.6602,11.863,10.26,10.3577],[1696550400,10.1413,10.83,10.1308,10.6602],[1696464000,10.10484,10.32035,9.82653,10.14125],[1696377600,9.42,10.28035,9.12507,10.10484],[1696291200,9.31723,9.47507,9.23172,9.42],[1696204800,9.75155,9.83078,9.175,9.31723],[1696118400,9.24187,9.82578,9.21897,9.75155],[1696032000,9.17932,9.29482,9.11732,9.24187],[1695945600,9.27,9.36,9.07849,9.17932],[1695859200,8.92223,9.35145,8.90375,9.27],[1695772800,9.04,9.18278,8.82573,8.92],[1695686400,8.94852,9.0652,8.85786,9.04],[1695600000,8.78176,8.95886,8.63086,8.94852],[1695513600,8.90178,9.0517,8.75,8.78176],[1695427200,8.86609,8.9816,8.83009,8.90178],[1695340800,8.82996,8.91996,8.73991,8.86609],[1695254400,9.04991,9.10991,8.77991,8.82996],[1695168000,9.21184,9.24,8.87177,9.04991],[1695081600,9.11045,9.30789,9.04184,9.21184],[1694995200,9.10115,9.31236,8.82112,9.11045],[1694908800,9.38244,9.38244,9.02229,9.10115],[1694822400,9.43017,9.61008,9.36016,9.38244],[1694736000,9.40132,9.51133,9.18814,9.43017],[1694649600,9.29077,9.47039,9.25077,9.40132],[1694563200,9.21963,9.44924,9.10664,9.29077],[1694476800,9.23,9.57856,9.2,9.21963],[1694390400,9.45844,9.51,9.06,9.23],[1694304000,9.83827,9.83827,9.21838,9.45844],[1694217600,9.92085,9.92085,9.82914,9.83827],[1694131200,10.09,10.14247,9.8351,9.92085],[1694044800,9.94461,10.13495,9.83467,10.09],[1693958400,9.90942,10.04578,9.77295,9.94461],[1693872000,9.80173,9.95841,9.65845,9.90942],[1693785600,9.87749,10.03872,9.6869,9.80173],[1693699200,9.91268,9.98993,9.82994,9.87749],[1693612800,9.92327,9.96056,9.75912,9.91268],[1693526400,9.97955,10.05955,9.75815,9.92327],[1693440000,10.41137,10.54138,9.83129,9.97955],[1693353600,10.8174,10.8279,10.3308,10.4114],[1693267200,10.3648,11.1943,10.3248,10.8109],[1693180800,10.2,10.43977,9.91788,10.36476],[1693094400,10.0854,10.2754,10.0697,10.2],[1693008000,10.04,10.1254,10.0044,10.0854],[1692921600,10.11457,10.12707,9.8847,10.04],[1692835200,10.33878,10.35939,9.97232,10.11457],[1692748800,10.1459,10.4658,10.058,10.3388],[1692662400,10.35949,10.37949,9.7361,10.14594],[1692576000,10.8651,10.878,10.1751,10.3595],[1692489600,10.81,10.92,10.7389,10.8651],[1692403200,10.8058,10.8858,10.56,10.81],[1692316800,10.5786,10.997,10.5386,10.8058],[1692230400,11.36703,11.49688,9.9886,10.57857],[1692144000,11.8146,11.8581,11.0837,11.367],[1692057600,12.3528,12.3628,11.3121,11.8146],[1691971200,12.2613,12.4456,12.1707,12.3528],[1691884800,12.3839,12.4212,12.1913,12.2613],[1691798400,12.4326,12.48,12.3439,12.3839],[1691712000,12.4727,12.5352,12.34,12.4326],[1691625600,12.6196,12.6591,12.4553,12.4727],[1691539200,12.68,12.7981,12.4896,12.6196],[1691452800,12.4493,12.7881,12.3688,12.68],[1691366400,12.5788,12.7391,12.2046,12.4493],[1691280000,12.4326,12.6544,12.4113,12.5788],[1691193600,12.4011,12.4363,12.2728,12.4326],[1691107200,12.4315,12.6005,12.2612,12.4011],[1691020800,12.5427,12.6307,12.39,12.4315],[1690934400,12.88,12.9579,12.4255,12.5427],[1690848000,12.8193,12.8886,12.4086,12.88],[1690761600,13.1205,13.2753,12.7086,12.8193],[1690675200,13.2392,13.4105,12.9203,13.1205],[1690588800,13.2232,13.2896,13.1592,13.2392],[1690502400,13.1498,13.2912,13.0165,13.2232],[1690416000,13.2687,13.4298,13.0249,13.1498],[1690329600,13.3396,13.4587,13.0887,13.2687],[1690243200,13.11,13.5345,13.04,13.3396],[1690156800,13.5427,13.6,12.815,13.11],[1690070400,13.5213,13.7514,13.4056,13.5427],[1689984000,13.9798,14.0503,13.3213,13.5213],[1689897600,13.8694,14.0694,13.7347,13.9798],[1689811200,13.9902,14.4202,13.6901,13.8694],[1689724800,13.8027,14.2728,13.7627,13.9902],[1689638400,14.4022,14.5811,13.616,13.8027],[1689552000,14.293,14.6262,13.8709,14.4022],[1689465600,14.842,14.932,14.176,14.293],[1689379200,14.649,15.3495,14.4195,14.842],[1689292800,14.1142,15.9674,14.0542,14.649],[1689206400,13.0147,14.1894,12.8995,14.1142],[1689120000,13.2701,13.3501,12.8602,13.0147],[1689033600,13.3908,13.6904,13.1608,13.2701],[1688947200,13.5841,13.8542,13.174,13.3908],[1688860800,13.6432,14.2133,13.5741,13.5841],[1688774400,12.741,13.8756,12.73,13.6432],[1688688000,12.3748,12.751,12.2698,12.741],[1688601600,12.6714,13.1115,12.2514,12.3748],[1688515200,13.0374,13.1518,12.5009,12.6714],[1688428800,13.2501,13.4002,13.0118,13.0374],[1688342400,13.1254,13.4509,13.0708,13.2501],[1688256000,13,13.2154,12.7104,13.1254],[1688169600,13.0231,13.1541,12.8381,13],[1688083200,12.6698,13.3248,12.1396,13.0231],[1687996800,12.3394,12.95,12.27,12.6698],[1687910400,13.2011,13.2111,12.1155,12.3394],[1687824000,13.3113,13.4713,13.13,13.2011]]}","timestamp":"2024-12-08T09:29:06.149Z"}
{"level":"info","message":"Fetched GMX token data successfully.","timestamp":"2024-12-08T09:29:06.150Z"}
{"level":"info","message":"Fetching Uniswap data...","timestamp":"2024-12-08T09:29:06.150Z"}
{"level":"info","message":"Fetching Uniswap data from: https://gateway.thegraph.com/api/4093f720be8b88ee6d5e70fcf6e78da5/subgraphs/id/5zvR82QoaXYFyDEKLZ9t6v9adgnptxYpKpSbxtgVENFV","timestamp":"2024-12-08T09:29:06.151Z"}
{"level":"info","message":"Uniswap API returned 10 pools. Validating data...","timestamp":"2024-12-08T09:29:06.768Z"}
{"level":"info","message":"10 valid pools processed from Uniswap.","timestamp":"2024-12-08T09:29:06.770Z"}
{"level":"info","message":"Fetched Uniswap data successfully.","timestamp":"2024-12-08T09:29:06.772Z"}
{"level":"info","message":"Combined Data for Trend Analysis:","timestamp":"2024-12-08T09:29:06.783Z"}
{"level":"error","message":"Error in data pipeline: analyzeTrends is not a function","timestamp":"2024-12-08T09:29:06.784Z"}
{"level":"info","message":"Data pipeline completed successfully.","timestamp":"2024-12-08T09:29:06.784Z"}
{"level":"info","message":"Validating GMX data fetching...","timestamp":"2024-12-08T09:29:06.784Z"}
{"level":"info","message":"Fetching GMX data for arbitrum using tickers endpoint with params: {}","timestamp":"2024-12-08T09:29:06.785Z"}
{"level":"info","message":"Fetched data for arbitrum: [{\"tokenAddress\":\"0x7f9FBf9bDd3F4105C478b996B648FE6e828a1e98\",\"tokenSymbol\":\"APE\",\"minPrice\":\"1831134894945\",\"maxPrice\":\"1832065439025\",\"updatedAt\":1733650145742,\"timestamp\":1733650145},{\"tokenAddress\":\"0x74885b4D524d497261259B38900f54e6dbAd2210\",\"tokenSymbol\":\"APE_deprecated\",\"minPrice\":\"1831134894945\",\"maxPrice\":\"1832065439025\",\"updatedAt\":1733650145742,\"timestamp\":1733650145},{\"tokenAddress\":\"0x3f8f0dCE4dCE4d0D1d0871941e79CDA82cA50d0B\",\"tokenSymbol\":\"APT\",\"minPrice\":\"142695175823523890000000\",\"maxPrice\":\"142775346064385500000000\",\"updatedAt\":1733650145742,\"timestamp\":1733650145},{\"tokenAddress\":\"0x3Eea56A1ccCdbfB70A26aD381C71Ee17E4c8A15F\",\"tokenSymbol\":\"BOME\",\"minPrice\":\"10324000000000000000000\",\"maxPrice\":\"10326000000000000000000\",\"updatedAt\":1733650145491,\"timestamp\":1733650145},{\"tokenAddress\":\"0xaF770F03518686a365300ab35AD860e99967B2f0\",\"tokenSymbol\":\"MEME\",\"minPrice\":\"17550260381\",\"maxPrice\":\"17559729347\",\"updatedAt\":1733650145591,\"timestamp\":1733650145},{\"tokenAddress\":\"0x6792c5B8962ffbDD020c6b6FD0Be7b182e0e33a3\",\"tokenSymbol\":\"FLOKI\",\"minPrice\":\"250560657720687000\",\"maxPrice\":\"250595650000000000\",\"updatedAt\":1733650145893,\"timestamp\":1733650145},{\"tokenAddress\":\"0x5503CF72f54b6d692d36BBCD391516A7dE068687\",\"tokenSymbol\":\"MEW\",\"minPrice\":\"96347062818000500000000\",\"maxPrice\":\"96377660397817910000000\",\"updatedAt\":1733650146498,\"timestamp\":1733650146},{\"tokenAddress\":\"0x82aF49447D8a07e3bd95BD0d56f35241523fBab1\",\"tokenSymbol\":\"ETH\",\"minPrice\":\"3956815700000000\",\"maxPrice\":\"3956964366000000\",\"updatedAt\":1733650146599,\"timestamp\":1733650146},{\"tokenAddress\":\"0x938aef36CAaFbcB37815251B602168087eC14648\",\"tokenSymbol\":\"TAO\",\"minPrice\":\"690770760021749900000000\",\"maxPrice\":\"690903443025202400000000\",\"updatedAt\":1733650146599,\"timestamp\":1733650146},{\"tokenAddress\":\"0x1FD10E767187A92f0AB2ABDEEF4505e319cA06B2\",\"tokenSymbol\":\"BONK\",\"minPrice\":\"451416000000000000000\",\"maxPrice\":\"451598000000000000000\",\"updatedAt\":1733650145642,\"timestamp\":1733650145},{\"tokenAddress\":\"0x75B9AdD873641b253718810E6c65dB6d72311FD0\",\"tokenSymbol\":\"WLD\",\"minPrice\":\"3715722019156\",\"maxPrice\":\"3716739733024\",\"updatedAt\":1733650146599,\"timestamp\":1733650146},{\"tokenAddress\":\"0x47904963fc8b2340414262125aF798B9655E58Cd\",\"tokenSymbol\":\"BTC\",\"minPrice\":\"993142551388119900000000000\",\"maxPrice\":\"993188540000000000000000000\",\"updatedAt\":1733650145893,\"timestamp\":1733650145},{\"tokenAddress\":\"0x6c84a8f1c29108F47a79964b5Fe888D4f4D0dE40\",\"tokenSymbol\":\"tBTC\",\"minPrice\":\"99314255138811990\",\"maxPrice\":\"99318854000000000\",\"updatedAt\":1733650145893,\"timestamp\":1733650145},{\"tokenAddress\":\"0x2f2a2543B76A4166549F7aaB2e75Bef0aefC5B0f\",\"tokenSymbol\":\"WBTC.b\",\"minPrice\":\"993142551388119900000000000\",\"maxPrice\":\"993188540000000000000000000\",\"updatedAt\":1733650145893,\"timestamp\":1733650145},{\"tokenAddress\":\"0xC4da4c24fd591125c3F47b340b6f4f76111883d8\",\"tokenSymbol\":\"DOGE\",\"minPrice\":\"4561460400000000000000\",\"maxPrice\":\"4561968000000000000000\",\"updatedAt\":1733650146044,\"timestamp\":1733650145},{\"tokenAddress\":\"0x606C3e5075e5555e79Aa15F1E9FACB776F96C248\",\"tokenSymbol\":\"EIGEN\",\"minPrice\":\"4507307079225\",\"maxPrice\":\"4509728610064\",\"updatedAt\":1733650145742,\"timestamp\":1733650145},{\"tokenAddress\":\"0xB46A094Bc4B0adBD801E14b9DB95e05E28962764\",\"tokenSymbol\":\"LTC\",\"minPrice\":\"1317164760000000000000000\",\"maxPrice\":\"1317458606326114500000000\",\"updatedAt\":1733650145691,\"timestamp\":1733650145},{\"tokenAddress\":\"0x3E57D02f9d196873e55727382974b02EdebE6bfd\",\"tokenSymbol\":\"SHIB\",\"minPrice\":\"31589427\",\"maxPrice\":\"31600275\",\"updatedAt\":1733650145691,\"timestamp\":1733650145},{\"tokenAddress\":\"0x2bcC6D6CdBbDC0a4071e48bb3B969b06B3330c07\",\"tokenSymbol\":\"SOL\",\"minPrice\":\"235756776192859900000000\",\"maxPrice\":\"235781860000000000000000\",\"updatedAt\":1733650145591,\"timestamp\":1733650145},{\"tokenAddress\":\"0x197aa2DE1313c7AD50184234490E12409B2a1f95\",\"tokenSymbol\":\"SUI\",\"minPrice\":\"4177383800713969000000\",\"maxPrice\":\"4177846861101375000000\",\"updatedAt\":1733650145642,\"timestamp\":1733650145},{\"tokenAddress\":\"0x55e85A147a1029b985384822c0B2262dF8023452\",\"tokenSymbol\":\"SEI\",\"minPrice\":\"673718118403\",\"maxPrice\":\"673840782984\",\"updatedAt\":1733650145742,\"timestamp\":1733650145},{\"tokenAddress\":\"0xBaf07cF91D413C0aCB2b7444B9Bf13b4e03c9D71\",\"tokenSymbol\":\"STX\",\"minPrice\":\"2596296350000000000000000\",\"maxPrice\":\"2597374500000000000000000\",\"updatedAt\":1733650145742,\"timestamp\":1733650145},{\"tokenAddress\":\"0xFa7F8980b0f1E64A2062791cc3b0871572f1F7f0\",\"tokenSymbol\":\"UNI\",\"minPrice\":\"18340311782194\",\"maxPrice\":\"18344259000000\",\"updatedAt\":1733650145591,\"timestamp\":1733650145},{\"tokenAddress\":\"0xf97f4df75117a78c1A5a0DBb814Af92458539FB4\",\"tokenSymbol\":\"LINK\",\"minPrice\":\"25995635000000\",\"maxPrice\":\"26007231626662\",\"updatedAt\":1733650145742,\"timestamp\":1733650145},{\"tokenAddress\":\"0x912CE59144191C1204E64559FE8253a0e49E6548\",\"tokenSymbol\":\"ARB\",\"minPrice\":\"1150764523407\",\"maxPrice\":\"1151148659418\",\"updatedAt\":1733650145591,\"timestamp\":1733650145},{\"tokenAddress\":\"0xc14e065b0067dE91534e032868f5Ac6ecf2c6868\",\"tokenSymbol\":\"XRP\",\"minPrice\":\"2529598000000000000000000\",\"maxPrice\":\"2530038463446146000000000\",\"updatedAt\":1733650146551,\"timestamp\":1733650146},{\"tokenAddress\":\"0xaf88d065e77c8cC2239327C5EDb3A432268e5831\",\"tokenSymbol\":\"USDC\",\"minPrice\":\"999802980774731400000000\",\"maxPrice\":\"999970000000000000000000\",\"updatedAt\":1733650145742,\"timestamp\":1733650145},{\"tokenAddress\":\"0xFF970A61A04b1cA14834A43f5dE4533eBDDB5CC8\",\"tokenSymbol\":\"USDC.e\",\"minPrice\":\"999802980774731400000000\",\"maxPrice\":\"999970000000000000000000\",\"updatedAt\":1733650145742,\"timestamp\":1733650145},{\"tokenAddress\":\"0xFd086bC7CD5C481DCC9C85ebE478A1C0b69FCbb9\",\"tokenSymbol\":\"USDT\",\"minPrice\":\"1000501538086720400000000\",\"maxPrice\":\"1000563800000000000000000\",\"updatedAt\":1733650146094,\"timestamp\":1733650145},{\"tokenAddress\":\"0xDA10009cBd5D07dd0CeCc66161FC93D7c9000da1\",\"tokenSymbol\":\"DAI\",\"minPrice\":\"999744277219\",\"maxPrice\":\"1000000000000\",\"updatedAt\":1733650145642,\"timestamp\":1733650145},{\"tokenAddress\":\"0xa9004A5421372E1D83fB1f85b0fc986c912f91f3\",\"tokenSymbol\":\"BNB\",\"minPrice\":\"738799004313226\",\"maxPrice\":\"738816468944053\",\"updatedAt\":1733650145792,\"timestamp\":1733650145},{\"tokenAddress\":\"0x7D7F1765aCbaF847b9A1f7137FE8Ed4931FbfEbA\",\"tokenSymbol\":\"ATOM\",\"minPrice\":\"9990391513548105000000000\",\"maxPrice\":\"9993542918398164000000000\",\"updatedAt\":1733650145642,\"timestamp\":1733650145},{\"tokenAddress\":\"0x1FF7F3EFBb9481Cbd7db4F932cBCD4467144237C\",\"tokenSymbol\":\"NEAR\",\"minPrice\":\"7577099\",\"maxPrice\":\"7578511\",\"updatedAt\":1733650145842,\"timestamp\":1733650145},{\"tokenAddress\":\"0xba5DdD1f9d7F570dc94a51479a000E3BCE967196\",\"tokenSymbol\":\"AAVE\",\"minPrice\":\"279839691832101\",\"maxPrice\":\"279880085000000\",\"updatedAt\":1733650145491,\"timestamp\":1733650145},{\"tokenAddress\":\"0x565609fAF65B92F7be02468acF86f8979423e514\",\"tokenSymbol\":\"AVAX\",\"minPrice\":\"51032851424479\",\"maxPrice\":\"51046725075529\",\"updatedAt\":1733650145742,\"timestamp\":1733650145},{\"tokenAddress\":\"0xaC800FD6159c2a2CB8fC31EF74621eB430287a5A\",\"tokenSymbol\":\"OP\",\"minPrice\":\"2642583124017\",\"maxPrice\":\"2643530000000\",\"updatedAt\":1733650145742,\"timestamp\":1733650145},{\"tokenAddress\":\"0x1E15d08f3CA46853B692EE28AE9C7a0b88a9c994\",\"tokenSymbol\":\"ORDI\",\"minPrice\":\"47487265000000\",\"maxPrice\":\"47497274000000\",\"updatedAt\":1733650145742,\"timestamp\":1733650145},{\"tokenAddress\":\"0x38676f62d166f5CE7De8433F51c6B3D6D9d66C19\",\"tokenSymbol\":\"TIA\",\"minPrice\":\"8251719600600840000000000\",\"maxPrice\":\"8253409458998433000000000\",\"updatedAt\":1733650145642,\"timestamp\":1733650145},{\"tokenAddress\":\"0xb06aa7E4af937C130dDade66f6ed7642716fe07A\",\"tokenSymbol\":\"TRX\",\"minPrice\":\"312159537289994570000000\",\"maxPrice\":\"312268810000000000000000\",\"updatedAt\":1733650145842,\"timestamp\":1733650145},{\"tokenAddress\":\"0xB2f7cefaeEb08Aa347705ac829a7b8bE2FB560f3\",\"tokenSymbol\":\"TON\",\"minPrice\":\"6724059376998598000000\",\"maxPrice\":\"6725070896638872000000\",\"updatedAt\":1733650145893,\"timestamp\":1733650145},{\"tokenAddress\":\"0xfc5A1A6EB076a2C7aD06eD22C90d7E710E35ad0a\",\"tokenSymbol\":\"GMX\",\"minPrice\":\"40870188789921\",\"maxPrice\":\"40882052111096\",\"updatedAt\":1733650145691,\"timestamp\":1733650145},{\"tokenAddress\":\"0xA1b91fe9FD52141Ff8cac388Ce3F10BFDc1dE79d\",\"tokenSymbol\":\"WIF\",\"minPrice\":\"3695817648680790650000000\",\"maxPrice\":\"3697196036815319500000000\",\"updatedAt\":1733650145893,\"timestamp\":1733650145},{\"tokenAddress\":\"0x25d887Ce7a35172C62FeBFD67a1856F20FaEbB00\",\"tokenSymbol\":\"PEPE\",\"minPrice\":\"24582866\",\"maxPrice\":\"24593945\",\"updatedAt\":1733650145542,\"timestamp\":1733650145},{\"tokenAddress\":\"0x0c880f6761F1af8d9Aa9C466984b80DAb9a8c9e8\",\"tokenSymbol\":\"PENDLE\",\"minPrice\":\"6634546326205\",\"maxPrice\":\"6635937477511\",\"updatedAt\":1733650145792,\"timestamp\":1733650145},{\"tokenAddress\":\"0x5979D7b546E38E414F7E9822514be443A4800529\",\"tokenSymbol\":\"wstETH\",\"minPrice\":\"4693047585198452\",\"maxPrice\":\"4694067701471526\",\"updatedAt\":1733650145943,\"timestamp\":1733650145},{\"tokenAddress\":\"0x5d3a1Ff2b6BAb83b63cd9AD0787074081a52ef34\",\"tokenSymbol\":\"USDe\",\"minPrice\":\"1001949100000\",\"maxPrice\":\"1002068400000\",\"updatedAt\":1733650145642,\"timestamp\":1733650145},{\"tokenAddress\":\"0x2cD2eB61D17b78239Fcd19aafF72981B5D5eF319\",\"tokenSymbol\":\"SATS\",\"minPrice\":\"306173550000000000\",\"maxPrice\":\"306295179334000000\",\"updatedAt\":1733650145742,\"timestamp\":1733650145},{\"tokenAddress\":\"0x9c74772b713a1B032aEB173E28683D937E51921c\",\"tokenSymbol\":\"POL\",\"minPrice\":\"687330000000\",\"maxPrice\":\"687507377586\",\"updatedAt\":1733650145691,\"timestamp\":1733650145},{\"tokenAddress\":\"0x53186c8419BEB83fE4Da74F7875041a1287337ED\",\"tokenSymbol\":\"ADA\",\"minPrice\":\"1191288727207906400000000\",\"maxPrice\":\"1191491081759740250000000\",\"updatedAt\":1733650145943,\"timestamp\":1733650145},{\"tokenAddress\":\"0xc5dbD52Ae5a927Cf585B884011d0C7631C9974c6\",\"tokenSymbol\":\"XLM\",\"minPrice\":\"48114733000000000000000\",\"maxPrice\":\"48125921416848894000000\",\"updatedAt\":1733650145792,\"timestamp\":1733650145},{\"tokenAddress\":\"0xc33D9C096e74aa4f571E9417b69a19C4A1e72ef2\",\"tokenSymbol\":\"BCH\",\"minPrice\":\"6086917600000000000000000\",\"maxPrice\":\"6088202800000000000000000\",\"updatedAt\":1733650145742,\"timestamp\":1733650145},{\"tokenAddress\":\"0xE958f107b467d5172573F761d26931D658C1b436\",\"tokenSymbol\":\"DOT\",\"minPrice\":\"1035039044582196700000\",\"maxPrice\":\"1035268000000000000000\",\"updatedAt\":1733650145691,\"timestamp\":1733650145},{\"tokenAddress\":\"0xdaf0A71608938F762e37eC5F72F670Cc44703454\",\"tokenSymbol\":\"ICP\",\"minPrice\":\"143169620000000000000000\",\"maxPrice\":\"143190515000000000000000\",\"updatedAt\":1733650143729,\"timestamp\":1733650143},{\"tokenAddress\":\"0x82BB89fcc64c5d4016C5Ed1AB016bB0D1C20D6C3\",\"tokenSymbol\":\"RENDER\",\"minPrice\":\"10120838500000\",\"maxPrice\":\"10122768000000\",\"updatedAt\":1733650145893,\"timestamp\":1733650145}]","timestamp":"2024-12-08T09:29:07.379Z"}
{"level":"info","message":"Arbitrum GMX Tickers fetched successfully:","timestamp":"2024-12-08T09:29:07.380Z"}
{"level":"info","message":"Fetching GMX data for avalanche using tickers endpoint with params: {}","timestamp":"2024-12-08T09:29:07.380Z"}
{"level":"info","message":"Fetched data for avalanche: [{\"tokenAddress\":\"0xB31f66AA3C1e785363F0875A1B74E27b85FD66c7\",\"tokenSymbol\":\"AVAX\",\"minPrice\":\"51031767040004\",\"maxPrice\":\"51047361477698\",\"updatedAt\":1733650147107,\"timestamp\":1733650146},{\"tokenAddress\":\"0x49D5c2BdFfac6CE2BFdB6640F4F80f226bc10bAB\",\"tokenSymbol\":\"ETH\",\"minPrice\":\"3956815700000000\",\"maxPrice\":\"3956964366000000\",\"updatedAt\":1733650146602,\"timestamp\":1733650146},{\"tokenAddress\":\"0x152b9d0FdC40C096757F570A51E494bd4b943E50\",\"tokenSymbol\":\"BTC\",\"minPrice\":\"993142508731891900000000000\",\"maxPrice\":\"993189278450000000000000000\",\"updatedAt\":1733650147311,\"timestamp\":1733650146},{\"tokenAddress\":\"0x5947BB275c521040051D82396192181b413227A3\",\"tokenSymbol\":\"LINK\",\"minPrice\":\"25986421500000\",\"maxPrice\":\"26001314226214\",\"updatedAt\":1733650146904,\"timestamp\":1733650146},{\"tokenAddress\":\"0xFE6B19286885a4F7F55AdAD09C3Cd1f906D2478F\",\"tokenSymbol\":\"SOL\",\"minPrice\":\"235759512634843220000000\",\"maxPrice\":\"235789260264407570000000\",\"updatedAt\":1733650146854,\"timestamp\":1733650146},{\"tokenAddress\":\"0xC301E6fe31062C557aEE806cc6A841aE989A3ac6\",\"tokenSymbol\":\"DOGE\",\"minPrice\":\"4561668928521002700000\",\"maxPrice\":\"4562059470254683500000\",\"updatedAt\":1733650146804,\"timestamp\":1733650146},{\"tokenAddress\":\"0x8E9C35235C38C44b5a53B56A41eaf6dB9a430cD6\",\"tokenSymbol\":\"LTC\",\"minPrice\":\"1317168370000000000000000\",\"maxPrice\":\"1317433195550889600000000\",\"updatedAt\":1733650146954,\"timestamp\":1733650146},{\"tokenAddress\":\"0xB97EF9Ef8734C71904D8002F8b6Bc66Dd9c48a6E\",\"tokenSymbol\":\"USDC\",\"minPrice\":\"999802980774731400000000\",\"maxPrice\":\"999970000000000000000000\",\"updatedAt\":1733650146954,\"timestamp\":1733650146},{\"tokenAddress\":\"0xA7D7079b0FEaD91F3e65f86E8915Cb59c1a4C664\",\"tokenSymbol\":\"USDC.e\",\"minPrice\":\"999802980774731400000000\",\"maxPrice\":\"999970000000000000000000\",\"updatedAt\":1733650146954,\"timestamp\":1733650146},{\"tokenAddress\":\"0x9702230A8Ea53601f5cD2dc00fDBc13d4dF4A8c7\",\"tokenSymbol\":\"USDT\",\"minPrice\":\"1000501538086720400000000\",\"maxPrice\":\"1000563900000000000000000\",\"updatedAt\":1733650146854,\"timestamp\":1733650146},{\"tokenAddress\":\"0xc7198437980c041c805A1EDcbA50c1Ce5db95118\",\"tokenSymbol\":\"USDT.e\",\"minPrice\":\"1000501538086720400000000\",\"maxPrice\":\"1000563900000000000000000\",\"updatedAt\":1733650146854,\"timestamp\":1733650146},{\"tokenAddress\":\"0xd586E7F844cEa2F87f50152665BCbc2C279D8d70\",\"tokenSymbol\":\"DAI.e\",\"minPrice\":\"999744277219\",\"maxPrice\":\"1000000000000\",\"updatedAt\":1733650146954,\"timestamp\":1733650146},{\"tokenAddress\":\"0x34B2885D617cE2ddeD4F60cCB49809fc17bb58Af\",\"tokenSymbol\":\"XRP\",\"minPrice\":\"2529598000000000000000000\",\"maxPrice\":\"2530038463446146000000000\",\"updatedAt\":1733650146551,\"timestamp\":1733650146},{\"tokenAddress\":\"0x62edc0692BD897D2295872a9FFCac5425011c661\",\"tokenSymbol\":\"GMX\",\"minPrice\":\"40870147789921\",\"maxPrice\":\"40882011111096\",\"updatedAt\":1733650146753,\"timestamp\":1733650146}]","timestamp":"2024-12-08T09:29:07.684Z"}
{"level":"info","message":"Avalanche GMX Tickers fetched successfully:","timestamp":"2024-12-08T09:29:07.684Z"}
{"level":"info","message":"Fetching GMX data for arbitrum using candles endpoint with params: {\"tokenSymbol\":\"ETH\",\"period\":\"1d\"}","timestamp":"2024-12-08T09:29:07.685Z"}
{"level":"info","message":"Fetched data for arbitrum: {\"period\":\"1d\",\"candles\":[[1733616000,4000.01,4012.6,3939.57,3956.86],[1733529600,4005.13,4030.15,3973.19,4000.01],[1733443200,3789.41,4095.54,3781.49,4005.13],[1733356800,3844.04,3958.53,3685.52,3789.41],[1733270400,3617.25,3896.98,3616.97,3844.04],[1733184000,3644.6,3670.86,3502.98,3617.25],[1733097600,3710.08,3762.71,3556.84,3644.6],[1733011200,3705.93,3748.76,3661.3,3710.08],[1732924800,3593.55,3740.59,3570.3,3705.93],[1732838400,3579.25,3649.12,3535.69,3593.55],[1732752000,3657.1,3665.27,3530.7,3579.25],[1732665600,3323.31,3688.62,3300.9,3657.1],[1732579200,3414.64,3462.72,3254.06,3323.31],[1732492800,3364.68,3546.15,3304.07,3414.64],[1732406400,3397.3,3453.41,3286.83,3364.68],[1732320000,3331.44,3500.2,3316.53,3397.3],[1732233600,3359.82,3429.48,3262.59,3331.44],[1732147200,3072.04,3390.18,3035.27,3359.82],[1732060800,3111.66,3161.35,3032.2,3072.04],[1731974400,3210.05,3223.03,3069.84,3111.66],[1731888000,3076.46,3225.99,3050.61,3210.05],[1731801600,3133.75,3161.67,3037.29,3076.46],[1731715200,3090.85,3220.17,3072.83,3133.75],[1731628800,3058.84,3131.19,3014.89,3090.85],[1731542400,3191.23,3242.32,3031.25,3058.84],[1731456000,3247.23,3338.83,3121.31,3191.23],[1731369600,3375.65,3445.39,3210.61,3247.23],[1731283200,3185.9,3391.35,3108.35,3375.65],[1731196800,3128.03,3251.14,3070.79,3185.9],[1731110400,2963.81,3158.03,2956.57,3128.03],[1731024000,2897.19,2985.35,2888.98,2963.81],[1730937600,2724.34,2920.02,2701.35,2897.19],[1730851200,2422.37,2746.37,2420.4,2724.34],[1730764800,2396.96,2479.35,2379.52,2422.37],[1730678400,2456.53,2489.7,2357.19,2396.96],[1730592000,2493.15,2495.63,2410.06,2456.53],[1730505600,2510.43,2522.17,2470,2493.15],[1730419200,2514.99,2585.01,2466.06,2510.43],[1730332800,2658.2,2667.91,2500.3,2514.99],[1730246400,2637.55,2721.01,2598.62,2658.2],[1730160000,2565.68,2681.21,2559.51,2637.55],[1730073600,2505.05,2587.63,2468.45,2565.68],[1729987200,2479.41,2524.41,2461.07,2505.05],[1729900800,2435.99,2504.16,2425.57,2479.41],[1729814400,2534.22,2563.99,2379.81,2435.99],[1729728000,2521.98,2558.88,2505.68,2534.22],[1729641600,2620.98,2625.11,2453.1,2521.98],[1729555200,2665.32,2670.33,2604.72,2620.98],[1729468800,2746.05,2768.25,2654.28,2665.32],[1729382400,2647.93,2758.11,2635.28,2746.05],[1729296000,2641.95,2662.93,2630.83,2647.93],[1729209600,2604.83,2675.38,2595.36,2641.95],[1729123200,2610.61,2647.31,2574.98,2604.83],[1729036800,2606.86,2646.7,2588.55,2610.61],[1728950400,2628.71,2687.19,2537.01,2606.86],[1728864000,2467.84,2653.11,2442.44,2628.71],[1728777600,2475.77,2484.21,2435.93,2467.84],[1728691200,2438.66,2489.49,2433.35,2475.77],[1728604800,2384.38,2471,2379.87,2438.66],[1728518400,2368.35,2417.92,2328.36,2384.38],[1728432000,2439.39,2471.82,2349.38,2368.35],[1728345600,2422.04,2464.78,2400.13,2439.39],[1728259200,2439.63,2520.3,2402.93,2422.04],[1728172800,2414.5,2457.31,2406.81,2439.63],[1728086400,2414.4,2428.01,2389.72,2414.5],[1728000000,2349.73,2440.84,2338.97,2414.4],[1727913600,2363.61,2403.05,2309.58,2349.73],[1727827200,2447.94,2498.41,2352.45,2363.61],[1727740800,2601.32,2657.92,2413.22,2447.94],[1727654400,2658.01,2663.58,2574.13,2601.32],[1727568000,2675.64,2683.81,2634.68,2658.01],[1727481600,2695.2,2704.87,2650.56,2675.64],[1727395200,2632.51,2728.62,2615.51,2695.2],[1727308800,2579.46,2666.44,2558.88,2632.51],[1727222400,2653.35,2673.62,2555.32,2579.46],[1727136000,2647,2671.24,2591.71,2653.35],[1727049600,2581.12,2703.39,2540.12,2647],[1726963200,2613.24,2632.26,2525.73,2581.12],[1726876800,2561.6,2622.26,2529.46,2613.24],[1726790400,2465.57,2571.94,2438.11,2561.6],[1726704000,2374.73,2494.38,2372.81,2465.57],[1726617600,2342.02,2376.07,2277.55,2374.73],[1726531200,2295.37,2393.82,2263.3,2342.02],[1726444800,2316.22,2335.32,2252.54,2295.37],[1726358400,2418.38,2430.94,2285.76,2316.22],[1726272000,2441.11,2442.5,2380.73,2418.38],[1726185600,2361.75,2464.46,2337.4,2441.11],[1726099200,2340.74,2391.83,2315.08,2361.75],[1726012800,2388.48,2389.54,2277.98,2340.74],[1725926400,2359.8,2399.02,2321.13,2388.48],[1725840000,2297.2,2380.05,2272.95,2359.8],[1725753600,2273.27,2332.41,2241.63,2297.2],[1725667200,2224.53,2311.01,2221.48,2273.27],[1725580800,2367.87,2407.54,2150.09,2224.53],[1725494400,2450.33,2465.82,2347.84,2367.87],[1725408000,2424.66,2489.54,2308.57,2450.33],[1725321600,2537.92,2553.28,2415.72,2424.66],[1725235200,2426.03,2564.12,2423.58,2537.92],[1725148800,2512.82,2515.91,2400.17,2426.03],[1725062400,2525.45,2533.44,2492.19,2512.82],[1724976000,2527.95,2548.9,2432.21,2525.45],[1724889600,2527.95,2596.4,2506.18,2527.95],[1724803200,2457.74,2554.98,2420.14,2527.95],[1724716800,2681.06,2700.19,2399,2457.74],[1724630400,2747.49,2763.32,2667.78,2681.06],[1724544000,2769.78,2793.34,2734.98,2747.49],[1724457600,2764.76,2820.48,2734.88,2769.78],[1724371200,2623.22,2800.64,2621.54,2764.76],[1724284800,2631.16,2645.53,2585.18,2623.22],[1724198400,2573.01,2664.04,2537.37,2631.16],[1724112000,2637.39,2696.52,2555.51,2573.01],[1724025600,2612.37,2648.71,2564.66,2637.39],[1723939200,2614.71,2686.58,2594.86,2612.37],[1723852800,2593.55,2627.72,2588.07,2614.71],[1723766400,2570.31,2630.45,2551.94,2593.55],[1723680000,2661.77,2675.67,2517.99,2570.31],[1723593600,2703.32,2779.37,2635.5,2661.77],[1723507200,2723.08,2738.78,2612.03,2703.32],[1723420800,2555.52,2749.97,2511.29,2723.08],[1723334400,2610.54,2719.1,2541.26,2555.52],[1723248000,2599.83,2644.87,2577.6,2610.54],[1723161600,2683.95,2707.34,2553.69,2599.83],[1723075200,2343.24,2723.69,2321.07,2683.95],[1722988800,2462.64,2551.89,2309.39,2343.24],[1722902400,2419.93,2554.68,2416.49,2462.64],[1722816000,2688.04,2696.31,2111.95,2419.93],[1722729600,2901.96,2932.37,2631.09,2688.04],[1722643200,2985.91,3015.85,2858.77,2901.96],[1722556800,3200.69,3215.58,2964.51,2985.91],[1722470400,3231.67,3241.86,3077.7,3200.69],[1722384000,3278.37,3348.12,3213.44,3231.67],[1722297600,3317.21,3365.52,3234.02,3278.37],[1722211200,3270.01,3396.59,3257.23,3317.21],[1722124800,3249.26,3283.58,3199.18,3270.01],[1722038400,3274.99,3327.72,3191.97,3249.26],[1721952000,3174.28,3286.04,3169.78,3274.99],[1721865600,3335.34,3341.59,3086.87,3174.28],[1721779200,3482.88,3487.84,3302.8,3335.34],[1721692800,3440.84,3540.22,3391.71,3482.88],[1721606400,3536.06,3562.4,3424.58,3440.84],[1721520000,3518.61,3547.21,3413.61,3536.06],[1721433600,3505.7,3540.62,3482.01,3518.61],[1721347200,3425.71,3541.45,3376.49,3505.7],[1721260800,3387.31,3489.65,3368.21,3425.71],[1721174400,3446.25,3517.78,3377.38,3387.31],[1721088000,3485.49,3499.11,3348.35,3446.25],[1721001600,3246.12,3495.59,3234.74,3485.49],[1720915200,3176.72,3268.45,3164.62,3246.12],[1720828800,3134.78,3202.62,3114.35,3176.72],[1720742400,3099.42,3158.07,3047.57,3134.78],[1720656000,3100.57,3215.09,3054.85,3099.42],[1720569600,3066.45,3150.39,3024.64,3100.57],[1720483200,3018.45,3112.67,3003.89,3066.45],[1720396800,2930.82,3093.18,2824.04,3018.45],[1720310400,3067.35,3073.75,2922.33,2930.82],[1720224000,2981.85,3081.1,2955.87,3067.35],[1720137600,3058.7,3107.97,2820.35,2981.85],[1720051200,3292.05,3309.7,3050.36,3058.7],[1719964800,3416.24,3426.91,3249.98,3292.05],[1719878400,3438.62,3460.05,3397.62,3416.24],[1719792000,3432.44,3518.42,3422.19,3438.62],[1719705600,3373.31,3454.11,3350.01,3432.44],[1719619200,3373.74,3402.92,3366.83,3373.31],[1719532800,3445.56,3483.91,3362.31,3373.74],[1719446400,3368.98,3473.55,3360.07,3445.56],[1719360000,3393.26,3424.34,3324.61,3368.98],[1719273600,3350.92,3427.09,3335.28,3393.26],[1719187200,3418.54,3433.31,3241.05,3350.92],[1719100800,3494.07,3519.75,3405.76,3418.54],[1719014400,3516.65,3519.24,3473.87,3494.07],[1718928000,3512.1,3545.24,3445.77,3516.65],[1718841600,3559.08,3624.24,3484.84,3512.1],[1718755200,3482.71,3586.47,3464.95,3559.08],[1718668800,3509.05,3514.27,3353.88,3482.71],[1718582400,3621.7,3635.65,3463.8,3509.05],[1718496000,3566.65,3650.94,3538.98,3621.7],[1718409600,3479.73,3591.5,3471.23,3566.65],[1718323200,3469.06,3531.04,3360.85,3479.73],[1718236800,3559.93,3561.58,3428.21,3469.06],[1718150400,3496.14,3654.64,3461.17,3559.93],[1718064000,3666.82,3671.69,3430.43,3496.14],[1717977600,3706.08,3712.62,3644.15,3666.82],[1717891200,3680.26,3721.19,3665.58,3706.08],[1717804800,3676.09,3707.18,3660.55,3680.26],[1717718400,3812.1,3840.02,3585.93,3676.09],[1717632000,3864.91,3877.51,3760.41,3812.1],[1717545600,3809.85,3886.37,3777.32,3864.91],[1717459200,3766.57,3831.2,3731.32,3809.85],[1717372800,3778.79,3849.45,3758.51,3766.57],[1717286400,3812.5,3835.02,3750.59,3778.79],[1717200000,3760.27,3829.96,3750.62,3812.5],[1717113600,3746.06,3843.82,3722.47,3760.28],[1717027200,3764.42,3823.21,3700.41,3746.36],[1716940800,3840.71,3883.73,3741.69,3764.42],[1716854400,3891.81,3928.61,3770.13,3840.71],[1716768000,3825.26,3974.53,3822.18,3891.81],[1716681600,3749.23,3881,3731.24,3825.26],[1716595200,3726.44,3777.3,3707.32,3749.23],[1716508800,3782.52,3827.82,3628.55,3726.44],[1716422400,3737.36,3946.84,3533.36,3782.52],[1716336000,3789.26,3812.89,3653.19,3737.36],[1716249600,3661.79,3839.36,3625.74,3789.26],[1716163200,3071.54,3692.61,3048.58,3661.79],[1716076800,3124.05,3137.76,3053.87,3071.54],[1715990400,3092.78,3147.33,3084.76,3124.05],[1715904000,2945.56,3120.2,2933.91,3092.78],[1715817600,3032.87,3041.04,2924.04,2945.55],[1715731200,2880.39,3041.2,2862.26,3032.87],[1715644800,2949.78,2959.58,2860.08,2880.39],[1715558400,2927.99,2994.75,2863.75,2949.78],[1715472000,2911.48,2953.77,2900.74,2927.99],[1715385600,2909.99,2944.43,2886.92,2911.48],[1715299200,3035.51,3052.69,2879.6,2909.99],[1715212800,2973.81,3058.05,2950.2,3035.51],[1715126400,3005.75,3038.14,2936.99,2973.81],[1715040000,3062.9,3130.16,3000.71,3005.75],[1714953600,3136.97,3221.78,3046.65,3062.91],[1714867200,3117.79,3172.08,3073.91,3136.97],[1714780800,3103.27,3167.6,3093.49,3117.79],[1714694400,2985.9,3126.79,2958.42,3103.27],[1714608000,2968.99,3016.02,2890.87,2985.9],[1714521600,3010.33,3019.66,2813.74,2968.99],[1714435200,3216.21,3250.27,2916.94,3010.33],[1714348800,3262.2,3285.39,3115.3,3216.22],[1714262400,3254.75,3355.35,3249.66,3262.2],[1714176000,3131.29,3283.18,3069.67,3254.75],[1714089600,3155.27,3167.67,3102.49,3131.28],[1714003200,3140.74,3191.01,3072.6,3155.27],[1713916800,3221.2,3292.85,3105.45,3140.74],[1713830400,3201.04,3264.83,3154.14,3221.2],[1713744000,3149.13,3236.01,3130.73,3201.15],[1713657600,3157.15,3198.51,3118.37,3149.13],[1713571200,3057.42,3171.05,3019.71,3157.15],[1713484800,3064.57,3129.18,2866.1,3057.42],[1713398400,2985.78,3094.29,2953.41,3064.57],[1713312000,3085.43,3123.91,2916.61,2985.78],[1713225600,3105.04,3127.98,2990.31,3085.43],[1713139200,3156.19,3280.76,3026.13,3105.04],[1713052800,3011.16,3175.39,2912.36,3156.19],[1712966400,3236.45,3303.21,2856.47,3011.16],[1712880000,3502.51,3552.05,3101.99,3236.45],[1712793600,3545.79,3618.16,3474.05,3502.51],[1712707200,3506.19,3563.09,3414.74,3545.79],[1712620800,3694.26,3725.29,3454.44,3506.19],[1712534400,3454.63,3729.14,3407.83,3694.26],[1712448000,3352.79,3459.95,3345.33,3454.63],[1712361600,3318.13,3399.17,3307.75,3352.79],[1712275200,3328.52,3346.52,3211.76,3318.12],[1712188800,3312.43,3442.99,3252.76,3328.52],[1712102400,3279.1,3368.89,3203.33,3312.43],[1712016000,3504.56,3506.13,3212.56,3279.1],[1711929600,3645.65,3646.32,3414.93,3504.56],[1711843200,3508.03,3655.68,3507.47,3645.65],[1711756800,3510.71,3566.15,3487.57,3508.16],[1711670400,3561.1,3584.94,3473.06,3510.71],[1711584000,3499.78,3609.67,3463.05,3561.1],[1711497600,3587.56,3665.68,3458.19,3499.78],[1711411200,3591.4,3679.73,3543.74,3587.56],[1711324800,3454.8,3658.98,3419.85,3591.4],[1711238400,3330.02,3471.03,3300.01,3454.8],[1711152000,3336.77,3435.23,3271.37,3330.02],[1711065600,3492.6,3542.26,3252.57,3336.77],[1710979200,3516.76,3586.64,3411.94,3492.6],[1710892800,3158.02,3535.25,3059.05,3516.76],[1710806400,3519.85,3545.98,3150.26,3157.81],[1710720000,3644.02,3644.54,3454.52,3519.85],[1710633600,3521.75,3678.2,3412.76,3644.02],[1710547200,3742.16,3781.33,3468.51,3521.75],[1710460800,3879.73,3930.26,3566.59,3742.16],[1710374400,4008.56,4014.38,3720.94,3879.73],[1710288000,3980.84,4083.44,3932.96,4008.56],[1710201600,4067.85,4093.48,3830.66,3980.84],[1710115200,3884.15,4089.86,3739.83,4067.85],[1710028800,3912.17,3972.08,3800.17,3884.15],[1709942400,3893.34,3948.7,3877.13,3912.17],[1709856000,3873.91,3998.81,3829.07,3893.34],[1709769600,3823.12,3938.17,3736.26,3873.91],[1709683200,3557.18,3902.95,3502.19,3823.12],[1709596800,3633.23,3827.93,3206.8,3557.18],[1709510400,3489.63,3645.61,3437.51,3632.96],[1709424000,3423.88,3493.47,3363.65,3489.63],[1709337600,3436.98,3463.29,3398.77,3423.88],[1709251200,3341.66,3454.13,3340.22,3436.98],[1709164800,3385.08,3523.22,3301.26,3341.66],[1709078400,3243.74,3489.85,3186.69,3385.08],[1708992000,3177.01,3288.9,3166.63,3243.74],[1708905600,3112.57,3196.73,3036.9,3177.01],[1708819200,2992.28,3120.55,2983.45,3112.57],[1708732800,2921.8,3005.61,2906.16,2992.28],[1708646400,2970.38,2992.59,2905.65,2921.8],[1708560000,2968.1,3035.05,2906.28,2970.38],[1708473600,3015.48,3017.74,2869.59,2968.3],[1708387200,2944.93,3033.6,2876,3015.48],[1708300800,2881.91,2984.6,2858.18,2944.93],[1708214400,2786.77,2895.75,2766.01,2881.91],[1708128000,2803.12,2805.47,2720.47,2786.77],[1708041600,2823.49,2858.23,2750.4,2803.12],[1707955200,2776.75,2869.05,2762.05,2823.49],[1707868800,2641.06,2787.9,2619.1,2776.75],[1707782400,2661.21,2687.45,2592.87,2641.06],[1707696000,2507.92,2666.85,2473,2661.21],[1707609600,2501.36,2540.67,2494.41,2507.91],[1707523200,2487.05,2517.58,2472.71,2501.36],[1707436800,2419.61,2523.71,2419.1,2487.05],[1707350400,2423.71,2461.39,2410.75,2419.61],[1707264000,2371.46,2443.08,2352.34,2423.71],[1707177600,2298.96,2390.49,2296.08,2371.46],[1707091200,2289.11,2337.68,2268.5,2298.96],[1707004800,2295.95,2310.19,2267.55,2289.11],[1706918400,2308.07,2328.81,2292.11,2295.95],[1706832000,2303.78,2324.18,2281.7,2308.07],[1706745600,2282.01,2310.66,2240.12,2303.78],[1706659200,2342.94,2351.53,2263.53,2282.01],[1706572800,2317.56,2391.62,2297.15,2342.94],[1706486400,2256.83,2322.25,2234.27,2317.56],[1706400000,2268.07,2308,2239.96,2256.83],[1706313600,2267.45,2282.69,2251.2,2268.07],[1706227200,2217.69,2281.4,2195.03,2267.44],[1706140800,2234.09,2241.7,2170.6,2217.69],[1706054400,2241.04,2262.57,2194.98,2234.09],[1705968000,2311.9,2349.31,2165.92,2241.04],[1705881600,2455.72,2464.69,2301.31,2311.9],[1705795200,2470.35,2480.46,2452.15,2455.72],[1705708800,2489.88,2489.88,2452.17,2470.35],[1705622400,2469.07,2502.24,2413.47,2489.88],[1705536000,2529.68,2547.14,2424.14,2469.07],[1705449600,2586.08,2592.45,2506.25,2529.68],[1705363200,2510.51,2613.02,2498.55,2586.08],[1705276800,2472.72,2552.35,2470.78,2510.51],[1705190400,2578.12,2578.62,2469.87,2472.72],[1705104000,2521,2589.73,2497.45,2578.12],[1705017600,2618.88,2717.19,2457.98,2521],[1704931200,2585.3,2690.04,2567.32,2618.88],[1704844800,2345.25,2642.17,2341.05,2585.2],[1704758400,2332.35,2372.67,2228.68,2345.26],[1704672000,2222.59,2359.61,2167.73,2332.35],[1704585600,2242.14,2258.62,2206.61,2222.59],[1704499200,2270.09,2271.57,2217.92,2242.14],[1704412800,2269.16,2278.73,2207.83,2270.09],[1704326400,2212,2296.26,2204.39,2269.16],[1704240000,2356.33,2385.86,2103.12,2212],[1704153600,2352.41,2432.31,2346.1,2356.33],[1704067200,2282.24,2352.41,2265.36,2352.41],[1703980800,2292.04,2321.58,2260.3,2282.24],[1703894400,2300.6,2323.08,2268.39,2292.06],[1703808000,2346.56,2386.84,2258.01,2300.6],[1703721600,2379.06,2448.12,2338.18,2346.56],[1703635200,2231.52,2392.74,2212.23,2379.06],[1703548800,2272.76,2276.23,2180.68,2231.52],[1703462400,2265.09,2306.13,2254.15,2272.79],[1703376000,2310.65,2328.36,2246.03,2265.09],[1703289600,2325.93,2331.11,2267.76,2310.65],[1703203200,2239.72,2343.18,2230.87,2325.93],[1703116800,2201.84,2279.28,2182.95,2239.72],[1703030400,2177.53,2265.5,2157.3,2201.84],[1702944000,2218.31,2254.46,2135.6,2177.53],[1702857600,2193.69,2222.65,2117.29,2218.31],[1702771200,2228.13,2245.28,2190,2193.69],[1702684800,2220.55,2263.21,2210.51,2228.03],[1702598400,2315.98,2318.34,2202.36,2220.55],[1702512000,2260.26,2332.48,2231.44,2315.99],[1702425600,2202.24,2283.97,2145.25,2260.26],[1702339200,2223.65,2242,2165.44,2202.24],[1702252800,2352.58,2355.16,2139.02,2223.65],[1702166400,2341.3,2377.81,2322.65,2352.58],[1702080000,2358.99,2403.49,2329.72,2341.3],[1701993600,2356.36,2391.79,2339.76,2359.2],[1701907200,2233.23,2383.24,2222.55,2356.36],[1701820800,2293.97,2311.93,2220.52,2233.24],[1701734400,2243.29,2309.62,2188.84,2293.97],[1701648000,2193.72,2274.6,2191.98,2243.29],[1701561600,2165.79,2217.18,2150.47,2193.72],[1701475200,2087.96,2186.05,2086.98,2165.79],[1701388800,2052.77,2111.08,2045.92,2087.96],[1701302400,2028.99,2055.38,2021.03,2052.77],[1701216000,2049.54,2075.9,2020.69,2028.99],[1701129600,2027.46,2075.02,1995.27,2049.54],[1701043200,2062.99,2071.9,1986.4,2027.46],[1700956800,2084.21,2095.16,2037.67,2062.99],[1700870400,2082.19,2091.68,2066.71,2084.21],[1700784000,2062.55,2133.32,2059.71,2082.19],[1700697600,2064.05,2089.32,2041,2062.55],[1700611200,1933.72,2092.42,1930.32,2064.05],[1700524800,2022.98,2036.14,1932.9,1933.72],[1700438400,2012.69,2067.53,1995.24,2022.98],[1700352000,1963.79,2016.38,1944.7,2012.69],[1700265600,1961.45,1971.86,1918.38,1963.8],[1700179200,1961.96,1991.55,1906.92,1961.45],[1700092800,2059.97,2091.91,1940.25,1961.96],[1700006400,1979.51,2062.56,1967.33,2059.96],[1699920000,2054.18,2065.27,1935.88,1979.51],[1699833600,2045.53,2118.68,2029.33,2054.18],[1699747200,2053.78,2066.9,2014.06,2045.53],[1699660800,2078.59,2090.6,2031.58,2053.78],[1699574400,2121.52,2136.59,2065.71,2078.59],[1699488000,1888.86,2131.91,1883.08,2121.52],[1699401600,1886.54,1905.14,1873.93,1888.86],[1699315200,1901.31,1907.37,1850.83,1886.54],[1699228800,1893.85,1915.65,1871.37,1901.31],[1699142400,1857.18,1914.24,1847.97,1893.85],[1699056000,1833.64,1871.26,1825.11,1857.18],[1698969600,1801.01,1835.43,1777.52,1833.64],[1698883200,1847.79,1875.05,1785.81,1801.01],[1698796800,1815.38,1858.12,1784.16,1847.79],[1698710400,1809.75,1820.13,1782.16,1815.38],[1698624000,1795.98,1830.46,1778.61,1809.75],[1698537600,1776.52,1812.12,1763.18,1795.95],[1698451200,1779.79,1803.36,1771.64,1776.52],[1698364800,1803.54,1804.06,1746.51,1779.79],[1698278400,1787.73,1865.98,1763.77,1803.54],[1698192000,1784.83,1817.54,1760.44,1787.73],[1698105600,1766.27,1855.36,1757.18,1784.83],[1698019200,1664.19,1799.92,1657.84,1766.27],[1697932800,1629.53,1668.27,1622.24,1664.19],[1697846400,1604.63,1644.65,1593.15,1629.53],[1697760000,1567.41,1630.97,1561.95,1604.63],[1697673600,1563.79,1574.74,1542.39,1567.41],[1697587200,1565.53,1586,1556.45,1563.79],[1697500800,1600.11,1601.28,1553.12,1565.53],[1697414400,1558,1640.38,1555.25,1600.11],[1697328000,1554.95,1566.46,1549.72,1558],[1697241600,1552.03,1561.23,1544.79,1554.96],[1697155200,1539.24,1574.13,1537.35,1552.03],[1697068800,1566.62,1568.32,1521.73,1539.24],[1696982400,1567.8,1578.6,1545.7,1566.63],[1696896000,1580.29,1595.14,1551.98,1567.79],[1696809600,1633.75,1636.45,1548.45,1580.29],[1696723200,1634.58,1642.27,1617.22,1633.76],[1696636800,1645.81,1648.43,1630.9,1634.58],[1696550400,1612.03,1662.29,1612.03,1645.81],[1696464000,1646.73,1655.17,1607.76,1612.03],[1696377600,1657.02,1657.84,1625.39,1646.73],[1696291200,1662.78,1670.78,1643.98,1657.02],[1696204800,1734.08,1743.86,1637.94,1662.78],[1696118400,1671.17,1753.01,1668.63,1734.09],[1696032000,1667.44,1694.27,1666.17,1671.17],[1695945600,1653.07,1688.13,1648.51,1667.43],[1695859200,1597.65,1667.46,1597.17,1653.07],[1695772800,1593.43,1633.5,1583.05,1597.65],[1695686400,1588.32,1599.28,1580.34,1593.43],[1695600000,1580.77,1597.47,1563.55,1588.32],[1695513600,1594.06,1601.36,1570.24,1580.77],[1695427200,1593.35,1598.37,1587.98,1594.06],[1695340800,1583.98,1602.62,1576.93,1593.35],[1695254400,1622.37,1625.38,1568.39,1583.98],[1695168000,1643.45,1649.68,1605.87,1622.37],[1695081600,1636.99,1661.29,1626.94,1643.45],[1694995200,1622.97,1669.62,1605.6,1636.99],[1694908800,1634.82,1635.53,1612.38,1622.97],[1694822400,1641.39,1652.35,1631.82,1634.82],[1694736000,1626.94,1653.59,1611.88,1641.39],[1694649600,1608.14,1644.68,1607.57,1626.94],[1694563200,1592.95,1618.82,1581.87,1608.14],[1694476800,1551.37,1624.46,1549.21,1592.95],[1694390400,1616.83,1618.4,1531.36,1551.37],[1694304000,1635.23,1635.62,1599.01,1616.83],[1694217600,1636.68,1637.65,1630.15,1635.23],[1694131200,1647.44,1658.21,1615.9,1636.68],[1694044800,1632.39,1658.86,1622.91,1647.44],[1693958400,1633.61,1669.11,1608.87,1632.39],[1693872000,1630.02,1647.22,1609.52,1633.61],[1693785600,1635.69,1644.61,1616.25,1630.02],[1693699200,1637,1647.2,1625.21,1635.69],[1693612800,1628.59,1644.51,1627.51,1637],[1693526400,1645.61,1654.14,1602.34,1628.59],[1693440000,1705.23,1725.48,1630.09,1645.61],[1693353600,1729.63,1731.14,1696.19,1705.23],[1693267200,1652.52,1744.81,1639.44,1729.63],[1693180800,1657.67,1663.06,1623.18,1652.52],[1693094400,1646.26,1659.41,1645.52,1657.66],[1693008000,1653.03,1654.81,1643.26,1646.26],[1692921600,1660.51,1675.73,1634.9,1653.03],[1692835200,1679.17,1682.93,1635.92,1660.51],[1692748800,1634.52,1700.78,1628.96,1679.17],[1692662400,1667.36,1669.18,1581.83,1634.54],[1692576000,1685.29,1688.23,1649.42,1667.36],[1692489600,1669.64,1694.42,1662.08,1685.29],[1692403200,1661.19,1695.94,1653.84,1669.64],[1692316800,1681.2,1699,1641.63,1661.19],[1692230400,1805.82,1808.05,1545.67,1681.2],[1692144000,1826.68,1829,1796.19,1805.82],[1692057600,1842.78,1844.8,1811.37,1826.68],[1691971200,1839.75,1853.61,1834.02,1842.78],[1691884800,1849.6,1860.93,1833.53,1839.75],[1691798400,1846.92,1852.04,1845.23,1849.6],[1691712000,1850.25,1854.95,1836.68,1846.92],[1691625600,1853.94,1864.31,1844.52,1850.25],[1691539200,1855.74,1871.13,1845.74,1853.94],[1691452800,1827.01,1875.57,1824.24,1855.74],[1691366400,1827.84,1844.53,1800.55,1827.01],[1691280000,1834.54,1836.59,1823.89,1827.85],[1691193600,1828.04,1836.82,1825.33,1834.54],[1691107200,1834.34,1849.67,1813.63,1828.04],[1691020800,1839.13,1858.28,1825.24,1834.34],[1690934400,1872.75,1878.88,1820.65,1839.13],[1690848000,1855.96,1874.79,1814.22,1872.75],[1690761600,1861.78,1877.33,1850.67,1856],[1690675200,1880.7,1885.5,1849.3,1861.78],[1690588800,1874.01,1886.68,1869.6,1880.7],[1690502400,1860.83,1882.47,1856.18,1874.01],[1690416000,1871.93,1886.03,1854.39,1860.83],[1690329600,1857.66,1887.74,1848.66,1871.93],[1690243200,1849.63,1868.21,1845.26,1857.66],[1690156800,1888.66,1890.8,1833.87,1849.6],[1690070400,1866.65,1905.07,1858.35,1888.66],[1689984000,1891.8,1897.32,1852.57,1866.65],[1689897600,1891.38,1905.33,1884.46,1891.83],[1689811200,1919.11,1923.04,1878.15,1891.38],[1689724800,1897.21,1922.04,1882.17,1888.63],[1689638400,1911.21,1917.19,1875.73,1897.21],[1689552000,1922.12,1936.18,1873.26,1911.2],[1689465600,1931.41,1943.55,1914,1922.11],[1689379200,1937.82,1946.37,1926.23,1931.41],[1689292800,2004.49,2029.11,1898.39,1937.83],[1689206400,1871.82,2012.63,1862.59,2004.49],[1689120000,1878.31,1902,1864.37,1871.82],[1689033600,1880.41,1891.99,1862.38,1878.3],[1688947200,1862.81,1905.5,1846.63,1880.4],[1688860800,1865.24,1879.36,1856.15,1862.8],[1688774400,1870.92,1876,1842.8,1865.24],[1688688000,1846.17,1878,1826,1870.91],[1688601600,1910.35,1958,1846,1846.17],[1688515200,1936.19,1942.5,1894.51,1910.36],[1688428800,1955.55,1967.08,1931.58,1936.2],[1688342400,1937.49,1976.16,1933.55,1955.54],[1688256000,1924.5,1959.2,1885.75,1937.48],[1688169600,1933.8,1944.56,1909.44,1924.5],[1688083200,1851.99,1948.6,1825.01,1933.79],[1687996800,1828.03,1880,1827.84,1851.99],[1687910400,1889.58,1890.19,1816.56,1828.02],[1687824000,1858.97,1912.53,1855.19,1889.58],[1687737600,1898.8,1909.1,1837.18,1858.97],[1687651200,1874.95,1930,1868.83,1898.8],[1687564800,1892.63,1906,1864.77,1874.96],[1687478400,1872,1936.42,1861.01,1892.63],[1687392000,1889.1,1933.17,1865.98,1872.01],[1687305600,1791.99,1901,1787.38,1889.11],[1687219200,1737.1,1796.99,1714.72,1791.99],[1687132800,1720.95,1752.19,1698,1737.11],[1687046400,1727.75,1747.84,1712,1720.95],[1686960000,1717.91,1770,1714.26,1727.76],[1686873600,1666.96,1729.5,1649.86,1717.92],[1686787200,1650.95,1680.91,1626.01,1666.96],[1686700800,1740.12,1750.03,1630.43,1650.95],[1686614400,1742.57,1770.13,1724.22,1740.12],[1686528000,1752.77,1759.33,1720,1742.57],[1686441600,1751.52,1778.25,1738.72,1752.76],[1686355200,1840.37,1844.99,1715.03,1751.53],[1686268800,1845.65,1855,1827,1840.37],[1686182400,1832.12,1861.28,1828.31,1845.64],[1686096000,1884.65,1897.8,1821.18,1832.13],[1686009600,1810.49,1898.29,1797.18,1884.64],[1685923200,1890,1890.63,1778,1810.5],[1685836800,1892.05,1914.63,1884.22,1890.01],[1685750400,1906.69,1907.92,1881.6,1892.06],[1685664000,1861.78,1910,1847.51,1906.68],[1685577600,1873.63,1889.2,1840,1861.78],[1685491200,1900.58,1907.13,1846.95,1873.63],[1685404800,1892.6,1917,1881.19,1900.59],[1685318400,1908.64,1927.62,1873.65,1892.6],[1685232000,1829.89,1918.65,1823.6,1908.64],[1685145600,1827.8,1836.12,1812.18,1829.89],[1685059200,1805.61,1838.2,1796.99,1827.79],[1684972800,1799.89,1818.81,1761.41,1805.6],[1684886400,1854.06,1854.09,1777.6,1799.89],[1684800000,1817.36,1872.5,1815.24,1854.05],[1684713600,1804.91,1828.27,1792.01,1817.35],[1684627200,1819.42,1828.98,1797.21,1804.91],[1684540800,1812.31,1828.87,1807.06,1819.42],[1684454400,1800.56,1829.54,1796.81,1812.32],[1684368000,1822.12,1831.92,1771.12,1800.56],[1684281600,1824.21,1837.5,1783.68,1822.12],[1684195200,1816.21,1832.64,1796.2,1824.21],[1684108800,1799.2,1846.7,1785.05,1816.2],[1684022400,1795.12,1824,1789.82,1799.21],[1683936000,1807.45,1817.03,1785.23,1795.11],[1683849600,1794.31,1818.63,1740,1807.45],[1683763200,1840.83,1842.02,1772.68,1794.3],[1683676800,1846.53,1887.47,1790.51,1840.84],[1683590400,1847.55,1861.88,1830.99,1846.52],[1683504000,1870.41,1883.97,1810.73,1847.56],[1683417600,1896.33,1933.33,1867.59,1870.4],[1683331200,1993.3,2019,1860,1896.33],[1683244800,1877.07,1998.36,1875.65,1993.3],[1683158400,1905.12,1918.26,1866.71,1877.07],[1683072000,1870.09,1916.52,1842.64,1905.12],[1682985600,1830.73,1881.87,1822.94,1870.08],[1682899200,1870.08,1886.49,1806.12,1830.73],[1682812800,1907.79,1939,1866.16,1870.09],[1682726400,1890.93,1918,1883.05,1907.8],[1682640000,1908.68,1923.88,1873.94,1890.94],[1682553600,1866.01,1940.96,1861.19,1908.68],[1682467200,1866.1,1964.72,1785,1866.01],[1682380800,1841.84,1877.86,1801.66,1866.1],[1682294400,1862.01,1890,1806,1841.84],[1682208000,1874.17,1882.01,1836.37,1862],[1682121600,1848.77,1887.31,1841.64,1874.16],[1682035200,1942.98,1957.27,1825,1848.78],[1681948800,1933.74,1982.99,1914.43,1942.98],[1681862400,2103.51,2104.6,1923.03,1933.73],[1681776000,2073.99,2125,2051,2103.5],[1681689600,2118.66,2120.51,2056.25,2074],[1681603200,2090.61,2141.54,2072.72,2118.67],[1681516800,2099.99,2111.85,2071.13,2090.6],[1681430400,2012,2128.76,2009.22,2099.99],[1681344000,1917.4,2023,1899.55,2012.01],[1681257600,1889.86,1933,1852.65,1917.39],[1681171200,1910.21,1937.37,1881.11,1889.86],[1681084800,1858.91,1918.79,1846.4,1910.2],[1680998400,1848.82,1873.99,1824.01,1858.92],[1680912000,1863.73,1879.38,1847,1848.82],[1680825600,1872.41,1882.61,1841.46,1863.72],[1680739200,1908.68,1909.91,1853.7,1872.41],[1680652800,1870.38,1942.98,1864.58,1908.69],[1680566400,1810.51,1891.91,1802.01,1870.37],[1680480000,1794.51,1839.99,1762.77,1810.51],[1680393600,1820.8,1824.81,1771.7,1794.51],[1680307200,1821.52,1842.83,1807.81,1820.79],[1680220800,1793.6,1847.28,1777.91,1821.52],[1680134400,1793.06,1829.69,1763,1793.61],[1680048000,1773,1827.99,1772.48,1793.07],[1679961600,1715.21,1795.73,1701.13,1772.99],[1679875200,1773.88,1780.48,1686.13,1715.22],[1679788800,1741.88,1801,1739.31,1773.88],[1679702400,1749.57,1763.23,1713.09,1741.88],[1679616000,1813.78,1818.99,1726.4,1749.57],[1679529600,1734.34,1857.16,1729.35,1813.79],[1679443200,1801.23,1819.98,1710.12,1734.33],[1679356800,1732.77,1835,1717.01,1801.23],[1679270400,1780.67,1803.05,1722,1732.78],[1679184000,1758.84,1841.36,1757.92,1780.68],[1679097600,1789.26,1841,1747.47,1758.84],[1679011200,1673.73,1800,1662.65,1789.27],[1678924800,1649.95,1691.42,1632.18,1673.73],[1678838400,1699.41,1716.9,1611,1649.96],[1678752000,1673.44,1780.02,1655.24,1699.4],[1678665600,1580.33,1693.49,1565,1673.45],[1678579200,1471.93,1594.19,1448.3,1580.33],[1678492800,1426.43,1478.07,1408.4,1471.97],[1678406400,1437.32,1439.43,1368.39,1426.44],[1678320000,1532.38,1546.45,1408,1437.32],[1678233600,1561.95,1570.89,1523.61,1532.38],[1678147200,1565.84,1584.49,1536.14,1561.96],[1678060800,1564.57,1583.49,1554.44,1565.84],[1677974400,1566.74,1588.77,1553.05,1564.58],[1677888000,1569.45,1577.53,1549.12,1566.73],[1677801600,1647.86,1649.25,1544.39,1569.45],[1677715200,1665.23,1677.86,1619.18,1647.86],[1677628800,1605.24,1669.72,1595,1665.22],[1677542400,1633.45,1647.52,1596.66,1605.23],[1677456000,1641.37,1665.22,1608,1633.45],[1677369600,1594.58,1651.26,1587.76,1641.36],[1677283200,1607.8,1608.98,1557.33,1594.58],[1677196800,1650.52,1664.66,1575.64,1607.8],[1677110400,1643.15,1679,1628.75,1650.53],[1677024000,1659.77,1666.95,1595.07,1643.14],[1676937600,1703.27,1716.66,1636.3,1659.76],[1676851200,1679.74,1719.89,1650.56,1703.27],[1676764800,1691.62,1726.59,1666.14,1679.75],[1676678400,1693.81,1713.13,1679.77,1691.62],[1676592000,1637.83,1722,1630.51,1693.87],[1676505600,1674.92,1742.97,1633.72,1637.84],[1676419200,1555.7,1680,1542.55,1674.92],[1676332800,1505.25,1569,1482.66,1555.71],[1676246400,1514.82,1526.1,1461.93,1505.24],[1676160000,1538.5,1548.02,1493.08,1514.83],[1676073600,1513.05,1543,1505,1538.51],[1675987200,1545.35,1555.01,1490,1513.06],[1675900800,1650.42,1656.17,1524.4,1545.35],[1675814400,1671.03,1697.91,1630.47,1650.43],[1675728000,1614.28,1678.37,1613.14,1671.03],[1675641600,1629.01,1658.56,1605.01,1614.29],[1675555200,1666.39,1673.81,1609.3,1629.02],[1675468800,1663.52,1695.29,1645.43,1666.38],[1675382400,1643.12,1676,1625.93,1663.52],[1675296000,1641.67,1714.68,1626.85,1643.12],[1675209600,1585.32,1647.77,1555.18,1641.68],[1675123200,1566.21,1605.18,1561.63,1585.33],[1675036800,1644.73,1647.53,1535,1566.2],[1674950400,1572.1,1660,1566.33,1644.72],[1674864000,1597.61,1606.83,1555.99,1572.1],[1674777600,1601.08,1621,1552.54,1597.62],[1674691200,1611.95,1632.84,1577.43,1601.09],[1674604800,1555.97,1641,1518,1611.94],[1674518400,1626.28,1641.46,1535,1555.97],[1674432000,1627.43,1648.09,1585.29,1626.29],[1674345600,1626.65,1663.89,1604,1627.44],[1674259200,1658.53,1679.26,1616.21,1626.66],[1674172800,1551.09,1669.9,1542.02,1658.52],[1674086400,1511.44,1564.43,1509.15,1551.09],[1674000000,1565.56,1610,1501.39,1511.43],[1673913600,1576.94,1609,1541.15,1565.57],[1673827200,1552.52,1604.5,1521.31,1576.94],[1673740800,1549.91,1566.66,1516.03,1552.52],[1673654400,1451.21,1599.98,1449.14,1549.9],[1673568000,1415.91,1464,1401.03,1451.2],[1673481600,1389.4,1438,1361.92,1415.92],[1673395200,1335.63,1398,1321.04,1389.39],[1673308800,1320.4,1347.69,1316.8,1335.62],[1673222400,1290.15,1344.91,1285.44,1320.39],[1673136000,1264.06,1296,1257.77,1290.16],[1673049600,1269.13,1271.09,1261.3,1264.07],[1672963200,1251.25,1276.7,1236,1269.14],[1672876800,1256.91,1259.95,1242.81,1251.24],[1672790400,1214.56,1272.6,1212.71,1256.9],[1672704000,1213.99,1219.89,1204.93,1214.55],[1672617600,1200.33,1224.29,1193,1214],[1672531200,1196.13,1204.67,1190.57,1200.34],[1672444800,1199.98,1208.46,1191.66,1196.13],[1672358400,1200.48,1202.15,1181.08,1199.99],[1672272000,1190.15,1206.57,1186.77,1200.49],[1672185600,1211.55,1215.78,1181.06,1190.15],[1672099200,1228.12,1233.73,1200.58,1211.55],[1672012800,1218.52,1231.09,1211.67,1228.11],[1671926400,1220.42,1225,1193.18,1218.51],[1671840000,1219.98,1227.99,1214.69,1220.41],[1671753600,1217.72,1231.99,1210,1219.99],[1671667200,1213.78,1237.99,1182.54,1217.71],[1671580800,1216.95,1223.39,1203.02,1213.78],[1671494400,1167.82,1230.47,1163.12,1216.94],[1671408000,1183.06,1195,1150.51,1167.82],[1671321600,1187.16,1199.54,1170.32,1183.06],[1671235200,1166.82,1190.03,1161.92,1187.16],[1671148800,1266.53,1280.06,1155.32,1166.83],[1671062400,1307.45,1311.14,1259.27,1266.54],[1670976000,1320.69,1352.72,1301,1307.44],[1670889600,1275.41,1349,1255.1,1320.69],[1670803200,1263,1278.9,1240.03,1275.4],[1670716800,1266.35,1284.75,1255.85,1263.01],[1670630400,1263.11,1283.61,1259.6,1266.35],[1670544000,1280.18,1296.64,1250,1263.1],[1670457600,1231.18,1292.58,1222.01,1280.18],[1670371200,1271.31,1278.69,1218.01,1231.18],[1670284800,1259.41,1274.76,1241.56,1271.32],[1670198400,1279.4,1305.11,1246.61,1259.41],[1670112000,1240.5,1287.19,1240.1,1279.41],[1670025600,1295.58,1309,1236.26,1240.51],[1669939200,1276.4,1297.18,1265.24,1295.59],[1669852800,1294.46,1299.9,1262.77,1276.41],[1669766400,1216.49,1309.77,1212.5,1294.46],[1669680000,1167.77,1228.37,1158.27,1216.49],[1669593600,1193.88,1199.25,1151.02,1167.77],[1669507200,1205.61,1223.33,1188.65,1193.88],[1669420800,1199.29,1235.66,1196.2,1205.6],[1669334400,1203.72,1207.77,1171.2,1199.3],[1669248000,1184.52,1217.71,1180.6,1203.73],[1669161600,1139.59,1190,1127.75,1184.52],[1669075200,1107.34,1146.13,1075,1139.6],[1668988800,1142.21,1146.99,1079.76,1107.34],[1668902400,1217.67,1227.07,1132.65,1142.21],[1668816000,1212.58,1235,1197.67,1217.67],[1668729600,1200.42,1234,1199.18,1212.58],[1668643200,1216.16,1228.22,1181.05,1200.43],[1668556800,1253.22,1268.67,1187.06,1216.17],[1668470400,1243.29,1291,1234.01,1253.23],[1668384000,1221.5,1291.2,1171.13,1243.28],[1668297600,1257.25,1274.23,1200.66,1221.49],[1668211200,1289.35,1292.16,1238.7,1257.25],[1668124800,1299.28,1310,1201.26,1289.28],[1668038400,1102.73,1350,1085.93,1299.28],[1667952000,1334.78,1337.16,1073.53,1102.73],[1667865600,1568.09,1579.98,1233,1334.77],[1667779200,1568.25,1608.04,1545.03,1568.1],[1667692800,1626.98,1639.02,1564.39,1568.29],[1667606400,1644.78,1666.97,1621.42,1626.98],[1667520000,1531.01,1680,1528.4,1644.78],[1667433600,1518.33,1559.01,1515.17,1531.01],[1667347200,1578.47,1621.68,1502.32,1518.34],[1667260800,1572.69,1612.92,1563.69,1578.48],[1667174400,1590.45,1635.8,1545.43,1572.69],[1667088000,1619.55,1640.06,1576.56,1590.44],[1667001600,1554.4,1663.06,1547.66,1619.55],[1666915200,1514.04,1574.9,1479.82,1554.41],[1666828800,1566.11,1578.58,1503.2,1514.05],[1666742400,1459.74,1594.99,1457.44,1566.1],[1666656000,1343.61,1525.16,1334.94,1459.74],[1666569600,1364.19,1370.6,1324.17,1343.61],[1666483200,1313.62,1371.55,1299.44,1364.2],[1666396800,1299.76,1320.2,1294.32,1313.61],[1666310400,1282.57,1306.97,1252.65,1299.75],[1666224000,1285.09,1310.87,1270.36,1282.57],[1666137600,1310.71,1313.5,1280.31,1285.09],[1666051200,1331.39,1341.73,1286.72,1310.71],[1665964800,1305.96,1338.57,1295.64,1331.4],[1665878400,1274.93,1315.35,1274.67,1305.95],[1665792000,1296.26,1301.69,1263.64,1274.92],[1665705600,1287.08,1343.12,1283.39,1296.27],[1665619200,1294.44,1301.58,1190,1287.08],[1665532800,1280.11,1306.87,1275.25,1294.44],[1665446400,1290.03,1298,1267.01,1280.11],[1665360000,1323.13,1338,1288,1290.03],[1665273600,1315.48,1329,1307.26,1323.13],[1665187200,1331.1,1337.35,1303.51,1315.48],[1665100800,1352.07,1361.75,1317.26,1331.1],[1665014400,1352.2,1383.99,1345.01,1352.06],[1664928000,1361.5,1364.77,1316.29,1352.2],[1664841600,1323.1,1369.55,1318.66,1361.49],[1664755200,1276.72,1329.9,1263.04,1323.09],[1664668800,1311.79,1317.93,1270,1276.72],[1664582400,1328.71,1333.69,1302.68,1311.79],[1664496000,1335.69,1373.19,1313.35,1328.72],[1664409600,1337.2,1352.02,1288.52,1335.7],[1664323200,1328.01,1355.7,1253.2,1337.2],[1664236800,1336.17,1400,1303.75,1328.02],[1664150400,1294.62,1340.42,1277.85,1336.17],[1664064000,1317.13,1337,1269.27,1294.63],[1663977600,1327.24,1349.33,1306.52,1317.13],[1663891200,1326.47,1360,1262.15,1327.25],[1663804800,1245.79,1350.08,1237.32,1326.46],[1663718400,1322.94,1408.9,1220,1245.78],[1663632000,1375.98,1384.78,1312.71,1322.93],[1663545600,1334.51,1393.35,1280,1375.98],[1663459200,1468.82,1469.63,1325.55,1334.51],[1663372800,1433.9,1476.13,1409.12,1468.83],[1663286400,1472.76,1483.35,1405.52,1433.9],[1663200000,1638.4,1655.2,1458,1472.75],[1663113600,1574.4,1647.01,1552.38,1638.39],[1663027200,1716.37,1760.51,1560.54,1574.4],[1662940800,1766.12,1783,1693,1716.37],[1662854400,1774.12,1789,1720.1,1766.11],[1662768000,1718.24,1789,1706.03,1774.12],[1662681600,1635.37,1746.13,1630.51,1718.23],[1662595200,1630,1663.56,1595.06,1635.37],[1662508800,1559.01,1657.5,1490.66,1630],[1662422400,1617.8,1687.4,1555,1559.01],[1662336000,1579.29,1631.99,1556.56,1617.8],[1662249600,1557.45,1583.66,1540.66,1579.28],[1662163200,1575.35,1582.71,1534.28,1557.46],[1662076800,1586.17,1650,1546.41,1575.35],[1661990400,1554.11,1599,1512.77,1586.16],[1661904000,1524.59,1619.78,1524.59,1554.1],[1661817600,1551.79,1606.13,1473.61,1524.59],[1661731200,1426.76,1559.99,1422.08,1551.8],[1661644800,1491.06,1511,1424,1426.76],[1661558400,1508.18,1518.42,1447.52,1491.06],[1661472000,1695.11,1706.45,1486.85,1508.18],[1661385600,1656.56,1722,1653.68,1695.11],[1661299200,1665.4,1694.13,1604.92,1656.56],[1661212800,1624.65,1676.07,1563.76,1665.41],[1661126400,1618.13,1629.72,1529.92,1624.66],[1661040000,1576.03,1646.52,1562.34,1618.13],[1660953600,1609,1657.08,1523.67,1576.04],[1660867200,1846.39,1848,1602.37,1609.01],[1660780800,1834.24,1882.37,1821.25,1846.39],[1660694400,1876.67,1959.43,1818.74,1834.25],[1660608000,1899.05,1915,1853,1876.67],[1660521600,1935.32,2012.47,1872.31,1899.06],[1660435200,1983.55,2030,1906,1935.31],[1660348800,1958.28,2020,1946.5,1983.55],[1660262400,1880.19,1964.71,1853.06,1958.28],[1660176000,1853.58,1942,1850.32,1880.19],[1660089600,1702.76,1885,1656.78,1853.57],[1660003200,1777.05,1790.83,1667.93,1702.76],[1659916800,1700.2,1818,1693.87,1777.05],[1659830400,1690.6,1729.79,1668,1700.19],[1659744000,1736.81,1749.93,1685.26,1690.6],[1659657600,1607.97,1742.07,1605.64,1736.81],[1659571200,1618.16,1662.79,1580.39,1607.96],[1659484800,1630.91,1685.03,1589.71,1618.16],[1659398400,1630.28,1678,1559.28,1630.91],[1659312000,1678.12,1704.68,1606.12,1630.28],[1659225600,1697,1754.69,1666,1678.12],[1659139200,1721.68,1744.85,1673.01,1697],[1659052800,1724.52,1765.99,1655.02,1721.68],[1658966400,1635.74,1784.79,1593.27,1724.52],[1658880000,1449.12,1644.44,1420.83,1635.74],[1658793600,1440.79,1454.11,1356.17,1449.12],[1658707200,1597.7,1609.55,1435.58,1440.79],[1658620800,1548.66,1664.34,1545.67,1597.7],[1658534400,1535.27,1596.51,1488,1548.67],[1658448000,1575.45,1650.05,1516.11,1535.27],[1658361600,1521.63,1605.98,1463.56,1575.45],[1658275200,1542.33,1620.4,1484.23,1521.58],[1658188800,1581.03,1631,1493.11,1542.32],[1658102400,1338.65,1597.47,1336.07,1581.04],[1658016000,1355.84,1387,1319.04,1338.65],[1657929600,1231.25,1422.91,1191.23,1355.85],[1657843200,1193.42,1287.82,1181.05,1231.25],[1657756800,1115.01,1214.65,1072.11,1193.42],[1657670400,1038.58,1119.18,1006.32,1115],[1657584000,1096.37,1098.26,1033.46,1038.58],[1657497600,1168.37,1171.29,1091.71,1096.4],[1657411200,1217.02,1219.95,1153,1168.36],[1657324800,1214.03,1235.4,1204.67,1217.02],[1657238400,1237.49,1276.46,1193.15,1214.04],[1657152000,1186.57,1254.29,1163.18,1237.49],[1657065600,1132.51,1205,1111.44,1186.57],[1656979200,1151.01,1174.9,1076.34,1132.5],[1656892800,1074.26,1160.9,1045.37,1151],[1656806400,1067.01,1088.34,1040.78,1074.26],[1656720000,1059.73,1078.88,1028.29,1067.01],[1656633600,1071.02,1117,1033.44,1059.73],[1656547200,1100.21,1106.62,998,1071.01],[1656460800,1144.05,1156.8,1087.42,1100.21],[1656374400,1192.51,1237.99,1136.32,1144.05],[1656288000,1197.79,1238.93,1172.49,1192.51],[1656201600,1242.31,1280,1194.6,1197.79],[1656115200,1225.02,1256.77,1180,1242.36],[1656028800,1144.71,1245.43,1132,1225.02],[1655942400,1050.19,1155,1045.3,1144.72],[1655856000,1125.86,1127.33,1043.65,1050.19],[1655769600,1128.24,1194,1109.23,1125.85],[1655683200,1128.53,1170,1053,1128.24],[1655596800,995.12,1158.62,936.15,1128.53],[1655510400,1086.93,1097.58,881.56,995.13],[1655424000,1068.5,1118,1051.11,1086.94],[1655337600,1237.53,1257.85,1051.55,1068.5],[1655251200,1208.9,1250,1014.4,1237.52],[1655164800,1209.35,1268.45,1075.8,1208.9],[1655078400,1434.84,1455,1165.45,1209.82],[1654992000,1532.89,1547,1423,1434.84],[1654905600,1662.91,1682.21,1496.74,1532.89],[1654819200,1788.8,1804.32,1655.93,1662.91],[1654732800,1791.88,1833,1777.33,1788.81],[1654646400,1813.33,1838.77,1765.28,1791.88],[1654560000,1859.84,1874.98,1725.13,1813.33],[1654473600,1806.22,1920,1804.35,1859.84],[1654387200,1804.58,1830.17,1773.05,1806.23],[1654300800,1775.13,1816,1748.43,1804.58],[1654214400,1834.09,1843.91,1737,1775.12],[1654128000,1817.96,1853.05,1782.42,1834.08],[1654041600,1941.9,1972.58,1763.75,1817.95],[1653955200,1998.78,2016.45,1925,1941.9],[1653868800,1813.64,2013,1803.18,1998.78],[1653782400,1792.21,1827.4,1759.96,1813.64],[1653696000,1727.26,1808.98,1722.26,1792.22],[1653609600,1792.24,1822.26,1703,1727.27],[1653523200,1942.64,1966.01,1735,1792.23],[1653436800,1979.4,2022.34,1934.61,1942.63],[1653350400,1973.33,1993.83,1913.02,1979.41],[1653264000,2043.19,2088.5,1957.12,1973.32],[1653177600,1975.06,2056.41,1966.33,2043.19],[1653091200,1959.08,1990.86,1937.36,1975.07],[1653004800,2019.55,2064,1923,1959.08],[1652918400,1915.11,2040.39,1903.18,2019.55],[1652832000,2090.72,2110.72,1908,1915.11],[1652745600,2023.66,2122.42,2008,2090.72],[1652659200,2145.29,2145.29,1979.12,2023.66],[1652572800,2056.47,2167,2000.68,2145.29],[1652486400,2009.69,2070.06,1951.21,2056.48],[1652400000,1960.22,2147.54,1940.23,2009.69],[1652313600,2084.99,2195,1800,1960.22],[1652227200,2342.04,2451.37,2005,2084.99],[1652140800,2229,2457.34,2200,2342.05],[1652054400,2519.71,2530.78,2225,2228.55],[1651968000,2635.35,2642,2484,2519.71],[1651881600,2692.86,2704.36,2584.75,2635.34],[1651795200,2747.96,2758.18,2632.95,2692.85],[1651708800,2940.65,2954.65,2683,2747.97],[1651622400,2781.7,2965.85,2771.74,2940.64],[1651536000,2856.54,2861.47,2755.19,2781.7],[1651449600,2824.81,2894.22,2778.78,2856.54],[1651363200,2726.67,2849.9,2716.13,2824.81],[1651276800,2817.13,2841.63,2709.26,2726.66],[1651190400,2936.92,2946.46,2776.63,2817.13],[1651104000,2888.95,2980,2853.83,2936.93],[1651017600,2809.68,2919.87,2794.46,2888.96],[1650931200,3006.63,3039.54,2767,2809.67],[1650844800,2920.99,3025.65,2797.01,3006.62],[1650758400,2933.04,2967.06,2912.09,2921],[1650672000,2962.39,2978.03,2913.89,2933.03],[1650585600,2983.57,3034.32,2930.35,2962.39],[1650499200,3076.03,3180,2942.31,2983.58],[1650412800,3101.74,3166.5,3036.45,3076.04],[1650326400,3055.56,3131,3030.34,3101.77],[1650240000,2988.07,3069.6,2883.22,3055.56],[1650153600,3059.3,3083,2981.7,2988.06],[1650067200,3040.57,3086.1,3010.03,3059.3],[1649980800,3021.98,3060.92,2993.13,3040.56],[1649894400,3118.28,3145,2976.3,3021.98],[1649808000,3027.65,3128.97,2996.86,3118.28],[1649721600,2979.75,3085,2950,3027.66],[1649635200,3203.04,3213.63,2950,2979.74],[1649548800,3258.57,3307.22,3193,3203.04],[1649462400,3192.39,3268.4,3181.28,3258.57],[1649376000,3227.2,3314.02,3173.52,3192.39],[1649289600,3168.52,3268.98,3143.15,3227.19],[1649203200,3407,3407.5,3162.39,3168.51],[1649116800,3519.5,3555,3400,3406.99],[1649030400,3521.9,3547,3405.97,3519.5],[1648944000,3443.77,3580.34,3412.11,3521.91],[1648857600,3455.2,3532.2,3433.14,3443.77],[1648771200,3281.51,3481.29,3210.68,3455.21],[1648684800,3385.8,3444.83,3261.35,3281.51],[1648598400,3400.51,3446.9,3331.84,3385.79],[1648512000,3332.91,3481.87,3329.68,3400.51],[1648425600,3295.65,3431.15,3275.01,3332.92],[1648339200,3145.01,3299.37,3126.02,3295.65],[1648252800,3102.13,3153.2,3084.9,3145],[1648166400,3110.75,3193.28,3076,3102.14],[1648080000,3035.99,3129.11,2999.11,3110.76],[1647993600,2969.64,3045.2,2920.65,3036],[1647907200,2890.03,3052.85,2886.43,2969.64],[1647820800,2861.39,2960.57,2829.81,2890.03],[1647734400,2950.85,2964.17,2817.21,2861.38],[1647648000,2938.84,2987.7,2890.86,2950.84],[1647561600,2811.91,2984,2765.59,2938.92],[1647475200,2773.8,2836,2746.42,2811.92],[1647388800,2617.74,2788,2603.38,2773.81],[1647302400,2589.42,2669,2507,2617.73]]}","timestamp":"2024-12-08T09:29:07.772Z"}
{"level":"info","message":"Arbitrum GMX Candlesticks fetched successfully:","timestamp":"2024-12-08T09:29:07.782Z"}
{"level":"info","message":"Fetching GMX data for avalanche using candles endpoint with params: {\"tokenSymbol\":\"AVAX\",\"period\":\"1d\"}","timestamp":"2024-12-08T09:29:07.783Z"}
{"level":"info","message":"Fetched data for avalanche: {\"period\":\"1d\",\"candles\":[[1733616000,51.64,52.1534,50.5531,51.0399],[1733529600,52.5546,53.127,51.2614,51.64],[1733443200,50.3499,53.5869,49.6468,52.5546],[1733356800,52.8498,53.653,49.4357,50.3499],[1733270400,50.9324,55.8484,50.8713,52.8498],[1733184000,52.2915,53.9402,47.8697,50.9324],[1733097600,45.124,52.504,45.0192,52.2915],[1733011200,44.8376,45.8071,43.7191,45.124],[1732924800,44.8756,46.2763,43.7089,44.8376],[1732838400,42.7783,45.0828,42.5366,44.8756],[1732752000,43.8251,44.2843,41.5161,42.7783],[1732665600,42.6884,44.4637,41.9368,43.8251],[1732579200,41.3167,43.3335,38.5043,42.6884],[1732492800,42.0871,47.9641,40.0713,41.3167],[1732406400,41.4717,43.1764,38.3505,42.0871],[1732320000,43.2468,45.3246,40.7297,41.4717],[1732233600,35.7947,43.5771,35.2106,43.2468],[1732147200,33.6123,36.2311,32.3445,35.7947],[1732060800,34.2709,35.7778,32.7985,33.6123],[1731974400,35.4962,35.6546,33.5651,34.2709],[1731888000,34.7209,36.1475,34.0948,35.4962],[1731801600,35.159,37.2697,33.1072,34.7209],[1731715200,33.1336,35.7407,32.8006,35.159],[1731628800,31.2026,33.3151,30.5978,33.1336],[1731542400,33.1544,34.7366,30.6812,31.2026],[1731456000,33.9755,35.1269,31.2452,33.1544],[1731369600,35.7556,37.7096,32.6893,33.9755],[1731283200,31.9072,35.8302,30.7295,35.7556],[1731196800,30.3815,33.3242,29.7074,31.9072],[1731110400,28.7978,30.4976,28.5059,30.3815],[1731024000,27.4035,28.81,27.1239,28.7978],[1730937600,27.0291,28.02,26.546,27.4035],[1730851200,23.9937,27.3201,23.9882,27.0291],[1730764800,22.7146,24.4765,22.5824,23.9937],[1730678400,23.525,23.9228,22.3342,22.7146],[1730592000,24.1177,24.2025,22.5935,23.525],[1730505600,24.7743,25.0092,23.963,24.1177],[1730419200,24.9886,25.7024,24.3839,24.7743],[1730332800,26.1664,26.22,24.6448,24.9886],[1730246400,26.8634,26.8997,25.989,26.1664],[1730160000,26.2381,27.1568,26.1539,26.8634],[1730073600,25.7417,26.5189,25.0188,26.2381],[1729987200,25.3727,25.9079,25.2134,25.7417],[1729900800,24.8844,25.6479,24.5123,25.3727],[1729814400,26.8148,26.8727,23.9925,24.8844],[1729728000,26.7285,27.2208,26.3555,26.8148],[1729641600,27.6237,27.6897,25.8545,26.7285],[1729555200,27.7426,28.2093,27.2276,27.6237],[1729468800,28.9585,29.3113,27.3691,27.7426],[1729382400,28.0949,28.9909,27.7576,28.9585],[1729296000,28.0926,28.4521,27.7109,28.0949],[1729209600,27.2931,28.1694,27.088,28.0926],[1729123200,28.0175,28.2617,26.8085,27.2931],[1729036800,28.2193,28.2229,27.2444,28.0175],[1728950400,29.0525,29.6103,27.5314,28.2193],[1728864000,29.0408,29.8504,28.6396,29.0525],[1728777600,28.6271,29.349,28.2901,29.0408],[1728691200,27.4443,29.3641,27.3805,28.6271],[1728604800,25.836,27.5849,25.7295,27.4443],[1728518400,25.7506,26.3422,25.0293,25.836],[1728432000,26.3325,26.6817,25.6585,25.7506],[1728345600,26.5562,27.179,26.0259,26.3325],[1728259200,26.9318,27.7313,26.5111,26.5562],[1728172800,25.6648,27.0789,25.4916,26.9318],[1728086400,26.2658,26.4186,25.0996,25.6648],[1728000000,24.6602,26.5004,24.4284,26.2658],[1727913600,25.3296,25.6647,23.8925,24.6602],[1727827200,25.818,26.7753,25.033,25.3296],[1727740800,27.7055,28.8857,25.0156,25.818],[1727654400,29.0412,29.1234,27.5529,27.7055],[1727568000,29.2899,29.4809,28.2455,29.0412],[1727481600,30.4396,30.7623,29.0349,29.2899],[1727395200,29.16,30.8615,28.9327,30.4396],[1727308800,27.2774,29.4289,26.9573,29.16],[1727222400,28.4666,28.4992,27.1472,27.2774],[1727136000,27.3847,28.5464,26.8367,28.4666],[1727049600,27.298,28.1735,26.5628,27.3847],[1726963200,27.7885,27.8064,26.4528,27.298],[1726876800,27.6758,28.1313,27.0062,27.7885],[1726790400,26.6678,28.7546,26.4752,27.6758],[1726704000,24.7037,26.793,24.6947,26.6678],[1726617600,23.7772,24.7429,22.7892,24.7037],[1726531200,23.5126,24.4917,23.1554,23.7772],[1726444800,23.7933,24.2361,23.2141,23.5126],[1726358400,25.3311,25.3876,23.6423,23.7933],[1726272000,24.9232,25.6649,24.6201,25.3311],[1726185600,24.0148,25.112,23.6676,24.9232],[1726099200,23.2799,24.1062,23.2632,24.0148],[1726012800,24.3539,24.5187,22.8697,23.2799],[1725926400,23.8473,24.5835,23.5708,24.3539],[1725840000,23.2436,24.3892,23.1322,23.8473],[1725753600,21.7939,23.5089,21.7089,23.2436],[1725667200,21.1581,22.0086,21.0448,21.7939],[1725580800,21.3665,22.1905,20.4682,21.1581],[1725494400,21.9053,22.1881,21.2151,21.3665],[1725408000,21.3813,22.321,20.4978,21.9053],[1725321600,22.3641,22.7268,21.3408,21.3813],[1725235200,21.4247,22.5671,21.3681,22.3641],[1725148800,22.8008,22.8376,21.1466,21.4247],[1725062400,23.2827,23.3947,22.4711,22.8008],[1724976000,22.8968,23.6406,22.1938,23.2827],[1724889600,23.4462,24.6874,22.7799,22.8968],[1724803200,24.0966,24.8391,23.1934,23.4462],[1724716800,25.9431,26.8126,23.6706,24.0966],[1724630400,26.9359,27.2132,25.8963,25.9431],[1724544000,27.1314,27.6908,26.1429,26.9359],[1724457600,26.5162,28.0103,26.2061,27.1314],[1724371200,25.2245,27.0335,25.2185,26.5162],[1724284800,23.5399,25.3013,23.0531,25.2245],[1724198400,22.265,23.8093,22.2469,23.5399],[1724112000,21.2195,22.7906,21.1668,22.265],[1724025600,20.8217,21.2566,20.3878,21.2195],[1723939200,20.7056,21.5188,20.5442,20.8217],[1723852800,20.3725,20.7116,20.2364,20.7056],[1723766400,20.1345,20.6902,19.7881,20.3725],[1723680000,20.9524,21.1539,19.8515,20.1345],[1723593600,21.384,21.8861,20.7783,20.9524],[1723507200,21.2714,21.631,20.602,21.384],[1723420800,20.4041,21.717,20.3012,21.2714],[1723334400,21.5876,22.3694,20.3879,20.4041],[1723248000,21.7508,22.0592,21.4078,21.5876],[1723161600,22.7461,22.8089,21.3032,21.7508],[1723075200,19.8537,22.8068,19.5257,22.7461],[1722988800,20.8966,21.7073,19.7032,19.8537],[1722902400,19.5416,21.4674,19.5175,20.8966],[1722816000,21.2374,21.3701,17.3316,19.5416],[1722729600,22.6622,22.9487,20.5887,21.2374],[1722643200,23.5735,24.0979,22.1836,22.6622],[1722556800,25.6864,25.8985,23.3296,23.5735],[1722470400,25.7011,25.9193,24.002,25.6864],[1722384000,26.3187,26.8612,25.4319,25.7011],[1722297600,26.9963,27.3119,26.0269,26.3187],[1722211200,27.3981,28.8482,26.9706,26.9963],[1722124800,28.0434,28.1789,27.1019,27.3981],[1722038400,28.7258,29.5215,27.5832,28.0434],[1721952000,27.2306,28.8647,27.1629,28.7258],[1721865600,28.3704,28.5836,26.2589,27.2306],[1721779200,29.8169,30.5526,28.2622,28.3704],[1721692800,31.8785,32.6338,29.4468,29.8169],[1721606400,32.6382,32.9525,31.3239,31.8785],[1721520000,29.1076,33.0037,28.5592,32.6382],[1721433600,28.1808,29.1895,27.7973,29.1076],[1721347200,27.1283,28.4283,26.6494,28.1808],[1721260800,27.2359,27.938,26.5919,27.1283],[1721174400,28.0186,29.0395,27.2122,27.2359],[1721088000,27.8427,29.2617,26.4785,28.0186],[1721001600,26.3597,27.9026,26.2719,27.8427],[1720915200,25.8636,26.6747,25.6117,26.3597],[1720828800,25.9734,26.3482,25.5374,25.8636],[1720742400,25.2032,26.1046,24.8163,25.9734],[1720656000,25.7534,26.3718,25.0194,25.2032],[1720569600,26.4344,27.4213,25.6265,25.7534],[1720483200,25.2033,26.5093,24.6978,26.4344],[1720396800,25.7416,27.2045,24.5444,25.2033],[1720310400,27.4075,27.4944,25.4698,25.7416],[1720224000,25.1355,27.6114,24.8771,27.4075],[1720137600,24.4392,25.4446,21.873,25.1355],[1720051200,26.4779,26.6694,24.2958,24.4392],[1719964800,28.6631,28.9252,26.4048,26.4779],[1719878400,28.7938,28.8779,28.0545,28.6631],[1719792000,29.3127,30.0777,28.7811,28.7938],[1719705600,27.7208,29.5215,27.3638,29.3127],[1719619200,27.902,28.6281,27.5342,27.7208],[1719532800,27.8773,29.0523,27.6334,27.902],[1719446400,25.8008,28.3467,25.3312,27.8773],[1719360000,25.3951,26.7238,25.2753,25.8008],[1719273600,24.779,25.77,24.5996,25.3951],[1719187200,25.0713,25.2226,23.5396,24.779],[1719100800,25.6096,25.997,24.1233,25.0713],[1719014400,27.466,27.4854,24.5139,25.6096],[1718928000,27.5727,28.0206,26.9223,27.466],[1718841600,26.9295,28.8662,26.68,27.5727],[1718755200,26.5942,27.6486,26.3842,26.9295],[1718668800,28.4482,28.5163,25.1591,26.5942],[1718582400,30.058,30.3278,27.3187,28.4482],[1718496000,29.991,30.4607,29.6572,30.058],[1718409600,30.2784,30.6303,29.9011,29.991],[1718323200,30.9835,32.0938,29.2943,30.2784],[1718236800,33.2693,33.4247,30.9269,30.9835],[1718150400,31.5407,33.9817,30.7909,33.2693],[1718064000,32.2712,32.3631,30.582,31.5407],[1717977600,32.9773,33.4611,32.03,32.2712],[1717891200,32.2762,33.0173,32.0387,32.9773],[1717804800,33.4964,33.7047,31.9387,32.2762],[1717718400,35.88,36.8527,30.9234,33.4964],[1717632000,36.5612,37.187,35.7172,35.88],[1717545600,36.06,36.8906,35.9254,36.5612],[1717459200,35.017,36.271,34.5005,36.06],[1717372800,34.8885,36.246,34.5471,35.017],[1717286400,35.7286,36.1482,34.757,34.8885],[1717200000,36.0008,36.1941,35.6687,35.7286],[1717113600,35.9597,36.7593,35.1912,36.0008],[1717027200,36.1679,37.0591,35.283,35.9597],[1716940800,36.9855,37.45,36.1224,36.1679],[1716854400,38.2332,38.3761,36.5132,36.9855],[1716768000,36.7484,38.9129,36.6385,38.2332],[1716681600,38.2762,38.3,36.4813,36.7484],[1716595200,37.9912,38.6883,37.7162,38.2762],[1716508800,38.5,38.9787,36.9093,37.9912],[1716422400,40.0027,40.4531,36.4787,38.5],[1716336000,41.1921,41.78,39.1925,40.0027],[1716249600,40.1312,41.3701,39.6756,41.1921],[1716163200,35.6042,40.29,35.1641,40.1312],[1716076800,37.2538,37.764,35.3942,35.6042],[1715990400,36.4339,37.6666,36.35,37.2538],[1715904000,34.4684,37.5892,34.2692,36.4339],[1715817600,34.6661,35.0046,33.7591,34.4684],[1715731200,31.5599,34.7791,31.365,34.6661],[1715644800,32.4493,33.2875,31.4644,31.5599],[1715558400,33.1243,33.8005,31.9179,32.4493],[1715472000,33.4775,33.9837,32.8422,33.1243],[1715385600,33.7093,34.0243,33.0593,33.4775],[1715299200,35.0645,36.0961,33.2387,33.7093],[1715212800,34.0132,35.3632,33.7333,35.0645],[1715126400,35.3016,35.5008,33.6433,34.0132],[1715040000,37.1138,37.6038,35.2716,35.3016],[1714953600,37.3668,39.8731,36.7837,37.1138],[1714867200,37.3693,37.9944,36.6885,37.3668],[1714780800,35.5609,37.6787,35.1874,37.3693],[1714694400,33.58,35.9394,33.31,35.5609],[1714608000,33.2908,34.1129,32.2629,33.58],[1714521600,32.6773,33.9114,30.5687,33.2908],[1714435200,35.2776,35.6987,31.8856,32.6773],[1714348800,33.9393,35.8574,32.8398,35.2776],[1714262400,34.4505,35.37,33.7897,33.9393],[1714176000,34.4134,35.1131,33.1336,34.4505],[1714089600,35.5872,35.8736,34.2667,34.4134],[1714003200,36.3386,36.7169,34.6874,35.5872],[1713916800,38.3026,39.8327,36.0138,36.3386],[1713830400,39.2134,39.9236,38.003,38.3026],[1713744000,37.1529,39.7235,36.7864,39.2034],[1713657600,38.3229,38.7731,36.3891,37.1529],[1713571200,34.6731,38.503,34.1565,38.3229],[1713484800,34.8566,36.1431,31.9638,34.6731],[1713398400,33.582,35.5974,32.8076,34.8566],[1713312000,34.7661,35.3562,32.2456,33.582],[1713225600,35.1727,35.9165,32.7159,34.7661],[1713139200,37.2839,38.6144,34.1414,35.1713],[1713052800,33.946,37.9141,32.68,37.2839],[1712966400,39.3673,39.3628,29.4449,33.946],[1712880000,46.0299,46.8697,35.88,39.3673],[1712793600,47.304,47.494,45.61,46.0299],[1712707200,46.4565,48.004,45.1368,47.304],[1712620800,49.8592,49.9641,46.3465,46.4565],[1712534400,49.32,50.8035,48.2645,49.8592],[1712448000,48.1992,49.4845,47.9095,49.32],[1712361600,45.33,48.8363,45.0725,48.1992],[1712275200,46.5221,46.6121,44.0009,45.33],[1712188800,45.8997,48.1829,45.4388,46.5221],[1712102400,46.8643,48.3145,44.9963,45.8997],[1712016000,51.3966,51.3916,46.3,46.8643],[1711929600,54.08,54.1494,50.2716,51.3966],[1711843200,52.9622,54.2725,52.9021,54.08],[1711756800,53.3649,54.637,52.8021,52.9622],[1711670400,54.6396,54.6596,52.5449,53.3649],[1711584000,54.0749,55.0145,53.1639,54.6396],[1711497600,55.7915,56.7316,53.0209,54.0749],[1711411200,57.7685,59.31,55.3514,55.7915],[1711324800,55.6945,59.1924,54.9451,57.7685],[1711238400,53.4586,55.822,52.4427,55.6945],[1711152000,53.4405,55.9506,52.6353,53.4586],[1711065600,53.8226,57.8085,51.6405,53.4405],[1710979200,57.07,57.8684,52.7774,53.8226],[1710892800,53.6042,58.1484,50.4145,57.07],[1710806400,60.617,61.8433,53.1671,53.6042],[1710720000,58.3935,65.3543,55.2583,60.617],[1710633600,53.4124,58.4236,50.0635,58.3935],[1710547200,58.3701,61.4306,51.9964,53.4124],[1710460800,53.9338,58.8608,48.34,58.3701],[1710374400,54.8456,59.295,50.474,53.9338],[1710288000,55.495,55.5251,52.2653,54.8456],[1710201600,49.1202,57.3527,46.4213,55.495],[1710115200,42.107,49.5623,40.089,49.1202],[1710028800,43.01,43.9993,40.996,42.107],[1709942400,42.7259,43.6484,42.4476,43.01],[1709856000,43.2641,44.0294,41.1603,42.7259],[1709769600,41.5812,44.5137,41.5712,43.2641],[1709683200,39.4903,42.1614,37.9655,41.5812],[1709596800,43.1434,45.1726,35,39.4903],[1709510400,42.61,44.0113,41.4564,43.1434],[1709424000,44.4019,44.9124,40.4091,42.61],[1709337600,42.7077,44.571,42.0168,44.4019],[1709251200,40.9736,43.37,40.9936,42.7077],[1709164800,40.3646,44.6448,39.6566,40.9736],[1709078400,39.2848,41.3189,36.4322,40.3646],[1708992000,39.2904,39.9264,38.3544,39.2848],[1708905600,37.4585,39.3504,36.2985,39.2904],[1708819200,36.7571,37.4885,36.425,37.4585],[1708732800,35.9108,36.9371,35.1959,36.7571],[1708646400,36.767,36.9315,35.3075,35.9108],[1708560000,37.6043,38.2006,36.5144,36.767],[1708473600,38.5073,38.5457,35.9045,37.6043],[1708387200,39.51,39.705,36.902,38.5073],[1708300800,40.3003,40.6404,39.1207,39.51],[1708214400,39.7708,40.7508,39.0006,40.3003],[1708128000,40.2788,40.4576,38.4134,39.7708],[1708041600,41.568,41.8051,39.4821,40.2788],[1707955200,42.2517,43.6248,40.9648,41.568],[1707868800,39.7474,42.4388,39.1473,42.2517],[1707782400,40.9921,41.7053,38.8947,39.7474],[1707696000,39.7371,41.1861,38.4,40.9921],[1707609600,40.2196,41.2096,39.381,39.7371],[1707523200,38.0121,41.2397,38.0121,40.2196],[1707436800,35.4214,38.6064,35.4157,38.0121],[1707350400,35.2711,36.1147,35.0727,35.4214],[1707264000,34.1354,35.4776,33.6251,35.2711],[1707177600,34.4946,34.6944,33.6914,34.1354],[1707091200,34.8435,35.8792,34.0841,34.5],[1707004800,35.9406,36.521,34.6777,34.8435],[1706918400,36.7502,37.562,35.3975,35.9406],[1706832000,33.8415,36.9254,33.7526,36.7502],[1706745600,33.1536,33.93,32.294,33.8415],[1706659200,35.2185,35.4885,33.1136,33.1536],[1706572800,36.0662,37.1412,35.0065,35.2185],[1706486400,34.8226,36.5329,34.3526,36.0662],[1706400000,33.2829,36.7,33.2065,34.8226],[1706313600,32.2575,33.3029,31.8648,33.2829],[1706227200,30.4953,33.0889,30.1189,32.2575],[1706140800,31.1865,31.3432,29.61,30.4953],[1706054400,30.609,31.8814,29.48,31.1865],[1705968000,29.501,30.67,27.22,30.609],[1705881600,32.5234,32.7117,29.3151,29.501],[1705795200,32.8618,33.4616,32.44,32.5234],[1705708800,32.7102,32.962,32.0176,32.8618],[1705622400,33.5652,33.7201,31.177,32.7102],[1705536000,36.0536,36.1668,32.6938,33.5652],[1705449600,35.5626,36.4843,35.2519,36.0536],[1705363200,35.5937,36.5143,34.7698,35.5611],[1705276800,35.2878,36.7754,35.1416,35.5937],[1705190400,36.4889,37.8576,35.2778,35.2878],[1705104000,35.9007,36.6279,34.708,36.4889],[1705017600,39.3072,39.58,34.6491,35.9007],[1704931200,38.5425,41.7747,37.5622,39.3072],[1704844800,34.6631,39.5514,33.3854,38.5425],[1704758400,36.0959,37.6165,33.8028,34.6631],[1704672000,33.67,36.436,31.1793,36.0959],[1704585600,34.6469,35.7978,33.1398,33.67],[1704499200,36.4794,36.5294,33.4559,34.6469],[1704412800,38.7799,38.9546,35.0261,36.4794],[1704326400,36.8133,39.4605,36.12,38.7799],[1704240000,40.625,41.4336,33.0722,36.8133],[1704153600,41.9499,43.4303,40.3449,40.625],[1704067200,38.5501,42,38.0463,41.9499],[1703980800,39.3257,40.5155,37.6132,38.5501],[1703894400,40.18,40.3645,38.1685,39.3257],[1703808000,39.8481,42.1593,38.5298,40.18],[1703721600,42.4343,43.4147,39.258,39.8481],[1703635200,44.3986,44.93,41.8845,42.4343],[1703548800,48.1874,48.3348,40.7656,44.3986],[1703462400,47.71,48.9204,45.9995,48.1874],[1703376000,48.0723,49.9136,46.4215,47.71],[1703289600,45.3788,48.2824,43.4538,48.0723],[1703203200,45.9665,48.8663,43.6784,45.3788],[1703116800,43.4688,47.37,43.0682,45.9665],[1703030400,39.7314,44.4796,39.0829,43.4688],[1702944000,41.1386,42.1284,38.7493,39.73],[1702857600,40.5741,41.3832,36.4854,41.1386],[1702771200,42.19,43.9945,40.25,40.5741],[1702684800,39.7116,45.3111,38.5134,42.19],[1702598400,39.2943,42.2527,38.5316,39.7116],[1702512000,38.9754,40.3421,36.7593,39.2943],[1702425600,37.4489,41.4583,34.0589,38.9754],[1702339200,38.0065,42.8478,35.9775,37.4489],[1702252800,37.1557,39.3708,32.1406,38.0065],[1702166400,31.91,37.9695,31.5579,37.1557],[1702080000,30.4599,34.262,30.4698,31.91],[1701993600,26.2801,30.7984,26.0602,30.4599],[1701907200,26.2035,27.8837,25.7535,26.2801],[1701820800,24.5474,27.6566,24.4699,26.2035],[1701734400,22.6819,24.826,21.8109,24.5474],[1701648000,21.9477,23.1981,20.6836,22.6819],[1701561600,22.25,22.75,21.6097,21.9477],[1701475200,21.8638,22.4394,21.7585,22.25],[1701388800,21.393,22.6363,21.1159,21.8638],[1701302400,21.1152,21.5017,20.8236,21.393],[1701216000,20.6904,21.5756,20.5654,21.1152],[1701129600,20.3593,20.8542,19.5268,20.6904],[1701043200,21.0709,21.308,19.8374,20.3593],[1700956800,21.3707,21.5143,20.1217,21.0709],[1700870400,20.9082,21.4887,20.658,21.3707],[1700784000,20.6415,21.8733,20.4531,20.9082],[1700697600,20.79,21.4883,20.4479,20.6415],[1700611200,19.0152,21.2458,18.9951,20.79],[1700524800,20.8617,22.2822,18.9291,19.0152],[1700438400,22.8539,23.2595,20.7285,20.8617],[1700352000,22.0025,23.0494,20.7718,22.8539],[1700265600,21.9483,22.6886,20.1877,22.0025],[1700179200,21.71,24.67,20,21.9483],[1700092800,20.7042,24.05,20.2549,21.71],[1700006400,17.0509,20.9406,17.0209,20.7042],[1699920000,16.1185,18.1079,15.5789,17.0509],[1699833600,18.9873,19.7376,16.116,16.1235],[1699747200,16.8019,19.7376,15.9003,18.9873],[1699660800,14.7493,16.9939,14.0091,16.8019],[1699574400,12.9712,14.8588,12.9022,14.7493],[1699488000,12.994,13.9553,11.9823,12.9712],[1699401600,12.8166,13.15,12.67,12.994],[1699315200,13.0804,13.1014,12.3013,12.8166],[1699228800,12.3583,13.1688,12.2491,13.0804],[1699142400,12.2254,12.6792,12.1108,12.3583],[1699056000,12.1137,12.333,11.9317,12.2254],[1698969600,11.8811,12.19,11.451,12.1137],[1698883200,12.2336,12.5457,11.4383,11.8811],[1698796800,11.3366,12.3272,10.884,12.2342],[1698710400,11.4633,11.7634,11.0163,11.3366],[1698624000,11.3746,11.6847,11.0692,11.4633],[1698537600,10.9722,11.44,10.7922,11.3746],[1698451200,10.5938,11.0809,10.5518,10.9722],[1698364800,11.0508,11.0608,10.4022,10.5938],[1698278400,10.5237,11.472,10.3715,11.0508],[1698192000,10.32,10.632,10.1696,10.5237],[1698105600,10.5878,10.8057,10.0958,10.32],[1698019200,10.08456,10.67283,9.87153,10.5878],[1697932800,9.63736,10.09312,9.54448,10.08456],[1697846400,9.22378,9.81402,9.18,9.63736],[1697760000,9.07,9.38587,9.03324,9.22378],[1697673600,8.91138,9.12,8.65615,9.07],[1697587200,9.10993,9.21095,8.84548,8.91138],[1697500800,9.40256,9.41128,9.01623,9.10993],[1697414400,9.17046,9.81025,9.17,9.40256],[1697328000,9.14834,9.26234,9.07828,9.17046],[1697241600,9.1498,9.2474,9.12057,9.14834],[1697155200,9.11836,9.33707,9.02675,9.1498],[1697068800,9.3,9.31531,8.88848,9.11836],[1696982400,9.53063,9.57063,9.21861,9.3],[1696896000,9.5403,9.85,9.42217,9.53063],[1696809600,10.0863,10.09,9.30516,9.5403],[1696723200,10.35772,10.53554,9.97262,10.0863],[1696636800,10.6602,11.863,10.26,10.3577],[1696550400,10.1413,10.83,10.1308,10.6602],[1696464000,10.10484,10.32035,9.82653,10.14125],[1696377600,9.42,10.28035,9.12507,10.10484],[1696291200,9.31723,9.47507,9.23172,9.42],[1696204800,9.75155,9.83078,9.175,9.31723],[1696118400,9.24187,9.82578,9.21897,9.75155],[1696032000,9.17932,9.29482,9.11732,9.24187],[1695945600,9.27,9.36,9.07849,9.17932],[1695859200,8.92223,9.35145,8.90375,9.27],[1695772800,9.04,9.18278,8.82573,8.92],[1695686400,8.94852,9.0652,8.85786,9.04],[1695600000,8.78176,8.95886,8.63086,8.94852],[1695513600,8.90178,9.0517,8.75,8.78176],[1695427200,8.86609,8.9816,8.83009,8.90178],[1695340800,8.82996,8.91996,8.73991,8.86609],[1695254400,9.04991,9.10991,8.77991,8.82996],[1695168000,9.21184,9.24,8.87177,9.04991],[1695081600,9.11045,9.30789,9.04184,9.21184],[1694995200,9.10115,9.31236,8.82112,9.11045],[1694908800,9.38244,9.38244,9.02229,9.10115],[1694822400,9.43017,9.61008,9.36016,9.38244],[1694736000,9.40132,9.51133,9.18814,9.43017],[1694649600,9.29077,9.47039,9.25077,9.40132],[1694563200,9.21963,9.44924,9.10664,9.29077],[1694476800,9.23,9.57856,9.2,9.21963],[1694390400,9.45844,9.51,9.06,9.23],[1694304000,9.83827,9.83827,9.21838,9.45844],[1694217600,9.92085,9.92085,9.82914,9.83827],[1694131200,10.09,10.14247,9.8351,9.92085],[1694044800,9.94461,10.13495,9.83467,10.09],[1693958400,9.90942,10.04578,9.77295,9.94461],[1693872000,9.80173,9.95841,9.65845,9.90942],[1693785600,9.87749,10.03872,9.6869,9.80173],[1693699200,9.91268,9.98993,9.82994,9.87749],[1693612800,9.92327,9.96056,9.75912,9.91268],[1693526400,9.97955,10.05955,9.75815,9.92327],[1693440000,10.41137,10.54138,9.83129,9.97955],[1693353600,10.8174,10.8279,10.3308,10.4114],[1693267200,10.3648,11.1943,10.3248,10.8109],[1693180800,10.2,10.43977,9.91788,10.36476],[1693094400,10.0854,10.2754,10.0697,10.2],[1693008000,10.04,10.1254,10.0044,10.0854],[1692921600,10.11457,10.12707,9.8847,10.04],[1692835200,10.33878,10.35939,9.97232,10.11457],[1692748800,10.1459,10.4658,10.058,10.3388],[1692662400,10.35949,10.37949,9.7361,10.14594],[1692576000,10.8651,10.878,10.1751,10.3595],[1692489600,10.81,10.92,10.7389,10.8651],[1692403200,10.8058,10.8858,10.56,10.81],[1692316800,10.5786,10.997,10.5386,10.8058],[1692230400,11.36703,11.49688,9.9886,10.57857],[1692144000,11.8146,11.8581,11.0837,11.367],[1692057600,12.3528,12.3628,11.3121,11.8146],[1691971200,12.2613,12.4456,12.1707,12.3528],[1691884800,12.3839,12.4212,12.1913,12.2613],[1691798400,12.4326,12.48,12.3439,12.3839],[1691712000,12.4727,12.5352,12.34,12.4326],[1691625600,12.6196,12.6591,12.4553,12.4727],[1691539200,12.68,12.7981,12.4896,12.6196],[1691452800,12.4493,12.7881,12.3688,12.68],[1691366400,12.5788,12.7391,12.2046,12.4493],[1691280000,12.4326,12.6544,12.4113,12.5788],[1691193600,12.4011,12.4363,12.2728,12.4326],[1691107200,12.4315,12.6005,12.2612,12.4011],[1691020800,12.5427,12.6307,12.39,12.4315],[1690934400,12.88,12.9579,12.4255,12.5427],[1690848000,12.8193,12.8886,12.4086,12.88],[1690761600,13.1205,13.2753,12.7086,12.8193],[1690675200,13.2392,13.4105,12.9203,13.1205],[1690588800,13.2232,13.2896,13.1592,13.2392],[1690502400,13.1498,13.2912,13.0165,13.2232],[1690416000,13.2687,13.4298,13.0249,13.1498],[1690329600,13.3396,13.4587,13.0887,13.2687],[1690243200,13.11,13.5345,13.04,13.3396],[1690156800,13.5427,13.6,12.815,13.11],[1690070400,13.5213,13.7514,13.4056,13.5427],[1689984000,13.9798,14.0503,13.3213,13.5213],[1689897600,13.8694,14.0694,13.7347,13.9798],[1689811200,13.9902,14.4202,13.6901,13.8694],[1689724800,13.8027,14.2728,13.7627,13.9902],[1689638400,14.4022,14.5811,13.616,13.8027],[1689552000,14.293,14.6262,13.8709,14.4022],[1689465600,14.842,14.932,14.176,14.293],[1689379200,14.649,15.3495,14.4195,14.842],[1689292800,14.1142,15.9674,14.0542,14.649],[1689206400,13.0147,14.1894,12.8995,14.1142],[1689120000,13.2701,13.3501,12.8602,13.0147],[1689033600,13.3908,13.6904,13.1608,13.2701],[1688947200,13.5841,13.8542,13.174,13.3908],[1688860800,13.6432,14.2133,13.5741,13.5841],[1688774400,12.741,13.8756,12.73,13.6432],[1688688000,12.3748,12.751,12.2698,12.741],[1688601600,12.6714,13.1115,12.2514,12.3748],[1688515200,13.0374,13.1518,12.5009,12.6714],[1688428800,13.2501,13.4002,13.0118,13.0374],[1688342400,13.1254,13.4509,13.0708,13.2501],[1688256000,13,13.2154,12.7104,13.1254],[1688169600,13.0231,13.1541,12.8381,13],[1688083200,12.6698,13.3248,12.1396,13.0231],[1687996800,12.3394,12.95,12.27,12.6698],[1687910400,13.2011,13.2111,12.1155,12.3394],[1687824000,13.3113,13.4713,13.13,13.2011]]}","timestamp":"2024-12-08T09:29:08.911Z"}
{"level":"info","message":"Avalanche GMX Candlesticks fetched successfully:","timestamp":"2024-12-08T09:29:08.919Z"}
{"level":"info","message":"GMX data validation completed successfully.","timestamp":"2024-12-08T09:29:08.919Z"}
{"level":"info","message":"--- Integration Validation Successful ---","timestamp":"2024-12-08T09:29:08.920Z"}
{"level":"info","message":"--- Starting Integration Validation ---","timestamp":"2024-12-08T09:40:16.902Z"}
{"level":"info","message":"Running data pipeline...","timestamp":"2024-12-08T09:40:16.906Z"}
{"level":"info","message":"--- Starting Data Pipeline ---","timestamp":"2024-12-08T09:40:16.907Z"}
{"level":"info","message":"Fetching token prices from CoinGecko...","timestamp":"2024-12-08T09:40:16.907Z"}
{"level":"info","message":"Fetching token prices from CoinGecko...","timestamp":"2024-12-08T09:40:16.908Z"}
{"level":"info","message":"Token prices fetched successfully:","timestamp":"2024-12-08T09:40:17.190Z"}
{"level":"info","message":"Fetched CoinGecko data successfully.","timestamp":"2024-12-08T09:40:17.191Z"}
{"level":"info","message":"Fetching GMX token data...","timestamp":"2024-12-08T09:40:17.191Z"}
{"level":"info","message":"Fetching GMX data for arbitrum using tickers endpoint with params: {}","timestamp":"2024-12-08T09:40:17.192Z"}
{"level":"info","message":"Fetched data for arbitrum: [{\"tokenAddress\":\"0x7f9FBf9bDd3F4105C478b996B648FE6e828a1e98\",\"tokenSymbol\":\"APE\",\"minPrice\":\"1834872109853\",\"maxPrice\":\"1835822221007\",\"updatedAt\":1733650816580,\"timestamp\":1733650816},{\"tokenAddress\":\"0x74885b4D524d497261259B38900f54e6dbAd2210\",\"tokenSymbol\":\"APE_deprecated\",\"minPrice\":\"1834872109853\",\"maxPrice\":\"1835822221007\",\"updatedAt\":1733650816580,\"timestamp\":1733650816},{\"tokenAddress\":\"0x3f8f0dCE4dCE4d0D1d0871941e79CDA82cA50d0B\",\"tokenSymbol\":\"APT\",\"minPrice\":\"142792332548142560000000\",\"maxPrice\":\"142915800000000000000000\",\"updatedAt\":1733650816025,\"timestamp\":1733650815},{\"tokenAddress\":\"0x3Eea56A1ccCdbfB70A26aD381C71Ee17E4c8A15F\",\"tokenSymbol\":\"BOME\",\"minPrice\":\"10310029314634070000000\",\"maxPrice\":\"10311563922094917000000\",\"updatedAt\":1733650816580,\"timestamp\":1733650816},{\"tokenAddress\":\"0xaF770F03518686a365300ab35AD860e99967B2f0\",\"tokenSymbol\":\"MEME\",\"minPrice\":\"17619503505\",\"maxPrice\":\"17629893018\",\"updatedAt\":1733650816580,\"timestamp\":1733650816},{\"tokenAddress\":\"0x6792c5B8962ffbDD020c6b6FD0Be7b182e0e33a3\",\"tokenSymbol\":\"FLOKI\",\"minPrice\":\"251884847304783000\",\"maxPrice\":\"251916980000000000\",\"updatedAt\":1733650816528,\"timestamp\":1733650816},{\"tokenAddress\":\"0x5503CF72f54b6d692d36BBCD391516A7dE068687\",\"tokenSymbol\":\"MEW\",\"minPrice\":\"96077638804978820000000\",\"maxPrice\":\"96137729078541440000000\",\"updatedAt\":1733650816636,\"timestamp\":1733650816},{\"tokenAddress\":\"0x82aF49447D8a07e3bd95BD0d56f35241523fBab1\",\"tokenSymbol\":\"ETH\",\"minPrice\":\"3957668026137561\",\"maxPrice\":\"3957930090000000\",\"updatedAt\":1733650816528,\"timestamp\":1733650816},{\"tokenAddress\":\"0x938aef36CAaFbcB37815251B602168087eC14648\",\"tokenSymbol\":\"TAO\",\"minPrice\":\"687397381493876400000000\",\"maxPrice\":\"687538298171362600000000\",\"updatedAt\":1733650816636,\"timestamp\":1733650816},{\"tokenAddress\":\"0x1FD10E767187A92f0AB2ABDEEF4505e319cA06B2\",\"tokenSymbol\":\"BONK\",\"minPrice\":\"452584808588050000000\",\"maxPrice\":\"452731734828830000000\",\"updatedAt\":1733650816636,\"timestamp\":1733650816},{\"tokenAddress\":\"0x75B9AdD873641b253718810E6c65dB6d72311FD0\",\"tokenSymbol\":\"WLD\",\"minPrice\":\"3712849800000\",\"maxPrice\":\"3713967174903\",\"updatedAt\":1733650816730,\"timestamp\":1733650816},{\"tokenAddress\":\"0x47904963fc8b2340414262125aF798B9655E58Cd\",\"tokenSymbol\":\"BTC\",\"minPrice\":\"993118322910213300000000000\",\"maxPrice\":\"993155048590000000000000000\",\"updatedAt\":1733650816528,\"timestamp\":1733650816},{\"tokenAddress\":\"0x6c84a8f1c29108F47a79964b5Fe888D4f4D0dE40\",\"tokenSymbol\":\"tBTC\",\"minPrice\":\"99311832291021330\",\"maxPrice\":\"99315504859000000\",\"updatedAt\":1733650816528,\"timestamp\":1733650816},{\"tokenAddress\":\"0x2f2a2543B76A4166549F7aaB2e75Bef0aefC5B0f\",\"tokenSymbol\":\"WBTC.b\",\"minPrice\":\"993118322910213300000000000\",\"maxPrice\":\"993155048590000000000000000\",\"updatedAt\":1733650816528,\"timestamp\":1733650816},{\"tokenAddress\":\"0xC4da4c24fd591125c3F47b340b6f4f76111883d8\",\"tokenSymbol\":\"DOGE\",\"minPrice\":\"4553949341391353400000\",\"maxPrice\":\"4554456700000000000000\",\"updatedAt\":1733650816883,\"timestamp\":1733650816},{\"tokenAddress\":\"0x606C3e5075e5555e79Aa15F1E9FACB776F96C248\",\"tokenSymbol\":\"EIGEN\",\"minPrice\":\"4480945218111\",\"maxPrice\":\"4483503000000\",\"updatedAt\":1733650816580,\"timestamp\":1733650816},{\"tokenAddress\":\"0xB46A094Bc4B0adBD801E14b9DB95e05E28962764\",\"tokenSymbol\":\"LTC\",\"minPrice\":\"1320613802500823000000000\",\"maxPrice\":\"1320859281850724500000000\",\"updatedAt\":1733650816883,\"timestamp\":1733650816},{\"tokenAddress\":\"0x3E57D02f9d196873e55727382974b02EdebE6bfd\",\"tokenSymbol\":\"SHIB\",\"minPrice\":\"31597835\",\"maxPrice\":\"31607626\",\"updatedAt\":1733650816580,\"timestamp\":1733650816},{\"tokenAddress\":\"0x2bcC6D6CdBbDC0a4071e48bb3B969b06B3330c07\",\"tokenSymbol\":\"SOL\",\"minPrice\":\"235603555676008540000000\",\"maxPrice\":\"235622669352818320000000\",\"updatedAt\":1733650816680,\"timestamp\":1733650816},{\"tokenAddress\":\"0x197aa2DE1313c7AD50184234490E12409B2a1f95\",\"tokenSymbol\":\"SUI\",\"minPrice\":\"4177706889261576500000\",\"maxPrice\":\"4178155663241434800000\",\"updatedAt\":1733650816730,\"timestamp\":1733650816},{\"tokenAddress\":\"0x55e85A147a1029b985384822c0B2262dF8023452\",\"tokenSymbol\":\"SEI\",\"minPrice\":\"674199397415\",\"maxPrice\":\"674348475436\",\"updatedAt\":1733650816730,\"timestamp\":1733650816},{\"tokenAddress\":\"0xBaf07cF91D413C0aCB2b7444B9Bf13b4e03c9D71\",\"tokenSymbol\":\"STX\",\"minPrice\":\"2600135269716109700000000\",\"maxPrice\":\"2601173696163308200000000\",\"updatedAt\":1733650816580,\"timestamp\":1733650816},{\"tokenAddress\":\"0xFa7F8980b0f1E64A2062791cc3b0871572f1F7f0\",\"tokenSymbol\":\"UNI\",\"minPrice\":\"18186739000000\",\"maxPrice\":\"18191160721073\",\"updatedAt\":1733650816580,\"timestamp\":1733650816},{\"tokenAddress\":\"0xf97f4df75117a78c1A5a0DBb814Af92458539FB4\",\"tokenSymbol\":\"LINK\",\"minPrice\":\"25871756500000\",\"maxPrice\":\"25882939474063\",\"updatedAt\":1733650816933,\"timestamp\":1733650816},{\"tokenAddress\":\"0x912CE59144191C1204E64559FE8253a0e49E6548\",\"tokenSymbol\":\"ARB\",\"minPrice\":\"1149955173215\",\"maxPrice\":\"1150510780172\",\"updatedAt\":1733650816680,\"timestamp\":1733650816},{\"tokenAddress\":\"0xc14e065b0067dE91534e032868f5Ac6ecf2c6868\",\"tokenSymbol\":\"XRP\",\"minPrice\":\"2531692030386115000000000\",\"maxPrice\":\"2531924000000000000000000\",\"updatedAt\":1733650816832,\"timestamp\":1733650816},{\"tokenAddress\":\"0xaf88d065e77c8cC2239327C5EDb3A432268e5831\",\"tokenSymbol\":\"USDC\",\"minPrice\":\"999742617992288800000000\",\"maxPrice\":\"999876700000000000000000\",\"updatedAt\":1733650816580,\"timestamp\":1733650816},{\"tokenAddress\":\"0xFF970A61A04b1cA14834A43f5dE4533eBDDB5CC8\",\"tokenSymbol\":\"USDC.e\",\"minPrice\":\"999742617992288800000000\",\"maxPrice\":\"999876700000000000000000\",\"updatedAt\":1733650816580,\"timestamp\":1733650816},{\"tokenAddress\":\"0xFd086bC7CD5C481DCC9C85ebE478A1C0b69FCbb9\",\"tokenSymbol\":\"USDT\",\"minPrice\":\"1000412092415329200000000\",\"maxPrice\":\"1000476209404156800000000\",\"updatedAt\":1733650816933,\"timestamp\":1733650816},{\"tokenAddress\":\"0xDA10009cBd5D07dd0CeCc66161FC93D7c9000da1\",\"tokenSymbol\":\"DAI\",\"minPrice\":\"999689208353\",\"maxPrice\":\"1000020000000\",\"updatedAt\":1733650816580,\"timestamp\":1733650816},{\"tokenAddress\":\"0xa9004A5421372E1D83fB1f85b0fc986c912f91f3\",\"tokenSymbol\":\"BNB\",\"minPrice\":\"735578856450813\",\"maxPrice\":\"735594826638312\",\"updatedAt\":1733650816680,\"timestamp\":1733650816},{\"tokenAddress\":\"0x7D7F1765aCbaF847b9A1f7137FE8Ed4931FbfEbA\",\"tokenSymbol\":\"ATOM\",\"minPrice\":\"10001142781330999000000000\",\"maxPrice\":\"10004224173051128000000000\",\"updatedAt\":1733650816580,\"timestamp\":1733650816},{\"tokenAddress\":\"0x1FF7F3EFBb9481Cbd7db4F932cBCD4467144237C\",\"tokenSymbol\":\"NEAR\",\"minPrice\":\"7578703\",\"maxPrice\":\"7580040\",\"updatedAt\":1733650816025,\"timestamp\":1733650815},{\"tokenAddress\":\"0xba5DdD1f9d7F570dc94a51479a000E3BCE967196\",\"tokenSymbol\":\"AAVE\",\"minPrice\":\"279307131914960\",\"maxPrice\":\"279366707214748\",\"updatedAt\":1733650816478,\"timestamp\":1733650816},{\"tokenAddress\":\"0x565609fAF65B92F7be02468acF86f8979423e514\",\"tokenSymbol\":\"AVAX\",\"minPrice\":\"51032969588636\",\"maxPrice\":\"51046064757947\",\"updatedAt\":1733650816832,\"timestamp\":1733650816},{\"tokenAddress\":\"0xaC800FD6159c2a2CB8fC31EF74621eB430287a5A\",\"tokenSymbol\":\"OP\",\"minPrice\":\"2642480548601\",\"maxPrice\":\"2643330221359\",\"updatedAt\":1733650816580,\"timestamp\":1733650816},{\"tokenAddress\":\"0x1E15d08f3CA46853B692EE28AE9C7a0b88a9c994\",\"tokenSymbol\":\"ORDI\",\"minPrice\":\"47375718000000\",\"maxPrice\":\"47396439000000\",\"updatedAt\":1733650816478,\"timestamp\":1733650816},{\"tokenAddress\":\"0x38676f62d166f5CE7De8433F51c6B3D6D9d66C19\",\"tokenSymbol\":\"TIA\",\"minPrice\":\"8247074992168614000000000\",\"maxPrice\":\"8249244400000000000000000\",\"updatedAt\":1733650816580,\"timestamp\":1733650816},{\"tokenAddress\":\"0xb06aa7E4af937C130dDade66f6ed7642716fe07A\",\"tokenSymbol\":\"TRX\",\"minPrice\":\"312955910000000000000000\",\"maxPrice\":\"313097128570906160000000\",\"updatedAt\":1733650816680,\"timestamp\":1733650816},{\"tokenAddress\":\"0xB2f7cefaeEb08Aa347705ac829a7b8bE2FB560f3\",\"tokenSymbol\":\"TON\",\"minPrice\":\"6723165236737648500000\",\"maxPrice\":\"6724179253340602000000\",\"updatedAt\":1733650816528,\"timestamp\":1733650816},{\"tokenAddress\":\"0xfc5A1A6EB076a2C7aD06eD22C90d7E710E35ad0a\",\"tokenSymbol\":\"GMX\",\"minPrice\":\"40794629736346\",\"maxPrice\":\"40807379649888\",\"updatedAt\":1733650816680,\"timestamp\":1733650816},{\"tokenAddress\":\"0xA1b91fe9FD52141Ff8cac388Ce3F10BFDc1dE79d\",\"tokenSymbol\":\"WIF\",\"minPrice\":\"3705947449064934650000000\",\"maxPrice\":\"3707531619126169150000000\",\"updatedAt\":1733650816781,\"timestamp\":1733650816},{\"tokenAddress\":\"0x25d887Ce7a35172C62FeBFD67a1856F20FaEbB00\",\"tokenSymbol\":\"PEPE\",\"minPrice\":\"24613273\",\"maxPrice\":\"24624433\",\"updatedAt\":1733650816781,\"timestamp\":1733650816},{\"tokenAddress\":\"0x0c880f6761F1af8d9Aa9C466984b80DAb9a8c9e8\",\"tokenSymbol\":\"PENDLE\",\"minPrice\":\"6614910834254\",\"maxPrice\":\"6616303545842\",\"updatedAt\":1733650816832,\"timestamp\":1733650816},{\"tokenAddress\":\"0x5979D7b546E38E414F7E9822514be443A4800529\",\"tokenSymbol\":\"wstETH\",\"minPrice\":\"4693721869756793\",\"maxPrice\":\"4694953054765365\",\"updatedAt\":1733650816528,\"timestamp\":1733650816},{\"tokenAddress\":\"0x5d3a1Ff2b6BAb83b63cd9AD0787074081a52ef34\",\"tokenSymbol\":\"USDe\",\"minPrice\":\"1001844700000\",\"maxPrice\":\"1001955700000\",\"updatedAt\":1733650816580,\"timestamp\":1733650816},{\"tokenAddress\":\"0x2cD2eB61D17b78239Fcd19aafF72981B5D5eF319\",\"tokenSymbol\":\"SATS\",\"minPrice\":\"304622675602000000\",\"maxPrice\":\"304822764758000000\",\"updatedAt\":1733650816580,\"timestamp\":1733650816},{\"tokenAddress\":\"0x9c74772b713a1B032aEB173E28683D937E51921c\",\"tokenSymbol\":\"POL\",\"minPrice\":\"687195007802\",\"maxPrice\":\"687347997712\",\"updatedAt\":1733650816478,\"timestamp\":1733650816},{\"tokenAddress\":\"0x53186c8419BEB83fE4Da74F7875041a1287337ED\",\"tokenSymbol\":\"ADA\",\"minPrice\":\"1189826262515995100000000\",\"maxPrice\":\"1190035574581181150000000\",\"updatedAt\":1733650816883,\"timestamp\":1733650816},{\"tokenAddress\":\"0xc5dbD52Ae5a927Cf585B884011d0C7631C9974c6\",\"tokenSymbol\":\"XLM\",\"minPrice\":\"48081639000000000000000\",\"maxPrice\":\"48093520000000000000000\",\"updatedAt\":1733650816636,\"timestamp\":1733650816},{\"tokenAddress\":\"0xc33D9C096e74aa4f571E9417b69a19C4A1e72ef2\",\"tokenSymbol\":\"BCH\",\"minPrice\":\"6113743555904344000000000\",\"maxPrice\":\"6115123681022812000000000\",\"updatedAt\":1733650816636,\"timestamp\":1733650816},{\"tokenAddress\":\"0xE958f107b467d5172573F761d26931D658C1b436\",\"tokenSymbol\":\"DOT\",\"minPrice\":\"1033855900000000000000\",\"maxPrice\":\"1034067714016454800000\",\"updatedAt\":1733650816832,\"timestamp\":1733650816},{\"tokenAddress\":\"0xdaf0A71608938F762e37eC5F72F670Cc44703454\",\"tokenSymbol\":\"ICP\",\"minPrice\":\"143453260000000000000000\",\"maxPrice\":\"143476385000000000000000\",\"updatedAt\":1733650816730,\"timestamp\":1733650816},{\"tokenAddress\":\"0x82BB89fcc64c5d4016C5Ed1AB016bB0D1C20D6C3\",\"tokenSymbol\":\"RENDER\",\"minPrice\":\"10115921053634\",\"maxPrice\":\"10117422054418\",\"updatedAt\":1733650816730,\"timestamp\":1733650816}]","timestamp":"2024-12-08T09:40:17.557Z"}
{"level":"info","message":"Fetching GMX data for avalanche using tickers endpoint with params: {}","timestamp":"2024-12-08T09:40:17.563Z"}
{"level":"info","message":"Fetched data for avalanche: [{\"tokenAddress\":\"0xB31f66AA3C1e785363F0875A1B74E27b85FD66c7\",\"tokenSymbol\":\"AVAX\",\"minPrice\":\"51032752402563\",\"maxPrice\":\"51046040574566\",\"updatedAt\":1733650817548,\"timestamp\":1733650817},{\"tokenAddress\":\"0x49D5c2BdFfac6CE2BFdB6640F4F80f226bc10bAB\",\"tokenSymbol\":\"ETH\",\"minPrice\":\"3957668026137561\",\"maxPrice\":\"3957930090000000\",\"updatedAt\":1733650816542,\"timestamp\":1733650816},{\"tokenAddress\":\"0x152b9d0FdC40C096757F570A51E494bd4b943E50\",\"tokenSymbol\":\"BTC\",\"minPrice\":\"993118322910213300000000000\",\"maxPrice\":\"993155048590000000000000000\",\"updatedAt\":1733650816542,\"timestamp\":1733650816},{\"tokenAddress\":\"0x5947BB275c521040051D82396192181b413227A3\",\"tokenSymbol\":\"LINK\",\"minPrice\":\"25871756500000\",\"maxPrice\":\"25882939474063\",\"updatedAt\":1733650816942,\"timestamp\":1733650816},{\"tokenAddress\":\"0xFE6B19286885a4F7F55AdAD09C3Cd1f906D2478F\",\"tokenSymbol\":\"SOL\",\"minPrice\":\"235602709878961350000000\",\"maxPrice\":\"235624000579633670000000\",\"updatedAt\":1733650817700,\"timestamp\":1733650817},{\"tokenAddress\":\"0xC301E6fe31062C557aEE806cc6A841aE989A3ac6\",\"tokenSymbol\":\"DOGE\",\"minPrice\":\"4554152958949261300000\",\"maxPrice\":\"4554934900000000000000\",\"updatedAt\":1733650817598,\"timestamp\":1733650817},{\"tokenAddress\":\"0x8E9C35235C38C44b5a53B56A41eaf6dB9a430cD6\",\"tokenSymbol\":\"LTC\",\"minPrice\":\"1320574093781551400000000\",\"maxPrice\":\"1320997700000000000000000\",\"updatedAt\":1733650817649,\"timestamp\":1733650817},{\"tokenAddress\":\"0xB97EF9Ef8734C71904D8002F8b6Bc66Dd9c48a6E\",\"tokenSymbol\":\"USDC\",\"minPrice\":\"999742609421311000000000\",\"maxPrice\":\"999876580000000000000000\",\"updatedAt\":1733650817700,\"timestamp\":1733650817},{\"tokenAddress\":\"0xA7D7079b0FEaD91F3e65f86E8915Cb59c1a4C664\",\"tokenSymbol\":\"USDC.e\",\"minPrice\":\"999742609421311000000000\",\"maxPrice\":\"999876580000000000000000\",\"updatedAt\":1733650817700,\"timestamp\":1733650817},{\"tokenAddress\":\"0x9702230A8Ea53601f5cD2dc00fDBc13d4dF4A8c7\",\"tokenSymbol\":\"USDT\",\"minPrice\":\"1000412095863837800000000\",\"maxPrice\":\"1000475259189524000000000\",\"updatedAt\":1733650817649,\"timestamp\":1733650817},{\"tokenAddress\":\"0xc7198437980c041c805A1EDcbA50c1Ce5db95118\",\"tokenSymbol\":\"USDT.e\",\"minPrice\":\"1000412095863837800000000\",\"maxPrice\":\"1000475259189524000000000\",\"updatedAt\":1733650817649,\"timestamp\":1733650817},{\"tokenAddress\":\"0xd586E7F844cEa2F87f50152665BCbc2C279D8d70\",\"tokenSymbol\":\"DAI.e\",\"minPrice\":\"999689199942\",\"maxPrice\":\"1000020000000\",\"updatedAt\":1733650817700,\"timestamp\":1733650817},{\"tokenAddress\":\"0x34B2885D617cE2ddeD4F60cCB49809fc17bb58Af\",\"tokenSymbol\":\"XRP\",\"minPrice\":\"2532014000000000000000000\",\"maxPrice\":\"2532594000000000000000000\",\"updatedAt\":1733650817548,\"timestamp\":1733650817},{\"tokenAddress\":\"0x62edc0692BD897D2295872a9FFCac5425011c661\",\"tokenSymbol\":\"GMX\",\"minPrice\":\"40794627058069\",\"maxPrice\":\"40807448478352\",\"updatedAt\":1733650817700,\"timestamp\":1733650817}]","timestamp":"2024-12-08T09:40:18.166Z"}
{"level":"info","message":"Fetching GMX data for arbitrum using candles endpoint with params: {\"tokenSymbol\":\"ETH\",\"period\":\"1d\"}","timestamp":"2024-12-08T09:40:18.169Z"}
{"level":"info","message":"Fetched data for arbitrum: {\"period\":\"1d\",\"candles\":[[1733616000,4000.01,4012.6,3939.57,3957.8],[1733529600,4005.13,4030.15,3973.19,4000.01],[1733443200,3789.41,4095.54,3781.49,4005.13],[1733356800,3844.04,3958.53,3685.52,3789.41],[1733270400,3617.25,3896.98,3616.97,3844.04],[1733184000,3644.6,3670.86,3502.98,3617.25],[1733097600,3710.08,3762.71,3556.84,3644.6],[1733011200,3705.93,3748.76,3661.3,3710.08],[1732924800,3593.55,3740.59,3570.3,3705.93],[1732838400,3579.25,3649.12,3535.69,3593.55],[1732752000,3657.1,3665.27,3530.7,3579.25],[1732665600,3323.31,3688.62,3300.9,3657.1],[1732579200,3414.64,3462.72,3254.06,3323.31],[1732492800,3364.68,3546.15,3304.07,3414.64],[1732406400,3397.3,3453.41,3286.83,3364.68],[1732320000,3331.44,3500.2,3316.53,3397.3],[1732233600,3359.82,3429.48,3262.59,3331.44],[1732147200,3072.04,3390.18,3035.27,3359.82],[1732060800,3111.66,3161.35,3032.2,3072.04],[1731974400,3210.05,3223.03,3069.84,3111.66],[1731888000,3076.46,3225.99,3050.61,3210.05],[1731801600,3133.75,3161.67,3037.29,3076.46],[1731715200,3090.85,3220.17,3072.83,3133.75],[1731628800,3058.84,3131.19,3014.89,3090.85],[1731542400,3191.23,3242.32,3031.25,3058.84],[1731456000,3247.23,3338.83,3121.31,3191.23],[1731369600,3375.65,3445.39,3210.61,3247.23],[1731283200,3185.9,3391.35,3108.35,3375.65],[1731196800,3128.03,3251.14,3070.79,3185.9],[1731110400,2963.81,3158.03,2956.57,3128.03],[1731024000,2897.19,2985.35,2888.98,2963.81],[1730937600,2724.34,2920.02,2701.35,2897.19],[1730851200,2422.37,2746.37,2420.4,2724.34],[1730764800,2396.96,2479.35,2379.52,2422.37],[1730678400,2456.53,2489.7,2357.19,2396.96],[1730592000,2493.15,2495.63,2410.06,2456.53],[1730505600,2510.43,2522.17,2470,2493.15],[1730419200,2514.99,2585.01,2466.06,2510.43],[1730332800,2658.2,2667.91,2500.3,2514.99],[1730246400,2637.55,2721.01,2598.62,2658.2],[1730160000,2565.68,2681.21,2559.51,2637.55],[1730073600,2505.05,2587.63,2468.45,2565.68],[1729987200,2479.41,2524.41,2461.07,2505.05],[1729900800,2435.99,2504.16,2425.57,2479.41],[1729814400,2534.22,2563.99,2379.81,2435.99],[1729728000,2521.98,2558.88,2505.68,2534.22],[1729641600,2620.98,2625.11,2453.1,2521.98],[1729555200,2665.32,2670.33,2604.72,2620.98],[1729468800,2746.05,2768.25,2654.28,2665.32],[1729382400,2647.93,2758.11,2635.28,2746.05],[1729296000,2641.95,2662.93,2630.83,2647.93],[1729209600,2604.83,2675.38,2595.36,2641.95],[1729123200,2610.61,2647.31,2574.98,2604.83],[1729036800,2606.86,2646.7,2588.55,2610.61],[1728950400,2628.71,2687.19,2537.01,2606.86],[1728864000,2467.84,2653.11,2442.44,2628.71],[1728777600,2475.77,2484.21,2435.93,2467.84],[1728691200,2438.66,2489.49,2433.35,2475.77],[1728604800,2384.38,2471,2379.87,2438.66],[1728518400,2368.35,2417.92,2328.36,2384.38],[1728432000,2439.39,2471.82,2349.38,2368.35],[1728345600,2422.04,2464.78,2400.13,2439.39],[1728259200,2439.63,2520.3,2402.93,2422.04],[1728172800,2414.5,2457.31,2406.81,2439.63],[1728086400,2414.4,2428.01,2389.72,2414.5],[1728000000,2349.73,2440.84,2338.97,2414.4],[1727913600,2363.61,2403.05,2309.58,2349.73],[1727827200,2447.94,2498.41,2352.45,2363.61],[1727740800,2601.32,2657.92,2413.22,2447.94],[1727654400,2658.01,2663.58,2574.13,2601.32],[1727568000,2675.64,2683.81,2634.68,2658.01],[1727481600,2695.2,2704.87,2650.56,2675.64],[1727395200,2632.51,2728.62,2615.51,2695.2],[1727308800,2579.46,2666.44,2558.88,2632.51],[1727222400,2653.35,2673.62,2555.32,2579.46],[1727136000,2647,2671.24,2591.71,2653.35],[1727049600,2581.12,2703.39,2540.12,2647],[1726963200,2613.24,2632.26,2525.73,2581.12],[1726876800,2561.6,2622.26,2529.46,2613.24],[1726790400,2465.57,2571.94,2438.11,2561.6],[1726704000,2374.73,2494.38,2372.81,2465.57],[1726617600,2342.02,2376.07,2277.55,2374.73],[1726531200,2295.37,2393.82,2263.3,2342.02],[1726444800,2316.22,2335.32,2252.54,2295.37],[1726358400,2418.38,2430.94,2285.76,2316.22],[1726272000,2441.11,2442.5,2380.73,2418.38],[1726185600,2361.75,2464.46,2337.4,2441.11],[1726099200,2340.74,2391.83,2315.08,2361.75],[1726012800,2388.48,2389.54,2277.98,2340.74],[1725926400,2359.8,2399.02,2321.13,2388.48],[1725840000,2297.2,2380.05,2272.95,2359.8],[1725753600,2273.27,2332.41,2241.63,2297.2],[1725667200,2224.53,2311.01,2221.48,2273.27],[1725580800,2367.87,2407.54,2150.09,2224.53],[1725494400,2450.33,2465.82,2347.84,2367.87],[1725408000,2424.66,2489.54,2308.57,2450.33],[1725321600,2537.92,2553.28,2415.72,2424.66],[1725235200,2426.03,2564.12,2423.58,2537.92],[1725148800,2512.82,2515.91,2400.17,2426.03],[1725062400,2525.45,2533.44,2492.19,2512.82],[1724976000,2527.95,2548.9,2432.21,2525.45],[1724889600,2527.95,2596.4,2506.18,2527.95],[1724803200,2457.74,2554.98,2420.14,2527.95],[1724716800,2681.06,2700.19,2399,2457.74],[1724630400,2747.49,2763.32,2667.78,2681.06],[1724544000,2769.78,2793.34,2734.98,2747.49],[1724457600,2764.76,2820.48,2734.88,2769.78],[1724371200,2623.22,2800.64,2621.54,2764.76],[1724284800,2631.16,2645.53,2585.18,2623.22],[1724198400,2573.01,2664.04,2537.37,2631.16],[1724112000,2637.39,2696.52,2555.51,2573.01],[1724025600,2612.37,2648.71,2564.66,2637.39],[1723939200,2614.71,2686.58,2594.86,2612.37],[1723852800,2593.55,2627.72,2588.07,2614.71],[1723766400,2570.31,2630.45,2551.94,2593.55],[1723680000,2661.77,2675.67,2517.99,2570.31],[1723593600,2703.32,2779.37,2635.5,2661.77],[1723507200,2723.08,2738.78,2612.03,2703.32],[1723420800,2555.52,2749.97,2511.29,2723.08],[1723334400,2610.54,2719.1,2541.26,2555.52],[1723248000,2599.83,2644.87,2577.6,2610.54],[1723161600,2683.95,2707.34,2553.69,2599.83],[1723075200,2343.24,2723.69,2321.07,2683.95],[1722988800,2462.64,2551.89,2309.39,2343.24],[1722902400,2419.93,2554.68,2416.49,2462.64],[1722816000,2688.04,2696.31,2111.95,2419.93],[1722729600,2901.96,2932.37,2631.09,2688.04],[1722643200,2985.91,3015.85,2858.77,2901.96],[1722556800,3200.69,3215.58,2964.51,2985.91],[1722470400,3231.67,3241.86,3077.7,3200.69],[1722384000,3278.37,3348.12,3213.44,3231.67],[1722297600,3317.21,3365.52,3234.02,3278.37],[1722211200,3270.01,3396.59,3257.23,3317.21],[1722124800,3249.26,3283.58,3199.18,3270.01],[1722038400,3274.99,3327.72,3191.97,3249.26],[1721952000,3174.28,3286.04,3169.78,3274.99],[1721865600,3335.34,3341.59,3086.87,3174.28],[1721779200,3482.88,3487.84,3302.8,3335.34],[1721692800,3440.84,3540.22,3391.71,3482.88],[1721606400,3536.06,3562.4,3424.58,3440.84],[1721520000,3518.61,3547.21,3413.61,3536.06],[1721433600,3505.7,3540.62,3482.01,3518.61],[1721347200,3425.71,3541.45,3376.49,3505.7],[1721260800,3387.31,3489.65,3368.21,3425.71],[1721174400,3446.25,3517.78,3377.38,3387.31],[1721088000,3485.49,3499.11,3348.35,3446.25],[1721001600,3246.12,3495.59,3234.74,3485.49],[1720915200,3176.72,3268.45,3164.62,3246.12],[1720828800,3134.78,3202.62,3114.35,3176.72],[1720742400,3099.42,3158.07,3047.57,3134.78],[1720656000,3100.57,3215.09,3054.85,3099.42],[1720569600,3066.45,3150.39,3024.64,3100.57],[1720483200,3018.45,3112.67,3003.89,3066.45],[1720396800,2930.82,3093.18,2824.04,3018.45],[1720310400,3067.35,3073.75,2922.33,2930.82],[1720224000,2981.85,3081.1,2955.87,3067.35],[1720137600,3058.7,3107.97,2820.35,2981.85],[1720051200,3292.05,3309.7,3050.36,3058.7],[1719964800,3416.24,3426.91,3249.98,3292.05],[1719878400,3438.62,3460.05,3397.62,3416.24],[1719792000,3432.44,3518.42,3422.19,3438.62],[1719705600,3373.31,3454.11,3350.01,3432.44],[1719619200,3373.74,3402.92,3366.83,3373.31],[1719532800,3445.56,3483.91,3362.31,3373.74],[1719446400,3368.98,3473.55,3360.07,3445.56],[1719360000,3393.26,3424.34,3324.61,3368.98],[1719273600,3350.92,3427.09,3335.28,3393.26],[1719187200,3418.54,3433.31,3241.05,3350.92],[1719100800,3494.07,3519.75,3405.76,3418.54],[1719014400,3516.65,3519.24,3473.87,3494.07],[1718928000,3512.1,3545.24,3445.77,3516.65],[1718841600,3559.08,3624.24,3484.84,3512.1],[1718755200,3482.71,3586.47,3464.95,3559.08],[1718668800,3509.05,3514.27,3353.88,3482.71],[1718582400,3621.7,3635.65,3463.8,3509.05],[1718496000,3566.65,3650.94,3538.98,3621.7],[1718409600,3479.73,3591.5,3471.23,3566.65],[1718323200,3469.06,3531.04,3360.85,3479.73],[1718236800,3559.93,3561.58,3428.21,3469.06],[1718150400,3496.14,3654.64,3461.17,3559.93],[1718064000,3666.82,3671.69,3430.43,3496.14],[1717977600,3706.08,3712.62,3644.15,3666.82],[1717891200,3680.26,3721.19,3665.58,3706.08],[1717804800,3676.09,3707.18,3660.55,3680.26],[1717718400,3812.1,3840.02,3585.93,3676.09],[1717632000,3864.91,3877.51,3760.41,3812.1],[1717545600,3809.85,3886.37,3777.32,3864.91],[1717459200,3766.57,3831.2,3731.32,3809.85],[1717372800,3778.79,3849.45,3758.51,3766.57],[1717286400,3812.5,3835.02,3750.59,3778.79],[1717200000,3760.27,3829.96,3750.62,3812.5],[1717113600,3746.06,3843.82,3722.47,3760.28],[1717027200,3764.42,3823.21,3700.41,3746.36],[1716940800,3840.71,3883.73,3741.69,3764.42],[1716854400,3891.81,3928.61,3770.13,3840.71],[1716768000,3825.26,3974.53,3822.18,3891.81],[1716681600,3749.23,3881,3731.24,3825.26],[1716595200,3726.44,3777.3,3707.32,3749.23],[1716508800,3782.52,3827.82,3628.55,3726.44],[1716422400,3737.36,3946.84,3533.36,3782.52],[1716336000,3789.26,3812.89,3653.19,3737.36],[1716249600,3661.79,3839.36,3625.74,3789.26],[1716163200,3071.54,3692.61,3048.58,3661.79],[1716076800,3124.05,3137.76,3053.87,3071.54],[1715990400,3092.78,3147.33,3084.76,3124.05],[1715904000,2945.56,3120.2,2933.91,3092.78],[1715817600,3032.87,3041.04,2924.04,2945.55],[1715731200,2880.39,3041.2,2862.26,3032.87],[1715644800,2949.78,2959.58,2860.08,2880.39],[1715558400,2927.99,2994.75,2863.75,2949.78],[1715472000,2911.48,2953.77,2900.74,2927.99],[1715385600,2909.99,2944.43,2886.92,2911.48],[1715299200,3035.51,3052.69,2879.6,2909.99],[1715212800,2973.81,3058.05,2950.2,3035.51],[1715126400,3005.75,3038.14,2936.99,2973.81],[1715040000,3062.9,3130.16,3000.71,3005.75],[1714953600,3136.97,3221.78,3046.65,3062.91],[1714867200,3117.79,3172.08,3073.91,3136.97],[1714780800,3103.27,3167.6,3093.49,3117.79],[1714694400,2985.9,3126.79,2958.42,3103.27],[1714608000,2968.99,3016.02,2890.87,2985.9],[1714521600,3010.33,3019.66,2813.74,2968.99],[1714435200,3216.21,3250.27,2916.94,3010.33],[1714348800,3262.2,3285.39,3115.3,3216.22],[1714262400,3254.75,3355.35,3249.66,3262.2],[1714176000,3131.29,3283.18,3069.67,3254.75],[1714089600,3155.27,3167.67,3102.49,3131.28],[1714003200,3140.74,3191.01,3072.6,3155.27],[1713916800,3221.2,3292.85,3105.45,3140.74],[1713830400,3201.04,3264.83,3154.14,3221.2],[1713744000,3149.13,3236.01,3130.73,3201.15],[1713657600,3157.15,3198.51,3118.37,3149.13],[1713571200,3057.42,3171.05,3019.71,3157.15],[1713484800,3064.57,3129.18,2866.1,3057.42],[1713398400,2985.78,3094.29,2953.41,3064.57],[1713312000,3085.43,3123.91,2916.61,2985.78],[1713225600,3105.04,3127.98,2990.31,3085.43],[1713139200,3156.19,3280.76,3026.13,3105.04],[1713052800,3011.16,3175.39,2912.36,3156.19],[1712966400,3236.45,3303.21,2856.47,3011.16],[1712880000,3502.51,3552.05,3101.99,3236.45],[1712793600,3545.79,3618.16,3474.05,3502.51],[1712707200,3506.19,3563.09,3414.74,3545.79],[1712620800,3694.26,3725.29,3454.44,3506.19],[1712534400,3454.63,3729.14,3407.83,3694.26],[1712448000,3352.79,3459.95,3345.33,3454.63],[1712361600,3318.13,3399.17,3307.75,3352.79],[1712275200,3328.52,3346.52,3211.76,3318.12],[1712188800,3312.43,3442.99,3252.76,3328.52],[1712102400,3279.1,3368.89,3203.33,3312.43],[1712016000,3504.56,3506.13,3212.56,3279.1],[1711929600,3645.65,3646.32,3414.93,3504.56],[1711843200,3508.03,3655.68,3507.47,3645.65],[1711756800,3510.71,3566.15,3487.57,3508.16],[1711670400,3561.1,3584.94,3473.06,3510.71],[1711584000,3499.78,3609.67,3463.05,3561.1],[1711497600,3587.56,3665.68,3458.19,3499.78],[1711411200,3591.4,3679.73,3543.74,3587.56],[1711324800,3454.8,3658.98,3419.85,3591.4],[1711238400,3330.02,3471.03,3300.01,3454.8],[1711152000,3336.77,3435.23,3271.37,3330.02],[1711065600,3492.6,3542.26,3252.57,3336.77],[1710979200,3516.76,3586.64,3411.94,3492.6],[1710892800,3158.02,3535.25,3059.05,3516.76],[1710806400,3519.85,3545.98,3150.26,3157.81],[1710720000,3644.02,3644.54,3454.52,3519.85],[1710633600,3521.75,3678.2,3412.76,3644.02],[1710547200,3742.16,3781.33,3468.51,3521.75],[1710460800,3879.73,3930.26,3566.59,3742.16],[1710374400,4008.56,4014.38,3720.94,3879.73],[1710288000,3980.84,4083.44,3932.96,4008.56],[1710201600,4067.85,4093.48,3830.66,3980.84],[1710115200,3884.15,4089.86,3739.83,4067.85],[1710028800,3912.17,3972.08,3800.17,3884.15],[1709942400,3893.34,3948.7,3877.13,3912.17],[1709856000,3873.91,3998.81,3829.07,3893.34],[1709769600,3823.12,3938.17,3736.26,3873.91],[1709683200,3557.18,3902.95,3502.19,3823.12],[1709596800,3633.23,3827.93,3206.8,3557.18],[1709510400,3489.63,3645.61,3437.51,3632.96],[1709424000,3423.88,3493.47,3363.65,3489.63],[1709337600,3436.98,3463.29,3398.77,3423.88],[1709251200,3341.66,3454.13,3340.22,3436.98],[1709164800,3385.08,3523.22,3301.26,3341.66],[1709078400,3243.74,3489.85,3186.69,3385.08],[1708992000,3177.01,3288.9,3166.63,3243.74],[1708905600,3112.57,3196.73,3036.9,3177.01],[1708819200,2992.28,3120.55,2983.45,3112.57],[1708732800,2921.8,3005.61,2906.16,2992.28],[1708646400,2970.38,2992.59,2905.65,2921.8],[1708560000,2968.1,3035.05,2906.28,2970.38],[1708473600,3015.48,3017.74,2869.59,2968.3],[1708387200,2944.93,3033.6,2876,3015.48],[1708300800,2881.91,2984.6,2858.18,2944.93],[1708214400,2786.77,2895.75,2766.01,2881.91],[1708128000,2803.12,2805.47,2720.47,2786.77],[1708041600,2823.49,2858.23,2750.4,2803.12],[1707955200,2776.75,2869.05,2762.05,2823.49],[1707868800,2641.06,2787.9,2619.1,2776.75],[1707782400,2661.21,2687.45,2592.87,2641.06],[1707696000,2507.92,2666.85,2473,2661.21],[1707609600,2501.36,2540.67,2494.41,2507.91],[1707523200,2487.05,2517.58,2472.71,2501.36],[1707436800,2419.61,2523.71,2419.1,2487.05],[1707350400,2423.71,2461.39,2410.75,2419.61],[1707264000,2371.46,2443.08,2352.34,2423.71],[1707177600,2298.96,2390.49,2296.08,2371.46],[1707091200,2289.11,2337.68,2268.5,2298.96],[1707004800,2295.95,2310.19,2267.55,2289.11],[1706918400,2308.07,2328.81,2292.11,2295.95],[1706832000,2303.78,2324.18,2281.7,2308.07],[1706745600,2282.01,2310.66,2240.12,2303.78],[1706659200,2342.94,2351.53,2263.53,2282.01],[1706572800,2317.56,2391.62,2297.15,2342.94],[1706486400,2256.83,2322.25,2234.27,2317.56],[1706400000,2268.07,2308,2239.96,2256.83],[1706313600,2267.45,2282.69,2251.2,2268.07],[1706227200,2217.69,2281.4,2195.03,2267.44],[1706140800,2234.09,2241.7,2170.6,2217.69],[1706054400,2241.04,2262.57,2194.98,2234.09],[1705968000,2311.9,2349.31,2165.92,2241.04],[1705881600,2455.72,2464.69,2301.31,2311.9],[1705795200,2470.35,2480.46,2452.15,2455.72],[1705708800,2489.88,2489.88,2452.17,2470.35],[1705622400,2469.07,2502.24,2413.47,2489.88],[1705536000,2529.68,2547.14,2424.14,2469.07],[1705449600,2586.08,2592.45,2506.25,2529.68],[1705363200,2510.51,2613.02,2498.55,2586.08],[1705276800,2472.72,2552.35,2470.78,2510.51],[1705190400,2578.12,2578.62,2469.87,2472.72],[1705104000,2521,2589.73,2497.45,2578.12],[1705017600,2618.88,2717.19,2457.98,2521],[1704931200,2585.3,2690.04,2567.32,2618.88],[1704844800,2345.25,2642.17,2341.05,2585.2],[1704758400,2332.35,2372.67,2228.68,2345.26],[1704672000,2222.59,2359.61,2167.73,2332.35],[1704585600,2242.14,2258.62,2206.61,2222.59],[1704499200,2270.09,2271.57,2217.92,2242.14],[1704412800,2269.16,2278.73,2207.83,2270.09],[1704326400,2212,2296.26,2204.39,2269.16],[1704240000,2356.33,2385.86,2103.12,2212],[1704153600,2352.41,2432.31,2346.1,2356.33],[1704067200,2282.24,2352.41,2265.36,2352.41],[1703980800,2292.04,2321.58,2260.3,2282.24],[1703894400,2300.6,2323.08,2268.39,2292.06],[1703808000,2346.56,2386.84,2258.01,2300.6],[1703721600,2379.06,2448.12,2338.18,2346.56],[1703635200,2231.52,2392.74,2212.23,2379.06],[1703548800,2272.76,2276.23,2180.68,2231.52],[1703462400,2265.09,2306.13,2254.15,2272.79],[1703376000,2310.65,2328.36,2246.03,2265.09],[1703289600,2325.93,2331.11,2267.76,2310.65],[1703203200,2239.72,2343.18,2230.87,2325.93],[1703116800,2201.84,2279.28,2182.95,2239.72],[1703030400,2177.53,2265.5,2157.3,2201.84],[1702944000,2218.31,2254.46,2135.6,2177.53],[1702857600,2193.69,2222.65,2117.29,2218.31],[1702771200,2228.13,2245.28,2190,2193.69],[1702684800,2220.55,2263.21,2210.51,2228.03],[1702598400,2315.98,2318.34,2202.36,2220.55],[1702512000,2260.26,2332.48,2231.44,2315.99],[1702425600,2202.24,2283.97,2145.25,2260.26],[1702339200,2223.65,2242,2165.44,2202.24],[1702252800,2352.58,2355.16,2139.02,2223.65],[1702166400,2341.3,2377.81,2322.65,2352.58],[1702080000,2358.99,2403.49,2329.72,2341.3],[1701993600,2356.36,2391.79,2339.76,2359.2],[1701907200,2233.23,2383.24,2222.55,2356.36],[1701820800,2293.97,2311.93,2220.52,2233.24],[1701734400,2243.29,2309.62,2188.84,2293.97],[1701648000,2193.72,2274.6,2191.98,2243.29],[1701561600,2165.79,2217.18,2150.47,2193.72],[1701475200,2087.96,2186.05,2086.98,2165.79],[1701388800,2052.77,2111.08,2045.92,2087.96],[1701302400,2028.99,2055.38,2021.03,2052.77],[1701216000,2049.54,2075.9,2020.69,2028.99],[1701129600,2027.46,2075.02,1995.27,2049.54],[1701043200,2062.99,2071.9,1986.4,2027.46],[1700956800,2084.21,2095.16,2037.67,2062.99],[1700870400,2082.19,2091.68,2066.71,2084.21],[1700784000,2062.55,2133.32,2059.71,2082.19],[1700697600,2064.05,2089.32,2041,2062.55],[1700611200,1933.72,2092.42,1930.32,2064.05],[1700524800,2022.98,2036.14,1932.9,1933.72],[1700438400,2012.69,2067.53,1995.24,2022.98],[1700352000,1963.79,2016.38,1944.7,2012.69],[1700265600,1961.45,1971.86,1918.38,1963.8],[1700179200,1961.96,1991.55,1906.92,1961.45],[1700092800,2059.97,2091.91,1940.25,1961.96],[1700006400,1979.51,2062.56,1967.33,2059.96],[1699920000,2054.18,2065.27,1935.88,1979.51],[1699833600,2045.53,2118.68,2029.33,2054.18],[1699747200,2053.78,2066.9,2014.06,2045.53],[1699660800,2078.59,2090.6,2031.58,2053.78],[1699574400,2121.52,2136.59,2065.71,2078.59],[1699488000,1888.86,2131.91,1883.08,2121.52],[1699401600,1886.54,1905.14,1873.93,1888.86],[1699315200,1901.31,1907.37,1850.83,1886.54],[1699228800,1893.85,1915.65,1871.37,1901.31],[1699142400,1857.18,1914.24,1847.97,1893.85],[1699056000,1833.64,1871.26,1825.11,1857.18],[1698969600,1801.01,1835.43,1777.52,1833.64],[1698883200,1847.79,1875.05,1785.81,1801.01],[1698796800,1815.38,1858.12,1784.16,1847.79],[1698710400,1809.75,1820.13,1782.16,1815.38],[1698624000,1795.98,1830.46,1778.61,1809.75],[1698537600,1776.52,1812.12,1763.18,1795.95],[1698451200,1779.79,1803.36,1771.64,1776.52],[1698364800,1803.54,1804.06,1746.51,1779.79],[1698278400,1787.73,1865.98,1763.77,1803.54],[1698192000,1784.83,1817.54,1760.44,1787.73],[1698105600,1766.27,1855.36,1757.18,1784.83],[1698019200,1664.19,1799.92,1657.84,1766.27],[1697932800,1629.53,1668.27,1622.24,1664.19],[1697846400,1604.63,1644.65,1593.15,1629.53],[1697760000,1567.41,1630.97,1561.95,1604.63],[1697673600,1563.79,1574.74,1542.39,1567.41],[1697587200,1565.53,1586,1556.45,1563.79],[1697500800,1600.11,1601.28,1553.12,1565.53],[1697414400,1558,1640.38,1555.25,1600.11],[1697328000,1554.95,1566.46,1549.72,1558],[1697241600,1552.03,1561.23,1544.79,1554.96],[1697155200,1539.24,1574.13,1537.35,1552.03],[1697068800,1566.62,1568.32,1521.73,1539.24],[1696982400,1567.8,1578.6,1545.7,1566.63],[1696896000,1580.29,1595.14,1551.98,1567.79],[1696809600,1633.75,1636.45,1548.45,1580.29],[1696723200,1634.58,1642.27,1617.22,1633.76],[1696636800,1645.81,1648.43,1630.9,1634.58],[1696550400,1612.03,1662.29,1612.03,1645.81],[1696464000,1646.73,1655.17,1607.76,1612.03],[1696377600,1657.02,1657.84,1625.39,1646.73],[1696291200,1662.78,1670.78,1643.98,1657.02],[1696204800,1734.08,1743.86,1637.94,1662.78],[1696118400,1671.17,1753.01,1668.63,1734.09],[1696032000,1667.44,1694.27,1666.17,1671.17],[1695945600,1653.07,1688.13,1648.51,1667.43],[1695859200,1597.65,1667.46,1597.17,1653.07],[1695772800,1593.43,1633.5,1583.05,1597.65],[1695686400,1588.32,1599.28,1580.34,1593.43],[1695600000,1580.77,1597.47,1563.55,1588.32],[1695513600,1594.06,1601.36,1570.24,1580.77],[1695427200,1593.35,1598.37,1587.98,1594.06],[1695340800,1583.98,1602.62,1576.93,1593.35],[1695254400,1622.37,1625.38,1568.39,1583.98],[1695168000,1643.45,1649.68,1605.87,1622.37],[1695081600,1636.99,1661.29,1626.94,1643.45],[1694995200,1622.97,1669.62,1605.6,1636.99],[1694908800,1634.82,1635.53,1612.38,1622.97],[1694822400,1641.39,1652.35,1631.82,1634.82],[1694736000,1626.94,1653.59,1611.88,1641.39],[1694649600,1608.14,1644.68,1607.57,1626.94],[1694563200,1592.95,1618.82,1581.87,1608.14],[1694476800,1551.37,1624.46,1549.21,1592.95],[1694390400,1616.83,1618.4,1531.36,1551.37],[1694304000,1635.23,1635.62,1599.01,1616.83],[1694217600,1636.68,1637.65,1630.15,1635.23],[1694131200,1647.44,1658.21,1615.9,1636.68],[1694044800,1632.39,1658.86,1622.91,1647.44],[1693958400,1633.61,1669.11,1608.87,1632.39],[1693872000,1630.02,1647.22,1609.52,1633.61],[1693785600,1635.69,1644.61,1616.25,1630.02],[1693699200,1637,1647.2,1625.21,1635.69],[1693612800,1628.59,1644.51,1627.51,1637],[1693526400,1645.61,1654.14,1602.34,1628.59],[1693440000,1705.23,1725.48,1630.09,1645.61],[1693353600,1729.63,1731.14,1696.19,1705.23],[1693267200,1652.52,1744.81,1639.44,1729.63],[1693180800,1657.67,1663.06,1623.18,1652.52],[1693094400,1646.26,1659.41,1645.52,1657.66],[1693008000,1653.03,1654.81,1643.26,1646.26],[1692921600,1660.51,1675.73,1634.9,1653.03],[1692835200,1679.17,1682.93,1635.92,1660.51],[1692748800,1634.52,1700.78,1628.96,1679.17],[1692662400,1667.36,1669.18,1581.83,1634.54],[1692576000,1685.29,1688.23,1649.42,1667.36],[1692489600,1669.64,1694.42,1662.08,1685.29],[1692403200,1661.19,1695.94,1653.84,1669.64],[1692316800,1681.2,1699,1641.63,1661.19],[1692230400,1805.82,1808.05,1545.67,1681.2],[1692144000,1826.68,1829,1796.19,1805.82],[1692057600,1842.78,1844.8,1811.37,1826.68],[1691971200,1839.75,1853.61,1834.02,1842.78],[1691884800,1849.6,1860.93,1833.53,1839.75],[1691798400,1846.92,1852.04,1845.23,1849.6],[1691712000,1850.25,1854.95,1836.68,1846.92],[1691625600,1853.94,1864.31,1844.52,1850.25],[1691539200,1855.74,1871.13,1845.74,1853.94],[1691452800,1827.01,1875.57,1824.24,1855.74],[1691366400,1827.84,1844.53,1800.55,1827.01],[1691280000,1834.54,1836.59,1823.89,1827.85],[1691193600,1828.04,1836.82,1825.33,1834.54],[1691107200,1834.34,1849.67,1813.63,1828.04],[1691020800,1839.13,1858.28,1825.24,1834.34],[1690934400,1872.75,1878.88,1820.65,1839.13],[1690848000,1855.96,1874.79,1814.22,1872.75],[1690761600,1861.78,1877.33,1850.67,1856],[1690675200,1880.7,1885.5,1849.3,1861.78],[1690588800,1874.01,1886.68,1869.6,1880.7],[1690502400,1860.83,1882.47,1856.18,1874.01],[1690416000,1871.93,1886.03,1854.39,1860.83],[1690329600,1857.66,1887.74,1848.66,1871.93],[1690243200,1849.63,1868.21,1845.26,1857.66],[1690156800,1888.66,1890.8,1833.87,1849.6],[1690070400,1866.65,1905.07,1858.35,1888.66],[1689984000,1891.8,1897.32,1852.57,1866.65],[1689897600,1891.38,1905.33,1884.46,1891.83],[1689811200,1919.11,1923.04,1878.15,1891.38],[1689724800,1897.21,1922.04,1882.17,1888.63],[1689638400,1911.21,1917.19,1875.73,1897.21],[1689552000,1922.12,1936.18,1873.26,1911.2],[1689465600,1931.41,1943.55,1914,1922.11],[1689379200,1937.82,1946.37,1926.23,1931.41],[1689292800,2004.49,2029.11,1898.39,1937.83],[1689206400,1871.82,2012.63,1862.59,2004.49],[1689120000,1878.31,1902,1864.37,1871.82],[1689033600,1880.41,1891.99,1862.38,1878.3],[1688947200,1862.81,1905.5,1846.63,1880.4],[1688860800,1865.24,1879.36,1856.15,1862.8],[1688774400,1870.92,1876,1842.8,1865.24],[1688688000,1846.17,1878,1826,1870.91],[1688601600,1910.35,1958,1846,1846.17],[1688515200,1936.19,1942.5,1894.51,1910.36],[1688428800,1955.55,1967.08,1931.58,1936.2],[1688342400,1937.49,1976.16,1933.55,1955.54],[1688256000,1924.5,1959.2,1885.75,1937.48],[1688169600,1933.8,1944.56,1909.44,1924.5],[1688083200,1851.99,1948.6,1825.01,1933.79],[1687996800,1828.03,1880,1827.84,1851.99],[1687910400,1889.58,1890.19,1816.56,1828.02],[1687824000,1858.97,1912.53,1855.19,1889.58],[1687737600,1898.8,1909.1,1837.18,1858.97],[1687651200,1874.95,1930,1868.83,1898.8],[1687564800,1892.63,1906,1864.77,1874.96],[1687478400,1872,1936.42,1861.01,1892.63],[1687392000,1889.1,1933.17,1865.98,1872.01],[1687305600,1791.99,1901,1787.38,1889.11],[1687219200,1737.1,1796.99,1714.72,1791.99],[1687132800,1720.95,1752.19,1698,1737.11],[1687046400,1727.75,1747.84,1712,1720.95],[1686960000,1717.91,1770,1714.26,1727.76],[1686873600,1666.96,1729.5,1649.86,1717.92],[1686787200,1650.95,1680.91,1626.01,1666.96],[1686700800,1740.12,1750.03,1630.43,1650.95],[1686614400,1742.57,1770.13,1724.22,1740.12],[1686528000,1752.77,1759.33,1720,1742.57],[1686441600,1751.52,1778.25,1738.72,1752.76],[1686355200,1840.37,1844.99,1715.03,1751.53],[1686268800,1845.65,1855,1827,1840.37],[1686182400,1832.12,1861.28,1828.31,1845.64],[1686096000,1884.65,1897.8,1821.18,1832.13],[1686009600,1810.49,1898.29,1797.18,1884.64],[1685923200,1890,1890.63,1778,1810.5],[1685836800,1892.05,1914.63,1884.22,1890.01],[1685750400,1906.69,1907.92,1881.6,1892.06],[1685664000,1861.78,1910,1847.51,1906.68],[1685577600,1873.63,1889.2,1840,1861.78],[1685491200,1900.58,1907.13,1846.95,1873.63],[1685404800,1892.6,1917,1881.19,1900.59],[1685318400,1908.64,1927.62,1873.65,1892.6],[1685232000,1829.89,1918.65,1823.6,1908.64],[1685145600,1827.8,1836.12,1812.18,1829.89],[1685059200,1805.61,1838.2,1796.99,1827.79],[1684972800,1799.89,1818.81,1761.41,1805.6],[1684886400,1854.06,1854.09,1777.6,1799.89],[1684800000,1817.36,1872.5,1815.24,1854.05],[1684713600,1804.91,1828.27,1792.01,1817.35],[1684627200,1819.42,1828.98,1797.21,1804.91],[1684540800,1812.31,1828.87,1807.06,1819.42],[1684454400,1800.56,1829.54,1796.81,1812.32],[1684368000,1822.12,1831.92,1771.12,1800.56],[1684281600,1824.21,1837.5,1783.68,1822.12],[1684195200,1816.21,1832.64,1796.2,1824.21],[1684108800,1799.2,1846.7,1785.05,1816.2],[1684022400,1795.12,1824,1789.82,1799.21],[1683936000,1807.45,1817.03,1785.23,1795.11],[1683849600,1794.31,1818.63,1740,1807.45],[1683763200,1840.83,1842.02,1772.68,1794.3],[1683676800,1846.53,1887.47,1790.51,1840.84],[1683590400,1847.55,1861.88,1830.99,1846.52],[1683504000,1870.41,1883.97,1810.73,1847.56],[1683417600,1896.33,1933.33,1867.59,1870.4],[1683331200,1993.3,2019,1860,1896.33],[1683244800,1877.07,1998.36,1875.65,1993.3],[1683158400,1905.12,1918.26,1866.71,1877.07],[1683072000,1870.09,1916.52,1842.64,1905.12],[1682985600,1830.73,1881.87,1822.94,1870.08],[1682899200,1870.08,1886.49,1806.12,1830.73],[1682812800,1907.79,1939,1866.16,1870.09],[1682726400,1890.93,1918,1883.05,1907.8],[1682640000,1908.68,1923.88,1873.94,1890.94],[1682553600,1866.01,1940.96,1861.19,1908.68],[1682467200,1866.1,1964.72,1785,1866.01],[1682380800,1841.84,1877.86,1801.66,1866.1],[1682294400,1862.01,1890,1806,1841.84],[1682208000,1874.17,1882.01,1836.37,1862],[1682121600,1848.77,1887.31,1841.64,1874.16],[1682035200,1942.98,1957.27,1825,1848.78],[1681948800,1933.74,1982.99,1914.43,1942.98],[1681862400,2103.51,2104.6,1923.03,1933.73],[1681776000,2073.99,2125,2051,2103.5],[1681689600,2118.66,2120.51,2056.25,2074],[1681603200,2090.61,2141.54,2072.72,2118.67],[1681516800,2099.99,2111.85,2071.13,2090.6],[1681430400,2012,2128.76,2009.22,2099.99],[1681344000,1917.4,2023,1899.55,2012.01],[1681257600,1889.86,1933,1852.65,1917.39],[1681171200,1910.21,1937.37,1881.11,1889.86],[1681084800,1858.91,1918.79,1846.4,1910.2],[1680998400,1848.82,1873.99,1824.01,1858.92],[1680912000,1863.73,1879.38,1847,1848.82],[1680825600,1872.41,1882.61,1841.46,1863.72],[1680739200,1908.68,1909.91,1853.7,1872.41],[1680652800,1870.38,1942.98,1864.58,1908.69],[1680566400,1810.51,1891.91,1802.01,1870.37],[1680480000,1794.51,1839.99,1762.77,1810.51],[1680393600,1820.8,1824.81,1771.7,1794.51],[1680307200,1821.52,1842.83,1807.81,1820.79],[1680220800,1793.6,1847.28,1777.91,1821.52],[1680134400,1793.06,1829.69,1763,1793.61],[1680048000,1773,1827.99,1772.48,1793.07],[1679961600,1715.21,1795.73,1701.13,1772.99],[1679875200,1773.88,1780.48,1686.13,1715.22],[1679788800,1741.88,1801,1739.31,1773.88],[1679702400,1749.57,1763.23,1713.09,1741.88],[1679616000,1813.78,1818.99,1726.4,1749.57],[1679529600,1734.34,1857.16,1729.35,1813.79],[1679443200,1801.23,1819.98,1710.12,1734.33],[1679356800,1732.77,1835,1717.01,1801.23],[1679270400,1780.67,1803.05,1722,1732.78],[1679184000,1758.84,1841.36,1757.92,1780.68],[1679097600,1789.26,1841,1747.47,1758.84],[1679011200,1673.73,1800,1662.65,1789.27],[1678924800,1649.95,1691.42,1632.18,1673.73],[1678838400,1699.41,1716.9,1611,1649.96],[1678752000,1673.44,1780.02,1655.24,1699.4],[1678665600,1580.33,1693.49,1565,1673.45],[1678579200,1471.93,1594.19,1448.3,1580.33],[1678492800,1426.43,1478.07,1408.4,1471.97],[1678406400,1437.32,1439.43,1368.39,1426.44],[1678320000,1532.38,1546.45,1408,1437.32],[1678233600,1561.95,1570.89,1523.61,1532.38],[1678147200,1565.84,1584.49,1536.14,1561.96],[1678060800,1564.57,1583.49,1554.44,1565.84],[1677974400,1566.74,1588.77,1553.05,1564.58],[1677888000,1569.45,1577.53,1549.12,1566.73],[1677801600,1647.86,1649.25,1544.39,1569.45],[1677715200,1665.23,1677.86,1619.18,1647.86],[1677628800,1605.24,1669.72,1595,1665.22],[1677542400,1633.45,1647.52,1596.66,1605.23],[1677456000,1641.37,1665.22,1608,1633.45],[1677369600,1594.58,1651.26,1587.76,1641.36],[1677283200,1607.8,1608.98,1557.33,1594.58],[1677196800,1650.52,1664.66,1575.64,1607.8],[1677110400,1643.15,1679,1628.75,1650.53],[1677024000,1659.77,1666.95,1595.07,1643.14],[1676937600,1703.27,1716.66,1636.3,1659.76],[1676851200,1679.74,1719.89,1650.56,1703.27],[1676764800,1691.62,1726.59,1666.14,1679.75],[1676678400,1693.81,1713.13,1679.77,1691.62],[1676592000,1637.83,1722,1630.51,1693.87],[1676505600,1674.92,1742.97,1633.72,1637.84],[1676419200,1555.7,1680,1542.55,1674.92],[1676332800,1505.25,1569,1482.66,1555.71],[1676246400,1514.82,1526.1,1461.93,1505.24],[1676160000,1538.5,1548.02,1493.08,1514.83],[1676073600,1513.05,1543,1505,1538.51],[1675987200,1545.35,1555.01,1490,1513.06],[1675900800,1650.42,1656.17,1524.4,1545.35],[1675814400,1671.03,1697.91,1630.47,1650.43],[1675728000,1614.28,1678.37,1613.14,1671.03],[1675641600,1629.01,1658.56,1605.01,1614.29],[1675555200,1666.39,1673.81,1609.3,1629.02],[1675468800,1663.52,1695.29,1645.43,1666.38],[1675382400,1643.12,1676,1625.93,1663.52],[1675296000,1641.67,1714.68,1626.85,1643.12],[1675209600,1585.32,1647.77,1555.18,1641.68],[1675123200,1566.21,1605.18,1561.63,1585.33],[1675036800,1644.73,1647.53,1535,1566.2],[1674950400,1572.1,1660,1566.33,1644.72],[1674864000,1597.61,1606.83,1555.99,1572.1],[1674777600,1601.08,1621,1552.54,1597.62],[1674691200,1611.95,1632.84,1577.43,1601.09],[1674604800,1555.97,1641,1518,1611.94],[1674518400,1626.28,1641.46,1535,1555.97],[1674432000,1627.43,1648.09,1585.29,1626.29],[1674345600,1626.65,1663.89,1604,1627.44],[1674259200,1658.53,1679.26,1616.21,1626.66],[1674172800,1551.09,1669.9,1542.02,1658.52],[1674086400,1511.44,1564.43,1509.15,1551.09],[1674000000,1565.56,1610,1501.39,1511.43],[1673913600,1576.94,1609,1541.15,1565.57],[1673827200,1552.52,1604.5,1521.31,1576.94],[1673740800,1549.91,1566.66,1516.03,1552.52],[1673654400,1451.21,1599.98,1449.14,1549.9],[1673568000,1415.91,1464,1401.03,1451.2],[1673481600,1389.4,1438,1361.92,1415.92],[1673395200,1335.63,1398,1321.04,1389.39],[1673308800,1320.4,1347.69,1316.8,1335.62],[1673222400,1290.15,1344.91,1285.44,1320.39],[1673136000,1264.06,1296,1257.77,1290.16],[1673049600,1269.13,1271.09,1261.3,1264.07],[1672963200,1251.25,1276.7,1236,1269.14],[1672876800,1256.91,1259.95,1242.81,1251.24],[1672790400,1214.56,1272.6,1212.71,1256.9],[1672704000,1213.99,1219.89,1204.93,1214.55],[1672617600,1200.33,1224.29,1193,1214],[1672531200,1196.13,1204.67,1190.57,1200.34],[1672444800,1199.98,1208.46,1191.66,1196.13],[1672358400,1200.48,1202.15,1181.08,1199.99],[1672272000,1190.15,1206.57,1186.77,1200.49],[1672185600,1211.55,1215.78,1181.06,1190.15],[1672099200,1228.12,1233.73,1200.58,1211.55],[1672012800,1218.52,1231.09,1211.67,1228.11],[1671926400,1220.42,1225,1193.18,1218.51],[1671840000,1219.98,1227.99,1214.69,1220.41],[1671753600,1217.72,1231.99,1210,1219.99],[1671667200,1213.78,1237.99,1182.54,1217.71],[1671580800,1216.95,1223.39,1203.02,1213.78],[1671494400,1167.82,1230.47,1163.12,1216.94],[1671408000,1183.06,1195,1150.51,1167.82],[1671321600,1187.16,1199.54,1170.32,1183.06],[1671235200,1166.82,1190.03,1161.92,1187.16],[1671148800,1266.53,1280.06,1155.32,1166.83],[1671062400,1307.45,1311.14,1259.27,1266.54],[1670976000,1320.69,1352.72,1301,1307.44],[1670889600,1275.41,1349,1255.1,1320.69],[1670803200,1263,1278.9,1240.03,1275.4],[1670716800,1266.35,1284.75,1255.85,1263.01],[1670630400,1263.11,1283.61,1259.6,1266.35],[1670544000,1280.18,1296.64,1250,1263.1],[1670457600,1231.18,1292.58,1222.01,1280.18],[1670371200,1271.31,1278.69,1218.01,1231.18],[1670284800,1259.41,1274.76,1241.56,1271.32],[1670198400,1279.4,1305.11,1246.61,1259.41],[1670112000,1240.5,1287.19,1240.1,1279.41],[1670025600,1295.58,1309,1236.26,1240.51],[1669939200,1276.4,1297.18,1265.24,1295.59],[1669852800,1294.46,1299.9,1262.77,1276.41],[1669766400,1216.49,1309.77,1212.5,1294.46],[1669680000,1167.77,1228.37,1158.27,1216.49],[1669593600,1193.88,1199.25,1151.02,1167.77],[1669507200,1205.61,1223.33,1188.65,1193.88],[1669420800,1199.29,1235.66,1196.2,1205.6],[1669334400,1203.72,1207.77,1171.2,1199.3],[1669248000,1184.52,1217.71,1180.6,1203.73],[1669161600,1139.59,1190,1127.75,1184.52],[1669075200,1107.34,1146.13,1075,1139.6],[1668988800,1142.21,1146.99,1079.76,1107.34],[1668902400,1217.67,1227.07,1132.65,1142.21],[1668816000,1212.58,1235,1197.67,1217.67],[1668729600,1200.42,1234,1199.18,1212.58],[1668643200,1216.16,1228.22,1181.05,1200.43],[1668556800,1253.22,1268.67,1187.06,1216.17],[1668470400,1243.29,1291,1234.01,1253.23],[1668384000,1221.5,1291.2,1171.13,1243.28],[1668297600,1257.25,1274.23,1200.66,1221.49],[1668211200,1289.35,1292.16,1238.7,1257.25],[1668124800,1299.28,1310,1201.26,1289.28],[1668038400,1102.73,1350,1085.93,1299.28],[1667952000,1334.78,1337.16,1073.53,1102.73],[1667865600,1568.09,1579.98,1233,1334.77],[1667779200,1568.25,1608.04,1545.03,1568.1],[1667692800,1626.98,1639.02,1564.39,1568.29],[1667606400,1644.78,1666.97,1621.42,1626.98],[1667520000,1531.01,1680,1528.4,1644.78],[1667433600,1518.33,1559.01,1515.17,1531.01],[1667347200,1578.47,1621.68,1502.32,1518.34],[1667260800,1572.69,1612.92,1563.69,1578.48],[1667174400,1590.45,1635.8,1545.43,1572.69],[1667088000,1619.55,1640.06,1576.56,1590.44],[1667001600,1554.4,1663.06,1547.66,1619.55],[1666915200,1514.04,1574.9,1479.82,1554.41],[1666828800,1566.11,1578.58,1503.2,1514.05],[1666742400,1459.74,1594.99,1457.44,1566.1],[1666656000,1343.61,1525.16,1334.94,1459.74],[1666569600,1364.19,1370.6,1324.17,1343.61],[1666483200,1313.62,1371.55,1299.44,1364.2],[1666396800,1299.76,1320.2,1294.32,1313.61],[1666310400,1282.57,1306.97,1252.65,1299.75],[1666224000,1285.09,1310.87,1270.36,1282.57],[1666137600,1310.71,1313.5,1280.31,1285.09],[1666051200,1331.39,1341.73,1286.72,1310.71],[1665964800,1305.96,1338.57,1295.64,1331.4],[1665878400,1274.93,1315.35,1274.67,1305.95],[1665792000,1296.26,1301.69,1263.64,1274.92],[1665705600,1287.08,1343.12,1283.39,1296.27],[1665619200,1294.44,1301.58,1190,1287.08],[1665532800,1280.11,1306.87,1275.25,1294.44],[1665446400,1290.03,1298,1267.01,1280.11],[1665360000,1323.13,1338,1288,1290.03],[1665273600,1315.48,1329,1307.26,1323.13],[1665187200,1331.1,1337.35,1303.51,1315.48],[1665100800,1352.07,1361.75,1317.26,1331.1],[1665014400,1352.2,1383.99,1345.01,1352.06],[1664928000,1361.5,1364.77,1316.29,1352.2],[1664841600,1323.1,1369.55,1318.66,1361.49],[1664755200,1276.72,1329.9,1263.04,1323.09],[1664668800,1311.79,1317.93,1270,1276.72],[1664582400,1328.71,1333.69,1302.68,1311.79],[1664496000,1335.69,1373.19,1313.35,1328.72],[1664409600,1337.2,1352.02,1288.52,1335.7],[1664323200,1328.01,1355.7,1253.2,1337.2],[1664236800,1336.17,1400,1303.75,1328.02],[1664150400,1294.62,1340.42,1277.85,1336.17],[1664064000,1317.13,1337,1269.27,1294.63],[1663977600,1327.24,1349.33,1306.52,1317.13],[1663891200,1326.47,1360,1262.15,1327.25],[1663804800,1245.79,1350.08,1237.32,1326.46],[1663718400,1322.94,1408.9,1220,1245.78],[1663632000,1375.98,1384.78,1312.71,1322.93],[1663545600,1334.51,1393.35,1280,1375.98],[1663459200,1468.82,1469.63,1325.55,1334.51],[1663372800,1433.9,1476.13,1409.12,1468.83],[1663286400,1472.76,1483.35,1405.52,1433.9],[1663200000,1638.4,1655.2,1458,1472.75],[1663113600,1574.4,1647.01,1552.38,1638.39],[1663027200,1716.37,1760.51,1560.54,1574.4],[1662940800,1766.12,1783,1693,1716.37],[1662854400,1774.12,1789,1720.1,1766.11],[1662768000,1718.24,1789,1706.03,1774.12],[1662681600,1635.37,1746.13,1630.51,1718.23],[1662595200,1630,1663.56,1595.06,1635.37],[1662508800,1559.01,1657.5,1490.66,1630],[1662422400,1617.8,1687.4,1555,1559.01],[1662336000,1579.29,1631.99,1556.56,1617.8],[1662249600,1557.45,1583.66,1540.66,1579.28],[1662163200,1575.35,1582.71,1534.28,1557.46],[1662076800,1586.17,1650,1546.41,1575.35],[1661990400,1554.11,1599,1512.77,1586.16],[1661904000,1524.59,1619.78,1524.59,1554.1],[1661817600,1551.79,1606.13,1473.61,1524.59],[1661731200,1426.76,1559.99,1422.08,1551.8],[1661644800,1491.06,1511,1424,1426.76],[1661558400,1508.18,1518.42,1447.52,1491.06],[1661472000,1695.11,1706.45,1486.85,1508.18],[1661385600,1656.56,1722,1653.68,1695.11],[1661299200,1665.4,1694.13,1604.92,1656.56],[1661212800,1624.65,1676.07,1563.76,1665.41],[1661126400,1618.13,1629.72,1529.92,1624.66],[1661040000,1576.03,1646.52,1562.34,1618.13],[1660953600,1609,1657.08,1523.67,1576.04],[1660867200,1846.39,1848,1602.37,1609.01],[1660780800,1834.24,1882.37,1821.25,1846.39],[1660694400,1876.67,1959.43,1818.74,1834.25],[1660608000,1899.05,1915,1853,1876.67],[1660521600,1935.32,2012.47,1872.31,1899.06],[1660435200,1983.55,2030,1906,1935.31],[1660348800,1958.28,2020,1946.5,1983.55],[1660262400,1880.19,1964.71,1853.06,1958.28],[1660176000,1853.58,1942,1850.32,1880.19],[1660089600,1702.76,1885,1656.78,1853.57],[1660003200,1777.05,1790.83,1667.93,1702.76],[1659916800,1700.2,1818,1693.87,1777.05],[1659830400,1690.6,1729.79,1668,1700.19],[1659744000,1736.81,1749.93,1685.26,1690.6],[1659657600,1607.97,1742.07,1605.64,1736.81],[1659571200,1618.16,1662.79,1580.39,1607.96],[1659484800,1630.91,1685.03,1589.71,1618.16],[1659398400,1630.28,1678,1559.28,1630.91],[1659312000,1678.12,1704.68,1606.12,1630.28],[1659225600,1697,1754.69,1666,1678.12],[1659139200,1721.68,1744.85,1673.01,1697],[1659052800,1724.52,1765.99,1655.02,1721.68],[1658966400,1635.74,1784.79,1593.27,1724.52],[1658880000,1449.12,1644.44,1420.83,1635.74],[1658793600,1440.79,1454.11,1356.17,1449.12],[1658707200,1597.7,1609.55,1435.58,1440.79],[1658620800,1548.66,1664.34,1545.67,1597.7],[1658534400,1535.27,1596.51,1488,1548.67],[1658448000,1575.45,1650.05,1516.11,1535.27],[1658361600,1521.63,1605.98,1463.56,1575.45],[1658275200,1542.33,1620.4,1484.23,1521.58],[1658188800,1581.03,1631,1493.11,1542.32],[1658102400,1338.65,1597.47,1336.07,1581.04],[1658016000,1355.84,1387,1319.04,1338.65],[1657929600,1231.25,1422.91,1191.23,1355.85],[1657843200,1193.42,1287.82,1181.05,1231.25],[1657756800,1115.01,1214.65,1072.11,1193.42],[1657670400,1038.58,1119.18,1006.32,1115],[1657584000,1096.37,1098.26,1033.46,1038.58],[1657497600,1168.37,1171.29,1091.71,1096.4],[1657411200,1217.02,1219.95,1153,1168.36],[1657324800,1214.03,1235.4,1204.67,1217.02],[1657238400,1237.49,1276.46,1193.15,1214.04],[1657152000,1186.57,1254.29,1163.18,1237.49],[1657065600,1132.51,1205,1111.44,1186.57],[1656979200,1151.01,1174.9,1076.34,1132.5],[1656892800,1074.26,1160.9,1045.37,1151],[1656806400,1067.01,1088.34,1040.78,1074.26],[1656720000,1059.73,1078.88,1028.29,1067.01],[1656633600,1071.02,1117,1033.44,1059.73],[1656547200,1100.21,1106.62,998,1071.01],[1656460800,1144.05,1156.8,1087.42,1100.21],[1656374400,1192.51,1237.99,1136.32,1144.05],[1656288000,1197.79,1238.93,1172.49,1192.51],[1656201600,1242.31,1280,1194.6,1197.79],[1656115200,1225.02,1256.77,1180,1242.36],[1656028800,1144.71,1245.43,1132,1225.02],[1655942400,1050.19,1155,1045.3,1144.72],[1655856000,1125.86,1127.33,1043.65,1050.19],[1655769600,1128.24,1194,1109.23,1125.85],[1655683200,1128.53,1170,1053,1128.24],[1655596800,995.12,1158.62,936.15,1128.53],[1655510400,1086.93,1097.58,881.56,995.13],[1655424000,1068.5,1118,1051.11,1086.94],[1655337600,1237.53,1257.85,1051.55,1068.5],[1655251200,1208.9,1250,1014.4,1237.52],[1655164800,1209.35,1268.45,1075.8,1208.9],[1655078400,1434.84,1455,1165.45,1209.82],[1654992000,1532.89,1547,1423,1434.84],[1654905600,1662.91,1682.21,1496.74,1532.89],[1654819200,1788.8,1804.32,1655.93,1662.91],[1654732800,1791.88,1833,1777.33,1788.81],[1654646400,1813.33,1838.77,1765.28,1791.88],[1654560000,1859.84,1874.98,1725.13,1813.33],[1654473600,1806.22,1920,1804.35,1859.84],[1654387200,1804.58,1830.17,1773.05,1806.23],[1654300800,1775.13,1816,1748.43,1804.58],[1654214400,1834.09,1843.91,1737,1775.12],[1654128000,1817.96,1853.05,1782.42,1834.08],[1654041600,1941.9,1972.58,1763.75,1817.95],[1653955200,1998.78,2016.45,1925,1941.9],[1653868800,1813.64,2013,1803.18,1998.78],[1653782400,1792.21,1827.4,1759.96,1813.64],[1653696000,1727.26,1808.98,1722.26,1792.22],[1653609600,1792.24,1822.26,1703,1727.27],[1653523200,1942.64,1966.01,1735,1792.23],[1653436800,1979.4,2022.34,1934.61,1942.63],[1653350400,1973.33,1993.83,1913.02,1979.41],[1653264000,2043.19,2088.5,1957.12,1973.32],[1653177600,1975.06,2056.41,1966.33,2043.19],[1653091200,1959.08,1990.86,1937.36,1975.07],[1653004800,2019.55,2064,1923,1959.08],[1652918400,1915.11,2040.39,1903.18,2019.55],[1652832000,2090.72,2110.72,1908,1915.11],[1652745600,2023.66,2122.42,2008,2090.72],[1652659200,2145.29,2145.29,1979.12,2023.66],[1652572800,2056.47,2167,2000.68,2145.29],[1652486400,2009.69,2070.06,1951.21,2056.48],[1652400000,1960.22,2147.54,1940.23,2009.69],[1652313600,2084.99,2195,1800,1960.22],[1652227200,2342.04,2451.37,2005,2084.99],[1652140800,2229,2457.34,2200,2342.05],[1652054400,2519.71,2530.78,2225,2228.55],[1651968000,2635.35,2642,2484,2519.71],[1651881600,2692.86,2704.36,2584.75,2635.34],[1651795200,2747.96,2758.18,2632.95,2692.85],[1651708800,2940.65,2954.65,2683,2747.97],[1651622400,2781.7,2965.85,2771.74,2940.64],[1651536000,2856.54,2861.47,2755.19,2781.7],[1651449600,2824.81,2894.22,2778.78,2856.54],[1651363200,2726.67,2849.9,2716.13,2824.81],[1651276800,2817.13,2841.63,2709.26,2726.66],[1651190400,2936.92,2946.46,2776.63,2817.13],[1651104000,2888.95,2980,2853.83,2936.93],[1651017600,2809.68,2919.87,2794.46,2888.96],[1650931200,3006.63,3039.54,2767,2809.67],[1650844800,2920.99,3025.65,2797.01,3006.62],[1650758400,2933.04,2967.06,2912.09,2921],[1650672000,2962.39,2978.03,2913.89,2933.03],[1650585600,2983.57,3034.32,2930.35,2962.39],[1650499200,3076.03,3180,2942.31,2983.58],[1650412800,3101.74,3166.5,3036.45,3076.04],[1650326400,3055.56,3131,3030.34,3101.77],[1650240000,2988.07,3069.6,2883.22,3055.56],[1650153600,3059.3,3083,2981.7,2988.06],[1650067200,3040.57,3086.1,3010.03,3059.3],[1649980800,3021.98,3060.92,2993.13,3040.56],[1649894400,3118.28,3145,2976.3,3021.98],[1649808000,3027.65,3128.97,2996.86,3118.28],[1649721600,2979.75,3085,2950,3027.66],[1649635200,3203.04,3213.63,2950,2979.74],[1649548800,3258.57,3307.22,3193,3203.04],[1649462400,3192.39,3268.4,3181.28,3258.57],[1649376000,3227.2,3314.02,3173.52,3192.39],[1649289600,3168.52,3268.98,3143.15,3227.19],[1649203200,3407,3407.5,3162.39,3168.51],[1649116800,3519.5,3555,3400,3406.99],[1649030400,3521.9,3547,3405.97,3519.5],[1648944000,3443.77,3580.34,3412.11,3521.91],[1648857600,3455.2,3532.2,3433.14,3443.77],[1648771200,3281.51,3481.29,3210.68,3455.21],[1648684800,3385.8,3444.83,3261.35,3281.51],[1648598400,3400.51,3446.9,3331.84,3385.79],[1648512000,3332.91,3481.87,3329.68,3400.51],[1648425600,3295.65,3431.15,3275.01,3332.92],[1648339200,3145.01,3299.37,3126.02,3295.65],[1648252800,3102.13,3153.2,3084.9,3145],[1648166400,3110.75,3193.28,3076,3102.14],[1648080000,3035.99,3129.11,2999.11,3110.76],[1647993600,2969.64,3045.2,2920.65,3036],[1647907200,2890.03,3052.85,2886.43,2969.64],[1647820800,2861.39,2960.57,2829.81,2890.03],[1647734400,2950.85,2964.17,2817.21,2861.38],[1647648000,2938.84,2987.7,2890.86,2950.84],[1647561600,2811.91,2984,2765.59,2938.92],[1647475200,2773.8,2836,2746.42,2811.92],[1647388800,2617.74,2788,2603.38,2773.81],[1647302400,2589.42,2669,2507,2617.73]]}","timestamp":"2024-12-08T09:40:18.782Z"}
{"level":"info","message":"Fetching GMX data for avalanche using candles endpoint with params: {\"tokenSymbol\":\"AVAX\",\"period\":\"1d\"}","timestamp":"2024-12-08T09:40:18.795Z"}
{"level":"info","message":"Fetched data for avalanche: {\"period\":\"1d\",\"candles\":[[1733616000,51.64,52.1534,50.5531,51.0382],[1733529600,52.5546,53.127,51.2614,51.64],[1733443200,50.3499,53.5869,49.6468,52.5546],[1733356800,52.8498,53.653,49.4357,50.3499],[1733270400,50.9324,55.8484,50.8713,52.8498],[1733184000,52.2915,53.9402,47.8697,50.9324],[1733097600,45.124,52.504,45.0192,52.2915],[1733011200,44.8376,45.8071,43.7191,45.124],[1732924800,44.8756,46.2763,43.7089,44.8376],[1732838400,42.7783,45.0828,42.5366,44.8756],[1732752000,43.8251,44.2843,41.5161,42.7783],[1732665600,42.6884,44.4637,41.9368,43.8251],[1732579200,41.3167,43.3335,38.5043,42.6884],[1732492800,42.0871,47.9641,40.0713,41.3167],[1732406400,41.4717,43.1764,38.3505,42.0871],[1732320000,43.2468,45.3246,40.7297,41.4717],[1732233600,35.7947,43.5771,35.2106,43.2468],[1732147200,33.6123,36.2311,32.3445,35.7947],[1732060800,34.2709,35.7778,32.7985,33.6123],[1731974400,35.4962,35.6546,33.5651,34.2709],[1731888000,34.7209,36.1475,34.0948,35.4962],[1731801600,35.159,37.2697,33.1072,34.7209],[1731715200,33.1336,35.7407,32.8006,35.159],[1731628800,31.2026,33.3151,30.5978,33.1336],[1731542400,33.1544,34.7366,30.6812,31.2026],[1731456000,33.9755,35.1269,31.2452,33.1544],[1731369600,35.7556,37.7096,32.6893,33.9755],[1731283200,31.9072,35.8302,30.7295,35.7556],[1731196800,30.3815,33.3242,29.7074,31.9072],[1731110400,28.7978,30.4976,28.5059,30.3815],[1731024000,27.4035,28.81,27.1239,28.7978],[1730937600,27.0291,28.02,26.546,27.4035],[1730851200,23.9937,27.3201,23.9882,27.0291],[1730764800,22.7146,24.4765,22.5824,23.9937],[1730678400,23.525,23.9228,22.3342,22.7146],[1730592000,24.1177,24.2025,22.5935,23.525],[1730505600,24.7743,25.0092,23.963,24.1177],[1730419200,24.9886,25.7024,24.3839,24.7743],[1730332800,26.1664,26.22,24.6448,24.9886],[1730246400,26.8634,26.8997,25.989,26.1664],[1730160000,26.2381,27.1568,26.1539,26.8634],[1730073600,25.7417,26.5189,25.0188,26.2381],[1729987200,25.3727,25.9079,25.2134,25.7417],[1729900800,24.8844,25.6479,24.5123,25.3727],[1729814400,26.8148,26.8727,23.9925,24.8844],[1729728000,26.7285,27.2208,26.3555,26.8148],[1729641600,27.6237,27.6897,25.8545,26.7285],[1729555200,27.7426,28.2093,27.2276,27.6237],[1729468800,28.9585,29.3113,27.3691,27.7426],[1729382400,28.0949,28.9909,27.7576,28.9585],[1729296000,28.0926,28.4521,27.7109,28.0949],[1729209600,27.2931,28.1694,27.088,28.0926],[1729123200,28.0175,28.2617,26.8085,27.2931],[1729036800,28.2193,28.2229,27.2444,28.0175],[1728950400,29.0525,29.6103,27.5314,28.2193],[1728864000,29.0408,29.8504,28.6396,29.0525],[1728777600,28.6271,29.349,28.2901,29.0408],[1728691200,27.4443,29.3641,27.3805,28.6271],[1728604800,25.836,27.5849,25.7295,27.4443],[1728518400,25.7506,26.3422,25.0293,25.836],[1728432000,26.3325,26.6817,25.6585,25.7506],[1728345600,26.5562,27.179,26.0259,26.3325],[1728259200,26.9318,27.7313,26.5111,26.5562],[1728172800,25.6648,27.0789,25.4916,26.9318],[1728086400,26.2658,26.4186,25.0996,25.6648],[1728000000,24.6602,26.5004,24.4284,26.2658],[1727913600,25.3296,25.6647,23.8925,24.6602],[1727827200,25.818,26.7753,25.033,25.3296],[1727740800,27.7055,28.8857,25.0156,25.818],[1727654400,29.0412,29.1234,27.5529,27.7055],[1727568000,29.2899,29.4809,28.2455,29.0412],[1727481600,30.4396,30.7623,29.0349,29.2899],[1727395200,29.16,30.8615,28.9327,30.4396],[1727308800,27.2774,29.4289,26.9573,29.16],[1727222400,28.4666,28.4992,27.1472,27.2774],[1727136000,27.3847,28.5464,26.8367,28.4666],[1727049600,27.298,28.1735,26.5628,27.3847],[1726963200,27.7885,27.8064,26.4528,27.298],[1726876800,27.6758,28.1313,27.0062,27.7885],[1726790400,26.6678,28.7546,26.4752,27.6758],[1726704000,24.7037,26.793,24.6947,26.6678],[1726617600,23.7772,24.7429,22.7892,24.7037],[1726531200,23.5126,24.4917,23.1554,23.7772],[1726444800,23.7933,24.2361,23.2141,23.5126],[1726358400,25.3311,25.3876,23.6423,23.7933],[1726272000,24.9232,25.6649,24.6201,25.3311],[1726185600,24.0148,25.112,23.6676,24.9232],[1726099200,23.2799,24.1062,23.2632,24.0148],[1726012800,24.3539,24.5187,22.8697,23.2799],[1725926400,23.8473,24.5835,23.5708,24.3539],[1725840000,23.2436,24.3892,23.1322,23.8473],[1725753600,21.7939,23.5089,21.7089,23.2436],[1725667200,21.1581,22.0086,21.0448,21.7939],[1725580800,21.3665,22.1905,20.4682,21.1581],[1725494400,21.9053,22.1881,21.2151,21.3665],[1725408000,21.3813,22.321,20.4978,21.9053],[1725321600,22.3641,22.7268,21.3408,21.3813],[1725235200,21.4247,22.5671,21.3681,22.3641],[1725148800,22.8008,22.8376,21.1466,21.4247],[1725062400,23.2827,23.3947,22.4711,22.8008],[1724976000,22.8968,23.6406,22.1938,23.2827],[1724889600,23.4462,24.6874,22.7799,22.8968],[1724803200,24.0966,24.8391,23.1934,23.4462],[1724716800,25.9431,26.8126,23.6706,24.0966],[1724630400,26.9359,27.2132,25.8963,25.9431],[1724544000,27.1314,27.6908,26.1429,26.9359],[1724457600,26.5162,28.0103,26.2061,27.1314],[1724371200,25.2245,27.0335,25.2185,26.5162],[1724284800,23.5399,25.3013,23.0531,25.2245],[1724198400,22.265,23.8093,22.2469,23.5399],[1724112000,21.2195,22.7906,21.1668,22.265],[1724025600,20.8217,21.2566,20.3878,21.2195],[1723939200,20.7056,21.5188,20.5442,20.8217],[1723852800,20.3725,20.7116,20.2364,20.7056],[1723766400,20.1345,20.6902,19.7881,20.3725],[1723680000,20.9524,21.1539,19.8515,20.1345],[1723593600,21.384,21.8861,20.7783,20.9524],[1723507200,21.2714,21.631,20.602,21.384],[1723420800,20.4041,21.717,20.3012,21.2714],[1723334400,21.5876,22.3694,20.3879,20.4041],[1723248000,21.7508,22.0592,21.4078,21.5876],[1723161600,22.7461,22.8089,21.3032,21.7508],[1723075200,19.8537,22.8068,19.5257,22.7461],[1722988800,20.8966,21.7073,19.7032,19.8537],[1722902400,19.5416,21.4674,19.5175,20.8966],[1722816000,21.2374,21.3701,17.3316,19.5416],[1722729600,22.6622,22.9487,20.5887,21.2374],[1722643200,23.5735,24.0979,22.1836,22.6622],[1722556800,25.6864,25.8985,23.3296,23.5735],[1722470400,25.7011,25.9193,24.002,25.6864],[1722384000,26.3187,26.8612,25.4319,25.7011],[1722297600,26.9963,27.3119,26.0269,26.3187],[1722211200,27.3981,28.8482,26.9706,26.9963],[1722124800,28.0434,28.1789,27.1019,27.3981],[1722038400,28.7258,29.5215,27.5832,28.0434],[1721952000,27.2306,28.8647,27.1629,28.7258],[1721865600,28.3704,28.5836,26.2589,27.2306],[1721779200,29.8169,30.5526,28.2622,28.3704],[1721692800,31.8785,32.6338,29.4468,29.8169],[1721606400,32.6382,32.9525,31.3239,31.8785],[1721520000,29.1076,33.0037,28.5592,32.6382],[1721433600,28.1808,29.1895,27.7973,29.1076],[1721347200,27.1283,28.4283,26.6494,28.1808],[1721260800,27.2359,27.938,26.5919,27.1283],[1721174400,28.0186,29.0395,27.2122,27.2359],[1721088000,27.8427,29.2617,26.4785,28.0186],[1721001600,26.3597,27.9026,26.2719,27.8427],[1720915200,25.8636,26.6747,25.6117,26.3597],[1720828800,25.9734,26.3482,25.5374,25.8636],[1720742400,25.2032,26.1046,24.8163,25.9734],[1720656000,25.7534,26.3718,25.0194,25.2032],[1720569600,26.4344,27.4213,25.6265,25.7534],[1720483200,25.2033,26.5093,24.6978,26.4344],[1720396800,25.7416,27.2045,24.5444,25.2033],[1720310400,27.4075,27.4944,25.4698,25.7416],[1720224000,25.1355,27.6114,24.8771,27.4075],[1720137600,24.4392,25.4446,21.873,25.1355],[1720051200,26.4779,26.6694,24.2958,24.4392],[1719964800,28.6631,28.9252,26.4048,26.4779],[1719878400,28.7938,28.8779,28.0545,28.6631],[1719792000,29.3127,30.0777,28.7811,28.7938],[1719705600,27.7208,29.5215,27.3638,29.3127],[1719619200,27.902,28.6281,27.5342,27.7208],[1719532800,27.8773,29.0523,27.6334,27.902],[1719446400,25.8008,28.3467,25.3312,27.8773],[1719360000,25.3951,26.7238,25.2753,25.8008],[1719273600,24.779,25.77,24.5996,25.3951],[1719187200,25.0713,25.2226,23.5396,24.779],[1719100800,25.6096,25.997,24.1233,25.0713],[1719014400,27.466,27.4854,24.5139,25.6096],[1718928000,27.5727,28.0206,26.9223,27.466],[1718841600,26.9295,28.8662,26.68,27.5727],[1718755200,26.5942,27.6486,26.3842,26.9295],[1718668800,28.4482,28.5163,25.1591,26.5942],[1718582400,30.058,30.3278,27.3187,28.4482],[1718496000,29.991,30.4607,29.6572,30.058],[1718409600,30.2784,30.6303,29.9011,29.991],[1718323200,30.9835,32.0938,29.2943,30.2784],[1718236800,33.2693,33.4247,30.9269,30.9835],[1718150400,31.5407,33.9817,30.7909,33.2693],[1718064000,32.2712,32.3631,30.582,31.5407],[1717977600,32.9773,33.4611,32.03,32.2712],[1717891200,32.2762,33.0173,32.0387,32.9773],[1717804800,33.4964,33.7047,31.9387,32.2762],[1717718400,35.88,36.8527,30.9234,33.4964],[1717632000,36.5612,37.187,35.7172,35.88],[1717545600,36.06,36.8906,35.9254,36.5612],[1717459200,35.017,36.271,34.5005,36.06],[1717372800,34.8885,36.246,34.5471,35.017],[1717286400,35.7286,36.1482,34.757,34.8885],[1717200000,36.0008,36.1941,35.6687,35.7286],[1717113600,35.9597,36.7593,35.1912,36.0008],[1717027200,36.1679,37.0591,35.283,35.9597],[1716940800,36.9855,37.45,36.1224,36.1679],[1716854400,38.2332,38.3761,36.5132,36.9855],[1716768000,36.7484,38.9129,36.6385,38.2332],[1716681600,38.2762,38.3,36.4813,36.7484],[1716595200,37.9912,38.6883,37.7162,38.2762],[1716508800,38.5,38.9787,36.9093,37.9912],[1716422400,40.0027,40.4531,36.4787,38.5],[1716336000,41.1921,41.78,39.1925,40.0027],[1716249600,40.1312,41.3701,39.6756,41.1921],[1716163200,35.6042,40.29,35.1641,40.1312],[1716076800,37.2538,37.764,35.3942,35.6042],[1715990400,36.4339,37.6666,36.35,37.2538],[1715904000,34.4684,37.5892,34.2692,36.4339],[1715817600,34.6661,35.0046,33.7591,34.4684],[1715731200,31.5599,34.7791,31.365,34.6661],[1715644800,32.4493,33.2875,31.4644,31.5599],[1715558400,33.1243,33.8005,31.9179,32.4493],[1715472000,33.4775,33.9837,32.8422,33.1243],[1715385600,33.7093,34.0243,33.0593,33.4775],[1715299200,35.0645,36.0961,33.2387,33.7093],[1715212800,34.0132,35.3632,33.7333,35.0645],[1715126400,35.3016,35.5008,33.6433,34.0132],[1715040000,37.1138,37.6038,35.2716,35.3016],[1714953600,37.3668,39.8731,36.7837,37.1138],[1714867200,37.3693,37.9944,36.6885,37.3668],[1714780800,35.5609,37.6787,35.1874,37.3693],[1714694400,33.58,35.9394,33.31,35.5609],[1714608000,33.2908,34.1129,32.2629,33.58],[1714521600,32.6773,33.9114,30.5687,33.2908],[1714435200,35.2776,35.6987,31.8856,32.6773],[1714348800,33.9393,35.8574,32.8398,35.2776],[1714262400,34.4505,35.37,33.7897,33.9393],[1714176000,34.4134,35.1131,33.1336,34.4505],[1714089600,35.5872,35.8736,34.2667,34.4134],[1714003200,36.3386,36.7169,34.6874,35.5872],[1713916800,38.3026,39.8327,36.0138,36.3386],[1713830400,39.2134,39.9236,38.003,38.3026],[1713744000,37.1529,39.7235,36.7864,39.2034],[1713657600,38.3229,38.7731,36.3891,37.1529],[1713571200,34.6731,38.503,34.1565,38.3229],[1713484800,34.8566,36.1431,31.9638,34.6731],[1713398400,33.582,35.5974,32.8076,34.8566],[1713312000,34.7661,35.3562,32.2456,33.582],[1713225600,35.1727,35.9165,32.7159,34.7661],[1713139200,37.2839,38.6144,34.1414,35.1713],[1713052800,33.946,37.9141,32.68,37.2839],[1712966400,39.3673,39.3628,29.4449,33.946],[1712880000,46.0299,46.8697,35.88,39.3673],[1712793600,47.304,47.494,45.61,46.0299],[1712707200,46.4565,48.004,45.1368,47.304],[1712620800,49.8592,49.9641,46.3465,46.4565],[1712534400,49.32,50.8035,48.2645,49.8592],[1712448000,48.1992,49.4845,47.9095,49.32],[1712361600,45.33,48.8363,45.0725,48.1992],[1712275200,46.5221,46.6121,44.0009,45.33],[1712188800,45.8997,48.1829,45.4388,46.5221],[1712102400,46.8643,48.3145,44.9963,45.8997],[1712016000,51.3966,51.3916,46.3,46.8643],[1711929600,54.08,54.1494,50.2716,51.3966],[1711843200,52.9622,54.2725,52.9021,54.08],[1711756800,53.3649,54.637,52.8021,52.9622],[1711670400,54.6396,54.6596,52.5449,53.3649],[1711584000,54.0749,55.0145,53.1639,54.6396],[1711497600,55.7915,56.7316,53.0209,54.0749],[1711411200,57.7685,59.31,55.3514,55.7915],[1711324800,55.6945,59.1924,54.9451,57.7685],[1711238400,53.4586,55.822,52.4427,55.6945],[1711152000,53.4405,55.9506,52.6353,53.4586],[1711065600,53.8226,57.8085,51.6405,53.4405],[1710979200,57.07,57.8684,52.7774,53.8226],[1710892800,53.6042,58.1484,50.4145,57.07],[1710806400,60.617,61.8433,53.1671,53.6042],[1710720000,58.3935,65.3543,55.2583,60.617],[1710633600,53.4124,58.4236,50.0635,58.3935],[1710547200,58.3701,61.4306,51.9964,53.4124],[1710460800,53.9338,58.8608,48.34,58.3701],[1710374400,54.8456,59.295,50.474,53.9338],[1710288000,55.495,55.5251,52.2653,54.8456],[1710201600,49.1202,57.3527,46.4213,55.495],[1710115200,42.107,49.5623,40.089,49.1202],[1710028800,43.01,43.9993,40.996,42.107],[1709942400,42.7259,43.6484,42.4476,43.01],[1709856000,43.2641,44.0294,41.1603,42.7259],[1709769600,41.5812,44.5137,41.5712,43.2641],[1709683200,39.4903,42.1614,37.9655,41.5812],[1709596800,43.1434,45.1726,35,39.4903],[1709510400,42.61,44.0113,41.4564,43.1434],[1709424000,44.4019,44.9124,40.4091,42.61],[1709337600,42.7077,44.571,42.0168,44.4019],[1709251200,40.9736,43.37,40.9936,42.7077],[1709164800,40.3646,44.6448,39.6566,40.9736],[1709078400,39.2848,41.3189,36.4322,40.3646],[1708992000,39.2904,39.9264,38.3544,39.2848],[1708905600,37.4585,39.3504,36.2985,39.2904],[1708819200,36.7571,37.4885,36.425,37.4585],[1708732800,35.9108,36.9371,35.1959,36.7571],[1708646400,36.767,36.9315,35.3075,35.9108],[1708560000,37.6043,38.2006,36.5144,36.767],[1708473600,38.5073,38.5457,35.9045,37.6043],[1708387200,39.51,39.705,36.902,38.5073],[1708300800,40.3003,40.6404,39.1207,39.51],[1708214400,39.7708,40.7508,39.0006,40.3003],[1708128000,40.2788,40.4576,38.4134,39.7708],[1708041600,41.568,41.8051,39.4821,40.2788],[1707955200,42.2517,43.6248,40.9648,41.568],[1707868800,39.7474,42.4388,39.1473,42.2517],[1707782400,40.9921,41.7053,38.8947,39.7474],[1707696000,39.7371,41.1861,38.4,40.9921],[1707609600,40.2196,41.2096,39.381,39.7371],[1707523200,38.0121,41.2397,38.0121,40.2196],[1707436800,35.4214,38.6064,35.4157,38.0121],[1707350400,35.2711,36.1147,35.0727,35.4214],[1707264000,34.1354,35.4776,33.6251,35.2711],[1707177600,34.4946,34.6944,33.6914,34.1354],[1707091200,34.8435,35.8792,34.0841,34.5],[1707004800,35.9406,36.521,34.6777,34.8435],[1706918400,36.7502,37.562,35.3975,35.9406],[1706832000,33.8415,36.9254,33.7526,36.7502],[1706745600,33.1536,33.93,32.294,33.8415],[1706659200,35.2185,35.4885,33.1136,33.1536],[1706572800,36.0662,37.1412,35.0065,35.2185],[1706486400,34.8226,36.5329,34.3526,36.0662],[1706400000,33.2829,36.7,33.2065,34.8226],[1706313600,32.2575,33.3029,31.8648,33.2829],[1706227200,30.4953,33.0889,30.1189,32.2575],[1706140800,31.1865,31.3432,29.61,30.4953],[1706054400,30.609,31.8814,29.48,31.1865],[1705968000,29.501,30.67,27.22,30.609],[1705881600,32.5234,32.7117,29.3151,29.501],[1705795200,32.8618,33.4616,32.44,32.5234],[1705708800,32.7102,32.962,32.0176,32.8618],[1705622400,33.5652,33.7201,31.177,32.7102],[1705536000,36.0536,36.1668,32.6938,33.5652],[1705449600,35.5626,36.4843,35.2519,36.0536],[1705363200,35.5937,36.5143,34.7698,35.5611],[1705276800,35.2878,36.7754,35.1416,35.5937],[1705190400,36.4889,37.8576,35.2778,35.2878],[1705104000,35.9007,36.6279,34.708,36.4889],[1705017600,39.3072,39.58,34.6491,35.9007],[1704931200,38.5425,41.7747,37.5622,39.3072],[1704844800,34.6631,39.5514,33.3854,38.5425],[1704758400,36.0959,37.6165,33.8028,34.6631],[1704672000,33.67,36.436,31.1793,36.0959],[1704585600,34.6469,35.7978,33.1398,33.67],[1704499200,36.4794,36.5294,33.4559,34.6469],[1704412800,38.7799,38.9546,35.0261,36.4794],[1704326400,36.8133,39.4605,36.12,38.7799],[1704240000,40.625,41.4336,33.0722,36.8133],[1704153600,41.9499,43.4303,40.3449,40.625],[1704067200,38.5501,42,38.0463,41.9499],[1703980800,39.3257,40.5155,37.6132,38.5501],[1703894400,40.18,40.3645,38.1685,39.3257],[1703808000,39.8481,42.1593,38.5298,40.18],[1703721600,42.4343,43.4147,39.258,39.8481],[1703635200,44.3986,44.93,41.8845,42.4343],[1703548800,48.1874,48.3348,40.7656,44.3986],[1703462400,47.71,48.9204,45.9995,48.1874],[1703376000,48.0723,49.9136,46.4215,47.71],[1703289600,45.3788,48.2824,43.4538,48.0723],[1703203200,45.9665,48.8663,43.6784,45.3788],[1703116800,43.4688,47.37,43.0682,45.9665],[1703030400,39.7314,44.4796,39.0829,43.4688],[1702944000,41.1386,42.1284,38.7493,39.73],[1702857600,40.5741,41.3832,36.4854,41.1386],[1702771200,42.19,43.9945,40.25,40.5741],[1702684800,39.7116,45.3111,38.5134,42.19],[1702598400,39.2943,42.2527,38.5316,39.7116],[1702512000,38.9754,40.3421,36.7593,39.2943],[1702425600,37.4489,41.4583,34.0589,38.9754],[1702339200,38.0065,42.8478,35.9775,37.4489],[1702252800,37.1557,39.3708,32.1406,38.0065],[1702166400,31.91,37.9695,31.5579,37.1557],[1702080000,30.4599,34.262,30.4698,31.91],[1701993600,26.2801,30.7984,26.0602,30.4599],[1701907200,26.2035,27.8837,25.7535,26.2801],[1701820800,24.5474,27.6566,24.4699,26.2035],[1701734400,22.6819,24.826,21.8109,24.5474],[1701648000,21.9477,23.1981,20.6836,22.6819],[1701561600,22.25,22.75,21.6097,21.9477],[1701475200,21.8638,22.4394,21.7585,22.25],[1701388800,21.393,22.6363,21.1159,21.8638],[1701302400,21.1152,21.5017,20.8236,21.393],[1701216000,20.6904,21.5756,20.5654,21.1152],[1701129600,20.3593,20.8542,19.5268,20.6904],[1701043200,21.0709,21.308,19.8374,20.3593],[1700956800,21.3707,21.5143,20.1217,21.0709],[1700870400,20.9082,21.4887,20.658,21.3707],[1700784000,20.6415,21.8733,20.4531,20.9082],[1700697600,20.79,21.4883,20.4479,20.6415],[1700611200,19.0152,21.2458,18.9951,20.79],[1700524800,20.8617,22.2822,18.9291,19.0152],[1700438400,22.8539,23.2595,20.7285,20.8617],[1700352000,22.0025,23.0494,20.7718,22.8539],[1700265600,21.9483,22.6886,20.1877,22.0025],[1700179200,21.71,24.67,20,21.9483],[1700092800,20.7042,24.05,20.2549,21.71],[1700006400,17.0509,20.9406,17.0209,20.7042],[1699920000,16.1185,18.1079,15.5789,17.0509],[1699833600,18.9873,19.7376,16.116,16.1235],[1699747200,16.8019,19.7376,15.9003,18.9873],[1699660800,14.7493,16.9939,14.0091,16.8019],[1699574400,12.9712,14.8588,12.9022,14.7493],[1699488000,12.994,13.9553,11.9823,12.9712],[1699401600,12.8166,13.15,12.67,12.994],[1699315200,13.0804,13.1014,12.3013,12.8166],[1699228800,12.3583,13.1688,12.2491,13.0804],[1699142400,12.2254,12.6792,12.1108,12.3583],[1699056000,12.1137,12.333,11.9317,12.2254],[1698969600,11.8811,12.19,11.451,12.1137],[1698883200,12.2336,12.5457,11.4383,11.8811],[1698796800,11.3366,12.3272,10.884,12.2342],[1698710400,11.4633,11.7634,11.0163,11.3366],[1698624000,11.3746,11.6847,11.0692,11.4633],[1698537600,10.9722,11.44,10.7922,11.3746],[1698451200,10.5938,11.0809,10.5518,10.9722],[1698364800,11.0508,11.0608,10.4022,10.5938],[1698278400,10.5237,11.472,10.3715,11.0508],[1698192000,10.32,10.632,10.1696,10.5237],[1698105600,10.5878,10.8057,10.0958,10.32],[1698019200,10.08456,10.67283,9.87153,10.5878],[1697932800,9.63736,10.09312,9.54448,10.08456],[1697846400,9.22378,9.81402,9.18,9.63736],[1697760000,9.07,9.38587,9.03324,9.22378],[1697673600,8.91138,9.12,8.65615,9.07],[1697587200,9.10993,9.21095,8.84548,8.91138],[1697500800,9.40256,9.41128,9.01623,9.10993],[1697414400,9.17046,9.81025,9.17,9.40256],[1697328000,9.14834,9.26234,9.07828,9.17046],[1697241600,9.1498,9.2474,9.12057,9.14834],[1697155200,9.11836,9.33707,9.02675,9.1498],[1697068800,9.3,9.31531,8.88848,9.11836],[1696982400,9.53063,9.57063,9.21861,9.3],[1696896000,9.5403,9.85,9.42217,9.53063],[1696809600,10.0863,10.09,9.30516,9.5403],[1696723200,10.35772,10.53554,9.97262,10.0863],[1696636800,10.6602,11.863,10.26,10.3577],[1696550400,10.1413,10.83,10.1308,10.6602],[1696464000,10.10484,10.32035,9.82653,10.14125],[1696377600,9.42,10.28035,9.12507,10.10484],[1696291200,9.31723,9.47507,9.23172,9.42],[1696204800,9.75155,9.83078,9.175,9.31723],[1696118400,9.24187,9.82578,9.21897,9.75155],[1696032000,9.17932,9.29482,9.11732,9.24187],[1695945600,9.27,9.36,9.07849,9.17932],[1695859200,8.92223,9.35145,8.90375,9.27],[1695772800,9.04,9.18278,8.82573,8.92],[1695686400,8.94852,9.0652,8.85786,9.04],[1695600000,8.78176,8.95886,8.63086,8.94852],[1695513600,8.90178,9.0517,8.75,8.78176],[1695427200,8.86609,8.9816,8.83009,8.90178],[1695340800,8.82996,8.91996,8.73991,8.86609],[1695254400,9.04991,9.10991,8.77991,8.82996],[1695168000,9.21184,9.24,8.87177,9.04991],[1695081600,9.11045,9.30789,9.04184,9.21184],[1694995200,9.10115,9.31236,8.82112,9.11045],[1694908800,9.38244,9.38244,9.02229,9.10115],[1694822400,9.43017,9.61008,9.36016,9.38244],[1694736000,9.40132,9.51133,9.18814,9.43017],[1694649600,9.29077,9.47039,9.25077,9.40132],[1694563200,9.21963,9.44924,9.10664,9.29077],[1694476800,9.23,9.57856,9.2,9.21963],[1694390400,9.45844,9.51,9.06,9.23],[1694304000,9.83827,9.83827,9.21838,9.45844],[1694217600,9.92085,9.92085,9.82914,9.83827],[1694131200,10.09,10.14247,9.8351,9.92085],[1694044800,9.94461,10.13495,9.83467,10.09],[1693958400,9.90942,10.04578,9.77295,9.94461],[1693872000,9.80173,9.95841,9.65845,9.90942],[1693785600,9.87749,10.03872,9.6869,9.80173],[1693699200,9.91268,9.98993,9.82994,9.87749],[1693612800,9.92327,9.96056,9.75912,9.91268],[1693526400,9.97955,10.05955,9.75815,9.92327],[1693440000,10.41137,10.54138,9.83129,9.97955],[1693353600,10.8174,10.8279,10.3308,10.4114],[1693267200,10.3648,11.1943,10.3248,10.8109],[1693180800,10.2,10.43977,9.91788,10.36476],[1693094400,10.0854,10.2754,10.0697,10.2],[1693008000,10.04,10.1254,10.0044,10.0854],[1692921600,10.11457,10.12707,9.8847,10.04],[1692835200,10.33878,10.35939,9.97232,10.11457],[1692748800,10.1459,10.4658,10.058,10.3388],[1692662400,10.35949,10.37949,9.7361,10.14594],[1692576000,10.8651,10.878,10.1751,10.3595],[1692489600,10.81,10.92,10.7389,10.8651],[1692403200,10.8058,10.8858,10.56,10.81],[1692316800,10.5786,10.997,10.5386,10.8058],[1692230400,11.36703,11.49688,9.9886,10.57857],[1692144000,11.8146,11.8581,11.0837,11.367],[1692057600,12.3528,12.3628,11.3121,11.8146],[1691971200,12.2613,12.4456,12.1707,12.3528],[1691884800,12.3839,12.4212,12.1913,12.2613],[1691798400,12.4326,12.48,12.3439,12.3839],[1691712000,12.4727,12.5352,12.34,12.4326],[1691625600,12.6196,12.6591,12.4553,12.4727],[1691539200,12.68,12.7981,12.4896,12.6196],[1691452800,12.4493,12.7881,12.3688,12.68],[1691366400,12.5788,12.7391,12.2046,12.4493],[1691280000,12.4326,12.6544,12.4113,12.5788],[1691193600,12.4011,12.4363,12.2728,12.4326],[1691107200,12.4315,12.6005,12.2612,12.4011],[1691020800,12.5427,12.6307,12.39,12.4315],[1690934400,12.88,12.9579,12.4255,12.5427],[1690848000,12.8193,12.8886,12.4086,12.88],[1690761600,13.1205,13.2753,12.7086,12.8193],[1690675200,13.2392,13.4105,12.9203,13.1205],[1690588800,13.2232,13.2896,13.1592,13.2392],[1690502400,13.1498,13.2912,13.0165,13.2232],[1690416000,13.2687,13.4298,13.0249,13.1498],[1690329600,13.3396,13.4587,13.0887,13.2687],[1690243200,13.11,13.5345,13.04,13.3396],[1690156800,13.5427,13.6,12.815,13.11],[1690070400,13.5213,13.7514,13.4056,13.5427],[1689984000,13.9798,14.0503,13.3213,13.5213],[1689897600,13.8694,14.0694,13.7347,13.9798],[1689811200,13.9902,14.4202,13.6901,13.8694],[1689724800,13.8027,14.2728,13.7627,13.9902],[1689638400,14.4022,14.5811,13.616,13.8027],[1689552000,14.293,14.6262,13.8709,14.4022],[1689465600,14.842,14.932,14.176,14.293],[1689379200,14.649,15.3495,14.4195,14.842],[1689292800,14.1142,15.9674,14.0542,14.649],[1689206400,13.0147,14.1894,12.8995,14.1142],[1689120000,13.2701,13.3501,12.8602,13.0147],[1689033600,13.3908,13.6904,13.1608,13.2701],[1688947200,13.5841,13.8542,13.174,13.3908],[1688860800,13.6432,14.2133,13.5741,13.5841],[1688774400,12.741,13.8756,12.73,13.6432],[1688688000,12.3748,12.751,12.2698,12.741],[1688601600,12.6714,13.1115,12.2514,12.3748],[1688515200,13.0374,13.1518,12.5009,12.6714],[1688428800,13.2501,13.4002,13.0118,13.0374],[1688342400,13.1254,13.4509,13.0708,13.2501],[1688256000,13,13.2154,12.7104,13.1254],[1688169600,13.0231,13.1541,12.8381,13],[1688083200,12.6698,13.3248,12.1396,13.0231],[1687996800,12.3394,12.95,12.27,12.6698],[1687910400,13.2011,13.2111,12.1155,12.3394],[1687824000,13.3113,13.4713,13.13,13.2011]]}","timestamp":"2024-12-08T09:40:19.394Z"}
{"level":"info","message":"Fetched GMX token data successfully.","timestamp":"2024-12-08T09:40:19.396Z"}
{"level":"info","message":"Fetching Uniswap data...","timestamp":"2024-12-08T09:40:19.396Z"}
{"level":"info","message":"Fetching Uniswap data from: https://gateway.thegraph.com/api/4093f720be8b88ee6d5e70fcf6e78da5/subgraphs/id/5zvR82QoaXYFyDEKLZ9t6v9adgnptxYpKpSbxtgVENFV","timestamp":"2024-12-08T09:40:19.397Z"}
{"level":"info","message":"Uniswap API returned 10 pools. Validating data...","timestamp":"2024-12-08T09:40:20.311Z"}
{"level":"info","message":"10 valid pools processed from Uniswap.","timestamp":"2024-12-08T09:40:20.312Z"}
{"level":"info","message":"Fetched Uniswap data successfully.","timestamp":"2024-12-08T09:40:20.313Z"}
{"level":"info","message":"Combined Data for Trend Analysis:","timestamp":"2024-12-08T09:40:20.316Z"}
{"level":"error","message":"Error in data pipeline: logger is not defined","timestamp":"2024-12-08T09:40:20.317Z"}
{"level":"info","message":"Data pipeline completed successfully.","timestamp":"2024-12-08T09:40:20.317Z"}
{"level":"info","message":"Validating GMX data fetching...","timestamp":"2024-12-08T09:40:20.317Z"}
{"level":"info","message":"Fetching GMX data for arbitrum using tickers endpoint with params: {}","timestamp":"2024-12-08T09:40:20.318Z"}
{"level":"info","message":"Fetched data for arbitrum: [{\"tokenAddress\":\"0x7f9FBf9bDd3F4105C478b996B648FE6e828a1e98\",\"tokenSymbol\":\"APE\",\"minPrice\":\"1834058568959\",\"maxPrice\":\"1834930890014\",\"updatedAt\":1733650819600,\"timestamp\":1733650819},{\"tokenAddress\":\"0x74885b4D524d497261259B38900f54e6dbAd2210\",\"tokenSymbol\":\"APE_deprecated\",\"minPrice\":\"1834058568959\",\"maxPrice\":\"1834930890014\",\"updatedAt\":1733650819600,\"timestamp\":1733650819},{\"tokenAddress\":\"0x3f8f0dCE4dCE4d0D1d0871941e79CDA82cA50d0B\",\"tokenSymbol\":\"APT\",\"minPrice\":\"142775100000000000000000\",\"maxPrice\":\"142857557415187800000000\",\"updatedAt\":1733650819551,\"timestamp\":1733650819},{\"tokenAddress\":\"0x3Eea56A1ccCdbfB70A26aD381C71Ee17E4c8A15F\",\"tokenSymbol\":\"BOME\",\"minPrice\":\"10309355422944172000000\",\"maxPrice\":\"10311000000000000000000\",\"updatedAt\":1733650819600,\"timestamp\":1733650819},{\"tokenAddress\":\"0xaF770F03518686a365300ab35AD860e99967B2f0\",\"tokenSymbol\":\"MEME\",\"minPrice\":\"17618631000\",\"maxPrice\":\"17628392961\",\"updatedAt\":1733650819600,\"timestamp\":1733650819},{\"tokenAddress\":\"0x6792c5B8962ffbDD020c6b6FD0Be7b182e0e33a3\",\"tokenSymbol\":\"FLOKI\",\"minPrice\":\"251897269691625000\",\"maxPrice\":\"251933532168534000\",\"updatedAt\":1733650819701,\"timestamp\":1733650819},{\"tokenAddress\":\"0x5503CF72f54b6d692d36BBCD391516A7dE068687\",\"tokenSymbol\":\"MEW\",\"minPrice\":\"96052427500000000000000\",\"maxPrice\":\"96092447924061210000000\",\"updatedAt\":1733650819853,\"timestamp\":1733650819},{\"tokenAddress\":\"0x82aF49447D8a07e3bd95BD0d56f35241523fBab1\",\"tokenSymbol\":\"ETH\",\"minPrice\":\"3957588900000000\",\"maxPrice\":\"3957788120000000\",\"updatedAt\":1733650820457,\"timestamp\":1733650819},{\"tokenAddress\":\"0x938aef36CAaFbcB37815251B602168087eC14648\",\"tokenSymbol\":\"TAO\",\"minPrice\":\"687374741163107500000000\",\"maxPrice\":\"687507657527144050000000\",\"updatedAt\":1733650819853,\"timestamp\":1733650819},{\"tokenAddress\":\"0x1FD10E767187A92f0AB2ABDEEF4505e319cA06B2\",\"tokenSymbol\":\"BONK\",\"minPrice\":\"452633260415870000000\",\"maxPrice\":\"452826560000000000000\",\"updatedAt\":1733650819853,\"timestamp\":1733650819},{\"tokenAddress\":\"0x75B9AdD873641b253718810E6c65dB6d72311FD0\",\"tokenSymbol\":\"WLD\",\"minPrice\":\"3712943585081\",\"maxPrice\":\"3714229427943\",\"updatedAt\":1733650819904,\"timestamp\":1733650819},{\"tokenAddress\":\"0x47904963fc8b2340414262125aF798B9655E58Cd\",\"tokenSymbol\":\"BTC\",\"minPrice\":\"993102303393177600000000000\",\"maxPrice\":\"993167770000000000000000000\",\"updatedAt\":1733650819600,\"timestamp\":1733650819},{\"tokenAddress\":\"0x6c84a8f1c29108F47a79964b5Fe888D4f4D0dE40\",\"tokenSymbol\":\"tBTC\",\"minPrice\":\"99310230339317760\",\"maxPrice\":\"99316777000000000\",\"updatedAt\":1733650819600,\"timestamp\":1733650819},{\"tokenAddress\":\"0x2f2a2543B76A4166549F7aaB2e75Bef0aefC5B0f\",\"tokenSymbol\":\"WBTC.b\",\"minPrice\":\"993102303393177600000000000\",\"maxPrice\":\"993167770000000000000000000\",\"updatedAt\":1733650819600,\"timestamp\":1733650819},{\"tokenAddress\":\"0xC4da4c24fd591125c3F47b340b6f4f76111883d8\",\"tokenSymbol\":\"DOGE\",\"minPrice\":\"4554605042469182000000\",\"maxPrice\":\"4555199140831762000000\",\"updatedAt\":1733650819551,\"timestamp\":1733650819},{\"tokenAddress\":\"0x606C3e5075e5555e79Aa15F1E9FACB776F96C248\",\"tokenSymbol\":\"EIGEN\",\"minPrice\":\"4479073000000\",\"maxPrice\":\"4480725283757\",\"updatedAt\":1733650819600,\"timestamp\":1733650819},{\"tokenAddress\":\"0xB46A094Bc4B0adBD801E14b9DB95e05E28962764\",\"tokenSymbol\":\"LTC\",\"minPrice\":\"1320917300000000000000000\",\"maxPrice\":\"1321149280000000000000000\",\"updatedAt\":1733650819651,\"timestamp\":1733650819},{\"tokenAddress\":\"0x3E57D02f9d196873e55727382974b02EdebE6bfd\",\"tokenSymbol\":\"SHIB\",\"minPrice\":\"31598607\",\"maxPrice\":\"31607984\",\"updatedAt\":1733650819600,\"timestamp\":1733650819},{\"tokenAddress\":\"0x2bcC6D6CdBbDC0a4071e48bb3B969b06B3330c07\",\"tokenSymbol\":\"SOL\",\"minPrice\":\"235601969593970000000000\",\"maxPrice\":\"235621050000000000000000\",\"updatedAt\":1733650819701,\"timestamp\":1733650819},{\"tokenAddress\":\"0x197aa2DE1313c7AD50184234490E12409B2a1f95\",\"tokenSymbol\":\"SUI\",\"minPrice\":\"4177137069352938500000\",\"maxPrice\":\"4177706968084494500000\",\"updatedAt\":1733650820510,\"timestamp\":1733650820},{\"tokenAddress\":\"0x55e85A147a1029b985384822c0B2262dF8023452\",\"tokenSymbol\":\"SEI\",\"minPrice\":\"674117110451\",\"maxPrice\":\"674265576003\",\"updatedAt\":1733650819752,\"timestamp\":1733650819},{\"tokenAddress\":\"0xBaf07cF91D413C0aCB2b7444B9Bf13b4e03c9D71\",\"tokenSymbol\":\"STX\",\"minPrice\":\"2599286292793494350000000\",\"maxPrice\":\"2600302170319602250000000\",\"updatedAt\":1733650820004,\"timestamp\":1733650819},{\"tokenAddress\":\"0xFa7F8980b0f1E64A2062791cc3b0871572f1F7f0\",\"tokenSymbol\":\"UNI\",\"minPrice\":\"18185836398544\",\"maxPrice\":\"18191517000000\",\"updatedAt\":1733650819600,\"timestamp\":1733650819},{\"tokenAddress\":\"0xf97f4df75117a78c1A5a0DBb814Af92458539FB4\",\"tokenSymbol\":\"LINK\",\"minPrice\":\"25877641500000\",\"maxPrice\":\"25891773438149\",\"updatedAt\":1733650819600,\"timestamp\":1733650819},{\"tokenAddress\":\"0x912CE59144191C1204E64559FE8253a0e49E6548\",\"tokenSymbol\":\"ARB\",\"minPrice\":\"1149875230904\",\"maxPrice\":\"1150448918661\",\"updatedAt\":1733650820004,\"timestamp\":1733650819},{\"tokenAddress\":\"0xc14e065b0067dE91534e032868f5Ac6ecf2c6868\",\"tokenSymbol\":\"XRP\",\"minPrice\":\"2532445554310947400000000\",\"maxPrice\":\"2532771900000000000000000\",\"updatedAt\":1733650819953,\"timestamp\":1733650819},{\"tokenAddress\":\"0xaf88d065e77c8cC2239327C5EDb3A432268e5831\",\"tokenSymbol\":\"USDC\",\"minPrice\":\"999742609421311000000000\",\"maxPrice\":\"999868030000000000000000\",\"updatedAt\":1733650819752,\"timestamp\":1733650819},{\"tokenAddress\":\"0xFF970A61A04b1cA14834A43f5dE4533eBDDB5CC8\",\"tokenSymbol\":\"USDC.e\",\"minPrice\":\"999742609421311000000000\",\"maxPrice\":\"999868030000000000000000\",\"updatedAt\":1733650819752,\"timestamp\":1733650819},{\"tokenAddress\":\"0xFd086bC7CD5C481DCC9C85ebE478A1C0b69FCbb9\",\"tokenSymbol\":\"USDT\",\"minPrice\":\"1000412095863837800000000\",\"maxPrice\":\"1000485800000000000000000\",\"updatedAt\":1733650819853,\"timestamp\":1733650819},{\"tokenAddress\":\"0xDA10009cBd5D07dd0CeCc66161FC93D7c9000da1\",\"tokenSymbol\":\"DAI\",\"minPrice\":\"999689199942\",\"maxPrice\":\"1000020000000\",\"updatedAt\":1733650819953,\"timestamp\":1733650819},{\"tokenAddress\":\"0xa9004A5421372E1D83fB1f85b0fc986c912f91f3\",\"tokenSymbol\":\"BNB\",\"minPrice\":\"735585430836607\",\"maxPrice\":\"735601071784821\",\"updatedAt\":1733650819752,\"timestamp\":1733650819},{\"tokenAddress\":\"0x7D7F1765aCbaF847b9A1f7137FE8Ed4931FbfEbA\",\"tokenSymbol\":\"ATOM\",\"minPrice\":\"10000542219236879500000000\",\"maxPrice\":\"10003728226529174000000000\",\"updatedAt\":1733650819651,\"timestamp\":1733650819},{\"tokenAddress\":\"0x1FF7F3EFBb9481Cbd7db4F932cBCD4467144237C\",\"tokenSymbol\":\"NEAR\",\"minPrice\":\"7575291\",\"maxPrice\":\"7576569\",\"updatedAt\":1733650820254,\"timestamp\":1733650819},{\"tokenAddress\":\"0xba5DdD1f9d7F570dc94a51479a000E3BCE967196\",\"tokenSymbol\":\"AAVE\",\"minPrice\":\"279256161205935\",\"maxPrice\":\"279299303930551\",\"updatedAt\":1733650820510,\"timestamp\":1733650820},{\"tokenAddress\":\"0x565609fAF65B92F7be02468acF86f8979423e514\",\"tokenSymbol\":\"AVAX\",\"minPrice\":\"51031491717279\",\"maxPrice\":\"51044231949447\",\"updatedAt\":1733650819752,\"timestamp\":1733650819},{\"tokenAddress\":\"0xaC800FD6159c2a2CB8fC31EF74621eB430287a5A\",\"tokenSymbol\":\"OP\",\"minPrice\":\"2642272900000\",\"maxPrice\":\"2643145047443\",\"updatedAt\":1733650819600,\"timestamp\":1733650819},{\"tokenAddress\":\"0x1E15d08f3CA46853B692EE28AE9C7a0b88a9c994\",\"tokenSymbol\":\"ORDI\",\"minPrice\":\"47351224713689\",\"maxPrice\":\"47361898389624\",\"updatedAt\":1733650819600,\"timestamp\":1733650819},{\"tokenAddress\":\"0x38676f62d166f5CE7De8433F51c6B3D6D9d66C19\",\"tokenSymbol\":\"TIA\",\"minPrice\":\"8247040000000000000000000\",\"maxPrice\":\"8249174375097274000000000\",\"updatedAt\":1733650820004,\"timestamp\":1733650819},{\"tokenAddress\":\"0xb06aa7E4af937C130dDade66f6ed7642716fe07A\",\"tokenSymbol\":\"TRX\",\"minPrice\":\"312952220000000000000000\",\"maxPrice\":\"313056110000000000000000\",\"updatedAt\":1733650820004,\"timestamp\":1733650819},{\"tokenAddress\":\"0xB2f7cefaeEb08Aa347705ac829a7b8bE2FB560f3\",\"tokenSymbol\":\"TON\",\"minPrice\":\"6721789727566919500000\",\"maxPrice\":\"6722800240113073000000\",\"updatedAt\":1733650819752,\"timestamp\":1733650819},{\"tokenAddress\":\"0xfc5A1A6EB076a2C7aD06eD22C90d7E710E35ad0a\",\"tokenSymbol\":\"GMX\",\"minPrice\":\"40785341749235\",\"maxPrice\":\"40797750894363\",\"updatedAt\":1733650819551,\"timestamp\":1733650819},{\"tokenAddress\":\"0xA1b91fe9FD52141Ff8cac388Ce3F10BFDc1dE79d\",\"tokenSymbol\":\"WIF\",\"minPrice\":\"3705838534184482100000000\",\"maxPrice\":\"3707025615874565300000000\",\"updatedAt\":1733650819600,\"timestamp\":1733650819},{\"tokenAddress\":\"0x25d887Ce7a35172C62FeBFD67a1856F20FaEbB00\",\"tokenSymbol\":\"PEPE\",\"minPrice\":\"24621500\",\"maxPrice\":\"24632167\",\"updatedAt\":1733650819600,\"timestamp\":1733650819},{\"tokenAddress\":\"0x0c880f6761F1af8d9Aa9C466984b80DAb9a8c9e8\",\"tokenSymbol\":\"PENDLE\",\"minPrice\":\"6612904666935\",\"maxPrice\":\"6614365930534\",\"updatedAt\":1733650819752,\"timestamp\":1733650819},{\"tokenAddress\":\"0x5979D7b546E38E414F7E9822514be443A4800529\",\"tokenSymbol\":\"wstETH\",\"minPrice\":\"4693427446605145\",\"maxPrice\":\"4694662432484284\",\"updatedAt\":1733650819600,\"timestamp\":1733650819},{\"tokenAddress\":\"0x5d3a1Ff2b6BAb83b63cd9AD0787074081a52ef34\",\"tokenSymbol\":\"USDe\",\"minPrice\":\"1001862800000\",\"maxPrice\":\"1001973800000\",\"updatedAt\":1733650819701,\"timestamp\":1733650819},{\"tokenAddress\":\"0x2cD2eB61D17b78239Fcd19aafF72981B5D5eF319\",\"tokenSymbol\":\"SATS\",\"minPrice\":\"304240229506000000\",\"maxPrice\":\"304440318359000000\",\"updatedAt\":1733650819600,\"timestamp\":1733650819},{\"tokenAddress\":\"0x9c74772b713a1B032aEB173E28683D937E51921c\",\"tokenSymbol\":\"POL\",\"minPrice\":\"687130000000\",\"maxPrice\":\"687344510000\",\"updatedAt\":1733650819551,\"timestamp\":1733650819},{\"tokenAddress\":\"0x53186c8419BEB83fE4Da74F7875041a1287337ED\",\"tokenSymbol\":\"ADA\",\"minPrice\":\"1189845512040782400000000\",\"maxPrice\":\"1190017913707648650000000\",\"updatedAt\":1733650820054,\"timestamp\":1733650819},{\"tokenAddress\":\"0xc5dbD52Ae5a927Cf585B884011d0C7631C9974c6\",\"tokenSymbol\":\"XLM\",\"minPrice\":\"48087981441599736000000\",\"maxPrice\":\"48098489561493150000000\",\"updatedAt\":1733650819904,\"timestamp\":1733650819},{\"tokenAddress\":\"0xc33D9C096e74aa4f571E9417b69a19C4A1e72ef2\",\"tokenSymbol\":\"BCH\",\"minPrice\":\"6114014173147170000000000\",\"maxPrice\":\"6115475031314594000000000\",\"updatedAt\":1733650820510,\"timestamp\":1733650820},{\"tokenAddress\":\"0xE958f107b467d5172573F761d26931D658C1b436\",\"tokenSymbol\":\"DOT\",\"minPrice\":\"1033866600000000000000\",\"maxPrice\":\"1034066060904436500000\",\"updatedAt\":1733650819600,\"timestamp\":1733650819},{\"tokenAddress\":\"0xdaf0A71608938F762e37eC5F72F670Cc44703454\",\"tokenSymbol\":\"ICP\",\"minPrice\":\"143458148787866640000000\",\"maxPrice\":\"143479840000000000000000\",\"updatedAt\":1733650820105,\"timestamp\":1733650819},{\"tokenAddress\":\"0x82BB89fcc64c5d4016C5Ed1AB016bB0D1C20D6C3\",\"tokenSymbol\":\"RENDER\",\"minPrice\":\"10114538610275\",\"maxPrice\":\"10116456337004\",\"updatedAt\":1733650819600,\"timestamp\":1733650819}]","timestamp":"2024-12-08T09:40:20.927Z"}
{"level":"info","message":"Arbitrum GMX Tickers fetched successfully:","timestamp":"2024-12-08T09:40:20.928Z"}
{"level":"info","message":"Fetching GMX data for avalanche using tickers endpoint with params: {}","timestamp":"2024-12-08T09:40:20.928Z"}
{"level":"info","message":"Fetched data for avalanche: [{\"tokenAddress\":\"0xB31f66AA3C1e785363F0875A1B74E27b85FD66c7\",\"tokenSymbol\":\"AVAX\",\"minPrice\":\"51031491717279\",\"maxPrice\":\"51044231949447\",\"updatedAt\":1733650819719,\"timestamp\":1733650819},{\"tokenAddress\":\"0x49D5c2BdFfac6CE2BFdB6640F4F80f226bc10bAB\",\"tokenSymbol\":\"ETH\",\"minPrice\":\"3957588900000000\",\"maxPrice\":\"3957788120000000\",\"updatedAt\":1733650820428,\"timestamp\":1733650819},{\"tokenAddress\":\"0x152b9d0FdC40C096757F570A51E494bd4b943E50\",\"tokenSymbol\":\"BTC\",\"minPrice\":\"993101623592177200000000000\",\"maxPrice\":\"993167560000000000000000000\",\"updatedAt\":1733650820579,\"timestamp\":1733650820},{\"tokenAddress\":\"0x5947BB275c521040051D82396192181b413227A3\",\"tokenSymbol\":\"LINK\",\"minPrice\":\"25880812000000\",\"maxPrice\":\"25891536039670\",\"updatedAt\":1733650820732,\"timestamp\":1733650820},{\"tokenAddress\":\"0xFE6B19286885a4F7F55AdAD09C3Cd1f906D2478F\",\"tokenSymbol\":\"SOL\",\"minPrice\":\"235601969809122070000000\",\"maxPrice\":\"235620932939191200000000\",\"updatedAt\":1733650820732,\"timestamp\":1733650820},{\"tokenAddress\":\"0xC301E6fe31062C557aEE806cc6A841aE989A3ac6\",\"tokenSymbol\":\"DOGE\",\"minPrice\":\"4555047863493093000000\",\"maxPrice\":\"4555363500000000000000\",\"updatedAt\":1733650820732,\"timestamp\":1733650820},{\"tokenAddress\":\"0x8E9C35235C38C44b5a53B56A41eaf6dB9a430cD6\",\"tokenSymbol\":\"LTC\",\"minPrice\":\"1320863068335345600000000\",\"maxPrice\":\"1321103000000000000000000\",\"updatedAt\":1733650820732,\"timestamp\":1733650820},{\"tokenAddress\":\"0xB97EF9Ef8734C71904D8002F8b6Bc66Dd9c48a6E\",\"tokenSymbol\":\"USDC\",\"minPrice\":\"999742609421311000000000\",\"maxPrice\":\"999868030000000000000000\",\"updatedAt\":1733650819719,\"timestamp\":1733650819},{\"tokenAddress\":\"0xA7D7079b0FEaD91F3e65f86E8915Cb59c1a4C664\",\"tokenSymbol\":\"USDC.e\",\"minPrice\":\"999742609421311000000000\",\"maxPrice\":\"999868030000000000000000\",\"updatedAt\":1733650819719,\"timestamp\":1733650819},{\"tokenAddress\":\"0x9702230A8Ea53601f5cD2dc00fDBc13d4dF4A8c7\",\"tokenSymbol\":\"USDT\",\"minPrice\":\"1000412095863837800000000\",\"maxPrice\":\"1000485300000000000000000\",\"updatedAt\":1733650820630,\"timestamp\":1733650820},{\"tokenAddress\":\"0xc7198437980c041c805A1EDcbA50c1Ce5db95118\",\"tokenSymbol\":\"USDT.e\",\"minPrice\":\"1000412095863837800000000\",\"maxPrice\":\"1000485300000000000000000\",\"updatedAt\":1733650820630,\"timestamp\":1733650820},{\"tokenAddress\":\"0xd586E7F844cEa2F87f50152665BCbc2C279D8d70\",\"tokenSymbol\":\"DAI.e\",\"minPrice\":\"999689199942\",\"maxPrice\":\"1000020000000\",\"updatedAt\":1733650820784,\"timestamp\":1733650820},{\"tokenAddress\":\"0x34B2885D617cE2ddeD4F60cCB49809fc17bb58Af\",\"tokenSymbol\":\"XRP\",\"minPrice\":\"2532445554310947400000000\",\"maxPrice\":\"2532771900000000000000000\",\"updatedAt\":1733650819971,\"timestamp\":1733650819},{\"tokenAddress\":\"0x62edc0692BD897D2295872a9FFCac5425011c661\",\"tokenSymbol\":\"GMX\",\"minPrice\":\"40784508719275\",\"maxPrice\":\"40797313894363\",\"updatedAt\":1733650820680,\"timestamp\":1733650820}]","timestamp":"2024-12-08T09:40:21.234Z"}
{"level":"info","message":"Avalanche GMX Tickers fetched successfully:","timestamp":"2024-12-08T09:40:21.235Z"}
{"level":"info","message":"Fetching GMX data for arbitrum using candles endpoint with params: {\"tokenSymbol\":\"ETH\",\"period\":\"1d\"}","timestamp":"2024-12-08T09:40:21.236Z"}
{"level":"info","message":"Fetched data for arbitrum: {\"period\":\"1d\",\"candles\":[[1733616000,4000.01,4012.6,3939.57,3957.8],[1733529600,4005.13,4030.15,3973.19,4000.01],[1733443200,3789.41,4095.54,3781.49,4005.13],[1733356800,3844.04,3958.53,3685.52,3789.41],[1733270400,3617.25,3896.98,3616.97,3844.04],[1733184000,3644.6,3670.86,3502.98,3617.25],[1733097600,3710.08,3762.71,3556.84,3644.6],[1733011200,3705.93,3748.76,3661.3,3710.08],[1732924800,3593.55,3740.59,3570.3,3705.93],[1732838400,3579.25,3649.12,3535.69,3593.55],[1732752000,3657.1,3665.27,3530.7,3579.25],[1732665600,3323.31,3688.62,3300.9,3657.1],[1732579200,3414.64,3462.72,3254.06,3323.31],[1732492800,3364.68,3546.15,3304.07,3414.64],[1732406400,3397.3,3453.41,3286.83,3364.68],[1732320000,3331.44,3500.2,3316.53,3397.3],[1732233600,3359.82,3429.48,3262.59,3331.44],[1732147200,3072.04,3390.18,3035.27,3359.82],[1732060800,3111.66,3161.35,3032.2,3072.04],[1731974400,3210.05,3223.03,3069.84,3111.66],[1731888000,3076.46,3225.99,3050.61,3210.05],[1731801600,3133.75,3161.67,3037.29,3076.46],[1731715200,3090.85,3220.17,3072.83,3133.75],[1731628800,3058.84,3131.19,3014.89,3090.85],[1731542400,3191.23,3242.32,3031.25,3058.84],[1731456000,3247.23,3338.83,3121.31,3191.23],[1731369600,3375.65,3445.39,3210.61,3247.23],[1731283200,3185.9,3391.35,3108.35,3375.65],[1731196800,3128.03,3251.14,3070.79,3185.9],[1731110400,2963.81,3158.03,2956.57,3128.03],[1731024000,2897.19,2985.35,2888.98,2963.81],[1730937600,2724.34,2920.02,2701.35,2897.19],[1730851200,2422.37,2746.37,2420.4,2724.34],[1730764800,2396.96,2479.35,2379.52,2422.37],[1730678400,2456.53,2489.7,2357.19,2396.96],[1730592000,2493.15,2495.63,2410.06,2456.53],[1730505600,2510.43,2522.17,2470,2493.15],[1730419200,2514.99,2585.01,2466.06,2510.43],[1730332800,2658.2,2667.91,2500.3,2514.99],[1730246400,2637.55,2721.01,2598.62,2658.2],[1730160000,2565.68,2681.21,2559.51,2637.55],[1730073600,2505.05,2587.63,2468.45,2565.68],[1729987200,2479.41,2524.41,2461.07,2505.05],[1729900800,2435.99,2504.16,2425.57,2479.41],[1729814400,2534.22,2563.99,2379.81,2435.99],[1729728000,2521.98,2558.88,2505.68,2534.22],[1729641600,2620.98,2625.11,2453.1,2521.98],[1729555200,2665.32,2670.33,2604.72,2620.98],[1729468800,2746.05,2768.25,2654.28,2665.32],[1729382400,2647.93,2758.11,2635.28,2746.05],[1729296000,2641.95,2662.93,2630.83,2647.93],[1729209600,2604.83,2675.38,2595.36,2641.95],[1729123200,2610.61,2647.31,2574.98,2604.83],[1729036800,2606.86,2646.7,2588.55,2610.61],[1728950400,2628.71,2687.19,2537.01,2606.86],[1728864000,2467.84,2653.11,2442.44,2628.71],[1728777600,2475.77,2484.21,2435.93,2467.84],[1728691200,2438.66,2489.49,2433.35,2475.77],[1728604800,2384.38,2471,2379.87,2438.66],[1728518400,2368.35,2417.92,2328.36,2384.38],[1728432000,2439.39,2471.82,2349.38,2368.35],[1728345600,2422.04,2464.78,2400.13,2439.39],[1728259200,2439.63,2520.3,2402.93,2422.04],[1728172800,2414.5,2457.31,2406.81,2439.63],[1728086400,2414.4,2428.01,2389.72,2414.5],[1728000000,2349.73,2440.84,2338.97,2414.4],[1727913600,2363.61,2403.05,2309.58,2349.73],[1727827200,2447.94,2498.41,2352.45,2363.61],[1727740800,2601.32,2657.92,2413.22,2447.94],[1727654400,2658.01,2663.58,2574.13,2601.32],[1727568000,2675.64,2683.81,2634.68,2658.01],[1727481600,2695.2,2704.87,2650.56,2675.64],[1727395200,2632.51,2728.62,2615.51,2695.2],[1727308800,2579.46,2666.44,2558.88,2632.51],[1727222400,2653.35,2673.62,2555.32,2579.46],[1727136000,2647,2671.24,2591.71,2653.35],[1727049600,2581.12,2703.39,2540.12,2647],[1726963200,2613.24,2632.26,2525.73,2581.12],[1726876800,2561.6,2622.26,2529.46,2613.24],[1726790400,2465.57,2571.94,2438.11,2561.6],[1726704000,2374.73,2494.38,2372.81,2465.57],[1726617600,2342.02,2376.07,2277.55,2374.73],[1726531200,2295.37,2393.82,2263.3,2342.02],[1726444800,2316.22,2335.32,2252.54,2295.37],[1726358400,2418.38,2430.94,2285.76,2316.22],[1726272000,2441.11,2442.5,2380.73,2418.38],[1726185600,2361.75,2464.46,2337.4,2441.11],[1726099200,2340.74,2391.83,2315.08,2361.75],[1726012800,2388.48,2389.54,2277.98,2340.74],[1725926400,2359.8,2399.02,2321.13,2388.48],[1725840000,2297.2,2380.05,2272.95,2359.8],[1725753600,2273.27,2332.41,2241.63,2297.2],[1725667200,2224.53,2311.01,2221.48,2273.27],[1725580800,2367.87,2407.54,2150.09,2224.53],[1725494400,2450.33,2465.82,2347.84,2367.87],[1725408000,2424.66,2489.54,2308.57,2450.33],[1725321600,2537.92,2553.28,2415.72,2424.66],[1725235200,2426.03,2564.12,2423.58,2537.92],[1725148800,2512.82,2515.91,2400.17,2426.03],[1725062400,2525.45,2533.44,2492.19,2512.82],[1724976000,2527.95,2548.9,2432.21,2525.45],[1724889600,2527.95,2596.4,2506.18,2527.95],[1724803200,2457.74,2554.98,2420.14,2527.95],[1724716800,2681.06,2700.19,2399,2457.74],[1724630400,2747.49,2763.32,2667.78,2681.06],[1724544000,2769.78,2793.34,2734.98,2747.49],[1724457600,2764.76,2820.48,2734.88,2769.78],[1724371200,2623.22,2800.64,2621.54,2764.76],[1724284800,2631.16,2645.53,2585.18,2623.22],[1724198400,2573.01,2664.04,2537.37,2631.16],[1724112000,2637.39,2696.52,2555.51,2573.01],[1724025600,2612.37,2648.71,2564.66,2637.39],[1723939200,2614.71,2686.58,2594.86,2612.37],[1723852800,2593.55,2627.72,2588.07,2614.71],[1723766400,2570.31,2630.45,2551.94,2593.55],[1723680000,2661.77,2675.67,2517.99,2570.31],[1723593600,2703.32,2779.37,2635.5,2661.77],[1723507200,2723.08,2738.78,2612.03,2703.32],[1723420800,2555.52,2749.97,2511.29,2723.08],[1723334400,2610.54,2719.1,2541.26,2555.52],[1723248000,2599.83,2644.87,2577.6,2610.54],[1723161600,2683.95,2707.34,2553.69,2599.83],[1723075200,2343.24,2723.69,2321.07,2683.95],[1722988800,2462.64,2551.89,2309.39,2343.24],[1722902400,2419.93,2554.68,2416.49,2462.64],[1722816000,2688.04,2696.31,2111.95,2419.93],[1722729600,2901.96,2932.37,2631.09,2688.04],[1722643200,2985.91,3015.85,2858.77,2901.96],[1722556800,3200.69,3215.58,2964.51,2985.91],[1722470400,3231.67,3241.86,3077.7,3200.69],[1722384000,3278.37,3348.12,3213.44,3231.67],[1722297600,3317.21,3365.52,3234.02,3278.37],[1722211200,3270.01,3396.59,3257.23,3317.21],[1722124800,3249.26,3283.58,3199.18,3270.01],[1722038400,3274.99,3327.72,3191.97,3249.26],[1721952000,3174.28,3286.04,3169.78,3274.99],[1721865600,3335.34,3341.59,3086.87,3174.28],[1721779200,3482.88,3487.84,3302.8,3335.34],[1721692800,3440.84,3540.22,3391.71,3482.88],[1721606400,3536.06,3562.4,3424.58,3440.84],[1721520000,3518.61,3547.21,3413.61,3536.06],[1721433600,3505.7,3540.62,3482.01,3518.61],[1721347200,3425.71,3541.45,3376.49,3505.7],[1721260800,3387.31,3489.65,3368.21,3425.71],[1721174400,3446.25,3517.78,3377.38,3387.31],[1721088000,3485.49,3499.11,3348.35,3446.25],[1721001600,3246.12,3495.59,3234.74,3485.49],[1720915200,3176.72,3268.45,3164.62,3246.12],[1720828800,3134.78,3202.62,3114.35,3176.72],[1720742400,3099.42,3158.07,3047.57,3134.78],[1720656000,3100.57,3215.09,3054.85,3099.42],[1720569600,3066.45,3150.39,3024.64,3100.57],[1720483200,3018.45,3112.67,3003.89,3066.45],[1720396800,2930.82,3093.18,2824.04,3018.45],[1720310400,3067.35,3073.75,2922.33,2930.82],[1720224000,2981.85,3081.1,2955.87,3067.35],[1720137600,3058.7,3107.97,2820.35,2981.85],[1720051200,3292.05,3309.7,3050.36,3058.7],[1719964800,3416.24,3426.91,3249.98,3292.05],[1719878400,3438.62,3460.05,3397.62,3416.24],[1719792000,3432.44,3518.42,3422.19,3438.62],[1719705600,3373.31,3454.11,3350.01,3432.44],[1719619200,3373.74,3402.92,3366.83,3373.31],[1719532800,3445.56,3483.91,3362.31,3373.74],[1719446400,3368.98,3473.55,3360.07,3445.56],[1719360000,3393.26,3424.34,3324.61,3368.98],[1719273600,3350.92,3427.09,3335.28,3393.26],[1719187200,3418.54,3433.31,3241.05,3350.92],[1719100800,3494.07,3519.75,3405.76,3418.54],[1719014400,3516.65,3519.24,3473.87,3494.07],[1718928000,3512.1,3545.24,3445.77,3516.65],[1718841600,3559.08,3624.24,3484.84,3512.1],[1718755200,3482.71,3586.47,3464.95,3559.08],[1718668800,3509.05,3514.27,3353.88,3482.71],[1718582400,3621.7,3635.65,3463.8,3509.05],[1718496000,3566.65,3650.94,3538.98,3621.7],[1718409600,3479.73,3591.5,3471.23,3566.65],[1718323200,3469.06,3531.04,3360.85,3479.73],[1718236800,3559.93,3561.58,3428.21,3469.06],[1718150400,3496.14,3654.64,3461.17,3559.93],[1718064000,3666.82,3671.69,3430.43,3496.14],[1717977600,3706.08,3712.62,3644.15,3666.82],[1717891200,3680.26,3721.19,3665.58,3706.08],[1717804800,3676.09,3707.18,3660.55,3680.26],[1717718400,3812.1,3840.02,3585.93,3676.09],[1717632000,3864.91,3877.51,3760.41,3812.1],[1717545600,3809.85,3886.37,3777.32,3864.91],[1717459200,3766.57,3831.2,3731.32,3809.85],[1717372800,3778.79,3849.45,3758.51,3766.57],[1717286400,3812.5,3835.02,3750.59,3778.79],[1717200000,3760.27,3829.96,3750.62,3812.5],[1717113600,3746.06,3843.82,3722.47,3760.28],[1717027200,3764.42,3823.21,3700.41,3746.36],[1716940800,3840.71,3883.73,3741.69,3764.42],[1716854400,3891.81,3928.61,3770.13,3840.71],[1716768000,3825.26,3974.53,3822.18,3891.81],[1716681600,3749.23,3881,3731.24,3825.26],[1716595200,3726.44,3777.3,3707.32,3749.23],[1716508800,3782.52,3827.82,3628.55,3726.44],[1716422400,3737.36,3946.84,3533.36,3782.52],[1716336000,3789.26,3812.89,3653.19,3737.36],[1716249600,3661.79,3839.36,3625.74,3789.26],[1716163200,3071.54,3692.61,3048.58,3661.79],[1716076800,3124.05,3137.76,3053.87,3071.54],[1715990400,3092.78,3147.33,3084.76,3124.05],[1715904000,2945.56,3120.2,2933.91,3092.78],[1715817600,3032.87,3041.04,2924.04,2945.55],[1715731200,2880.39,3041.2,2862.26,3032.87],[1715644800,2949.78,2959.58,2860.08,2880.39],[1715558400,2927.99,2994.75,2863.75,2949.78],[1715472000,2911.48,2953.77,2900.74,2927.99],[1715385600,2909.99,2944.43,2886.92,2911.48],[1715299200,3035.51,3052.69,2879.6,2909.99],[1715212800,2973.81,3058.05,2950.2,3035.51],[1715126400,3005.75,3038.14,2936.99,2973.81],[1715040000,3062.9,3130.16,3000.71,3005.75],[1714953600,3136.97,3221.78,3046.65,3062.91],[1714867200,3117.79,3172.08,3073.91,3136.97],[1714780800,3103.27,3167.6,3093.49,3117.79],[1714694400,2985.9,3126.79,2958.42,3103.27],[1714608000,2968.99,3016.02,2890.87,2985.9],[1714521600,3010.33,3019.66,2813.74,2968.99],[1714435200,3216.21,3250.27,2916.94,3010.33],[1714348800,3262.2,3285.39,3115.3,3216.22],[1714262400,3254.75,3355.35,3249.66,3262.2],[1714176000,3131.29,3283.18,3069.67,3254.75],[1714089600,3155.27,3167.67,3102.49,3131.28],[1714003200,3140.74,3191.01,3072.6,3155.27],[1713916800,3221.2,3292.85,3105.45,3140.74],[1713830400,3201.04,3264.83,3154.14,3221.2],[1713744000,3149.13,3236.01,3130.73,3201.15],[1713657600,3157.15,3198.51,3118.37,3149.13],[1713571200,3057.42,3171.05,3019.71,3157.15],[1713484800,3064.57,3129.18,2866.1,3057.42],[1713398400,2985.78,3094.29,2953.41,3064.57],[1713312000,3085.43,3123.91,2916.61,2985.78],[1713225600,3105.04,3127.98,2990.31,3085.43],[1713139200,3156.19,3280.76,3026.13,3105.04],[1713052800,3011.16,3175.39,2912.36,3156.19],[1712966400,3236.45,3303.21,2856.47,3011.16],[1712880000,3502.51,3552.05,3101.99,3236.45],[1712793600,3545.79,3618.16,3474.05,3502.51],[1712707200,3506.19,3563.09,3414.74,3545.79],[1712620800,3694.26,3725.29,3454.44,3506.19],[1712534400,3454.63,3729.14,3407.83,3694.26],[1712448000,3352.79,3459.95,3345.33,3454.63],[1712361600,3318.13,3399.17,3307.75,3352.79],[1712275200,3328.52,3346.52,3211.76,3318.12],[1712188800,3312.43,3442.99,3252.76,3328.52],[1712102400,3279.1,3368.89,3203.33,3312.43],[1712016000,3504.56,3506.13,3212.56,3279.1],[1711929600,3645.65,3646.32,3414.93,3504.56],[1711843200,3508.03,3655.68,3507.47,3645.65],[1711756800,3510.71,3566.15,3487.57,3508.16],[1711670400,3561.1,3584.94,3473.06,3510.71],[1711584000,3499.78,3609.67,3463.05,3561.1],[1711497600,3587.56,3665.68,3458.19,3499.78],[1711411200,3591.4,3679.73,3543.74,3587.56],[1711324800,3454.8,3658.98,3419.85,3591.4],[1711238400,3330.02,3471.03,3300.01,3454.8],[1711152000,3336.77,3435.23,3271.37,3330.02],[1711065600,3492.6,3542.26,3252.57,3336.77],[1710979200,3516.76,3586.64,3411.94,3492.6],[1710892800,3158.02,3535.25,3059.05,3516.76],[1710806400,3519.85,3545.98,3150.26,3157.81],[1710720000,3644.02,3644.54,3454.52,3519.85],[1710633600,3521.75,3678.2,3412.76,3644.02],[1710547200,3742.16,3781.33,3468.51,3521.75],[1710460800,3879.73,3930.26,3566.59,3742.16],[1710374400,4008.56,4014.38,3720.94,3879.73],[1710288000,3980.84,4083.44,3932.96,4008.56],[1710201600,4067.85,4093.48,3830.66,3980.84],[1710115200,3884.15,4089.86,3739.83,4067.85],[1710028800,3912.17,3972.08,3800.17,3884.15],[1709942400,3893.34,3948.7,3877.13,3912.17],[1709856000,3873.91,3998.81,3829.07,3893.34],[1709769600,3823.12,3938.17,3736.26,3873.91],[1709683200,3557.18,3902.95,3502.19,3823.12],[1709596800,3633.23,3827.93,3206.8,3557.18],[1709510400,3489.63,3645.61,3437.51,3632.96],[1709424000,3423.88,3493.47,3363.65,3489.63],[1709337600,3436.98,3463.29,3398.77,3423.88],[1709251200,3341.66,3454.13,3340.22,3436.98],[1709164800,3385.08,3523.22,3301.26,3341.66],[1709078400,3243.74,3489.85,3186.69,3385.08],[1708992000,3177.01,3288.9,3166.63,3243.74],[1708905600,3112.57,3196.73,3036.9,3177.01],[1708819200,2992.28,3120.55,2983.45,3112.57],[1708732800,2921.8,3005.61,2906.16,2992.28],[1708646400,2970.38,2992.59,2905.65,2921.8],[1708560000,2968.1,3035.05,2906.28,2970.38],[1708473600,3015.48,3017.74,2869.59,2968.3],[1708387200,2944.93,3033.6,2876,3015.48],[1708300800,2881.91,2984.6,2858.18,2944.93],[1708214400,2786.77,2895.75,2766.01,2881.91],[1708128000,2803.12,2805.47,2720.47,2786.77],[1708041600,2823.49,2858.23,2750.4,2803.12],[1707955200,2776.75,2869.05,2762.05,2823.49],[1707868800,2641.06,2787.9,2619.1,2776.75],[1707782400,2661.21,2687.45,2592.87,2641.06],[1707696000,2507.92,2666.85,2473,2661.21],[1707609600,2501.36,2540.67,2494.41,2507.91],[1707523200,2487.05,2517.58,2472.71,2501.36],[1707436800,2419.61,2523.71,2419.1,2487.05],[1707350400,2423.71,2461.39,2410.75,2419.61],[1707264000,2371.46,2443.08,2352.34,2423.71],[1707177600,2298.96,2390.49,2296.08,2371.46],[1707091200,2289.11,2337.68,2268.5,2298.96],[1707004800,2295.95,2310.19,2267.55,2289.11],[1706918400,2308.07,2328.81,2292.11,2295.95],[1706832000,2303.78,2324.18,2281.7,2308.07],[1706745600,2282.01,2310.66,2240.12,2303.78],[1706659200,2342.94,2351.53,2263.53,2282.01],[1706572800,2317.56,2391.62,2297.15,2342.94],[1706486400,2256.83,2322.25,2234.27,2317.56],[1706400000,2268.07,2308,2239.96,2256.83],[1706313600,2267.45,2282.69,2251.2,2268.07],[1706227200,2217.69,2281.4,2195.03,2267.44],[1706140800,2234.09,2241.7,2170.6,2217.69],[1706054400,2241.04,2262.57,2194.98,2234.09],[1705968000,2311.9,2349.31,2165.92,2241.04],[1705881600,2455.72,2464.69,2301.31,2311.9],[1705795200,2470.35,2480.46,2452.15,2455.72],[1705708800,2489.88,2489.88,2452.17,2470.35],[1705622400,2469.07,2502.24,2413.47,2489.88],[1705536000,2529.68,2547.14,2424.14,2469.07],[1705449600,2586.08,2592.45,2506.25,2529.68],[1705363200,2510.51,2613.02,2498.55,2586.08],[1705276800,2472.72,2552.35,2470.78,2510.51],[1705190400,2578.12,2578.62,2469.87,2472.72],[1705104000,2521,2589.73,2497.45,2578.12],[1705017600,2618.88,2717.19,2457.98,2521],[1704931200,2585.3,2690.04,2567.32,2618.88],[1704844800,2345.25,2642.17,2341.05,2585.2],[1704758400,2332.35,2372.67,2228.68,2345.26],[1704672000,2222.59,2359.61,2167.73,2332.35],[1704585600,2242.14,2258.62,2206.61,2222.59],[1704499200,2270.09,2271.57,2217.92,2242.14],[1704412800,2269.16,2278.73,2207.83,2270.09],[1704326400,2212,2296.26,2204.39,2269.16],[1704240000,2356.33,2385.86,2103.12,2212],[1704153600,2352.41,2432.31,2346.1,2356.33],[1704067200,2282.24,2352.41,2265.36,2352.41],[1703980800,2292.04,2321.58,2260.3,2282.24],[1703894400,2300.6,2323.08,2268.39,2292.06],[1703808000,2346.56,2386.84,2258.01,2300.6],[1703721600,2379.06,2448.12,2338.18,2346.56],[1703635200,2231.52,2392.74,2212.23,2379.06],[1703548800,2272.76,2276.23,2180.68,2231.52],[1703462400,2265.09,2306.13,2254.15,2272.79],[1703376000,2310.65,2328.36,2246.03,2265.09],[1703289600,2325.93,2331.11,2267.76,2310.65],[1703203200,2239.72,2343.18,2230.87,2325.93],[1703116800,2201.84,2279.28,2182.95,2239.72],[1703030400,2177.53,2265.5,2157.3,2201.84],[1702944000,2218.31,2254.46,2135.6,2177.53],[1702857600,2193.69,2222.65,2117.29,2218.31],[1702771200,2228.13,2245.28,2190,2193.69],[1702684800,2220.55,2263.21,2210.51,2228.03],[1702598400,2315.98,2318.34,2202.36,2220.55],[1702512000,2260.26,2332.48,2231.44,2315.99],[1702425600,2202.24,2283.97,2145.25,2260.26],[1702339200,2223.65,2242,2165.44,2202.24],[1702252800,2352.58,2355.16,2139.02,2223.65],[1702166400,2341.3,2377.81,2322.65,2352.58],[1702080000,2358.99,2403.49,2329.72,2341.3],[1701993600,2356.36,2391.79,2339.76,2359.2],[1701907200,2233.23,2383.24,2222.55,2356.36],[1701820800,2293.97,2311.93,2220.52,2233.24],[1701734400,2243.29,2309.62,2188.84,2293.97],[1701648000,2193.72,2274.6,2191.98,2243.29],[1701561600,2165.79,2217.18,2150.47,2193.72],[1701475200,2087.96,2186.05,2086.98,2165.79],[1701388800,2052.77,2111.08,2045.92,2087.96],[1701302400,2028.99,2055.38,2021.03,2052.77],[1701216000,2049.54,2075.9,2020.69,2028.99],[1701129600,2027.46,2075.02,1995.27,2049.54],[1701043200,2062.99,2071.9,1986.4,2027.46],[1700956800,2084.21,2095.16,2037.67,2062.99],[1700870400,2082.19,2091.68,2066.71,2084.21],[1700784000,2062.55,2133.32,2059.71,2082.19],[1700697600,2064.05,2089.32,2041,2062.55],[1700611200,1933.72,2092.42,1930.32,2064.05],[1700524800,2022.98,2036.14,1932.9,1933.72],[1700438400,2012.69,2067.53,1995.24,2022.98],[1700352000,1963.79,2016.38,1944.7,2012.69],[1700265600,1961.45,1971.86,1918.38,1963.8],[1700179200,1961.96,1991.55,1906.92,1961.45],[1700092800,2059.97,2091.91,1940.25,1961.96],[1700006400,1979.51,2062.56,1967.33,2059.96],[1699920000,2054.18,2065.27,1935.88,1979.51],[1699833600,2045.53,2118.68,2029.33,2054.18],[1699747200,2053.78,2066.9,2014.06,2045.53],[1699660800,2078.59,2090.6,2031.58,2053.78],[1699574400,2121.52,2136.59,2065.71,2078.59],[1699488000,1888.86,2131.91,1883.08,2121.52],[1699401600,1886.54,1905.14,1873.93,1888.86],[1699315200,1901.31,1907.37,1850.83,1886.54],[1699228800,1893.85,1915.65,1871.37,1901.31],[1699142400,1857.18,1914.24,1847.97,1893.85],[1699056000,1833.64,1871.26,1825.11,1857.18],[1698969600,1801.01,1835.43,1777.52,1833.64],[1698883200,1847.79,1875.05,1785.81,1801.01],[1698796800,1815.38,1858.12,1784.16,1847.79],[1698710400,1809.75,1820.13,1782.16,1815.38],[1698624000,1795.98,1830.46,1778.61,1809.75],[1698537600,1776.52,1812.12,1763.18,1795.95],[1698451200,1779.79,1803.36,1771.64,1776.52],[1698364800,1803.54,1804.06,1746.51,1779.79],[1698278400,1787.73,1865.98,1763.77,1803.54],[1698192000,1784.83,1817.54,1760.44,1787.73],[1698105600,1766.27,1855.36,1757.18,1784.83],[1698019200,1664.19,1799.92,1657.84,1766.27],[1697932800,1629.53,1668.27,1622.24,1664.19],[1697846400,1604.63,1644.65,1593.15,1629.53],[1697760000,1567.41,1630.97,1561.95,1604.63],[1697673600,1563.79,1574.74,1542.39,1567.41],[1697587200,1565.53,1586,1556.45,1563.79],[1697500800,1600.11,1601.28,1553.12,1565.53],[1697414400,1558,1640.38,1555.25,1600.11],[1697328000,1554.95,1566.46,1549.72,1558],[1697241600,1552.03,1561.23,1544.79,1554.96],[1697155200,1539.24,1574.13,1537.35,1552.03],[1697068800,1566.62,1568.32,1521.73,1539.24],[1696982400,1567.8,1578.6,1545.7,1566.63],[1696896000,1580.29,1595.14,1551.98,1567.79],[1696809600,1633.75,1636.45,1548.45,1580.29],[1696723200,1634.58,1642.27,1617.22,1633.76],[1696636800,1645.81,1648.43,1630.9,1634.58],[1696550400,1612.03,1662.29,1612.03,1645.81],[1696464000,1646.73,1655.17,1607.76,1612.03],[1696377600,1657.02,1657.84,1625.39,1646.73],[1696291200,1662.78,1670.78,1643.98,1657.02],[1696204800,1734.08,1743.86,1637.94,1662.78],[1696118400,1671.17,1753.01,1668.63,1734.09],[1696032000,1667.44,1694.27,1666.17,1671.17],[1695945600,1653.07,1688.13,1648.51,1667.43],[1695859200,1597.65,1667.46,1597.17,1653.07],[1695772800,1593.43,1633.5,1583.05,1597.65],[1695686400,1588.32,1599.28,1580.34,1593.43],[1695600000,1580.77,1597.47,1563.55,1588.32],[1695513600,1594.06,1601.36,1570.24,1580.77],[1695427200,1593.35,1598.37,1587.98,1594.06],[1695340800,1583.98,1602.62,1576.93,1593.35],[1695254400,1622.37,1625.38,1568.39,1583.98],[1695168000,1643.45,1649.68,1605.87,1622.37],[1695081600,1636.99,1661.29,1626.94,1643.45],[1694995200,1622.97,1669.62,1605.6,1636.99],[1694908800,1634.82,1635.53,1612.38,1622.97],[1694822400,1641.39,1652.35,1631.82,1634.82],[1694736000,1626.94,1653.59,1611.88,1641.39],[1694649600,1608.14,1644.68,1607.57,1626.94],[1694563200,1592.95,1618.82,1581.87,1608.14],[1694476800,1551.37,1624.46,1549.21,1592.95],[1694390400,1616.83,1618.4,1531.36,1551.37],[1694304000,1635.23,1635.62,1599.01,1616.83],[1694217600,1636.68,1637.65,1630.15,1635.23],[1694131200,1647.44,1658.21,1615.9,1636.68],[1694044800,1632.39,1658.86,1622.91,1647.44],[1693958400,1633.61,1669.11,1608.87,1632.39],[1693872000,1630.02,1647.22,1609.52,1633.61],[1693785600,1635.69,1644.61,1616.25,1630.02],[1693699200,1637,1647.2,1625.21,1635.69],[1693612800,1628.59,1644.51,1627.51,1637],[1693526400,1645.61,1654.14,1602.34,1628.59],[1693440000,1705.23,1725.48,1630.09,1645.61],[1693353600,1729.63,1731.14,1696.19,1705.23],[1693267200,1652.52,1744.81,1639.44,1729.63],[1693180800,1657.67,1663.06,1623.18,1652.52],[1693094400,1646.26,1659.41,1645.52,1657.66],[1693008000,1653.03,1654.81,1643.26,1646.26],[1692921600,1660.51,1675.73,1634.9,1653.03],[1692835200,1679.17,1682.93,1635.92,1660.51],[1692748800,1634.52,1700.78,1628.96,1679.17],[1692662400,1667.36,1669.18,1581.83,1634.54],[1692576000,1685.29,1688.23,1649.42,1667.36],[1692489600,1669.64,1694.42,1662.08,1685.29],[1692403200,1661.19,1695.94,1653.84,1669.64],[1692316800,1681.2,1699,1641.63,1661.19],[1692230400,1805.82,1808.05,1545.67,1681.2],[1692144000,1826.68,1829,1796.19,1805.82],[1692057600,1842.78,1844.8,1811.37,1826.68],[1691971200,1839.75,1853.61,1834.02,1842.78],[1691884800,1849.6,1860.93,1833.53,1839.75],[1691798400,1846.92,1852.04,1845.23,1849.6],[1691712000,1850.25,1854.95,1836.68,1846.92],[1691625600,1853.94,1864.31,1844.52,1850.25],[1691539200,1855.74,1871.13,1845.74,1853.94],[1691452800,1827.01,1875.57,1824.24,1855.74],[1691366400,1827.84,1844.53,1800.55,1827.01],[1691280000,1834.54,1836.59,1823.89,1827.85],[1691193600,1828.04,1836.82,1825.33,1834.54],[1691107200,1834.34,1849.67,1813.63,1828.04],[1691020800,1839.13,1858.28,1825.24,1834.34],[1690934400,1872.75,1878.88,1820.65,1839.13],[1690848000,1855.96,1874.79,1814.22,1872.75],[1690761600,1861.78,1877.33,1850.67,1856],[1690675200,1880.7,1885.5,1849.3,1861.78],[1690588800,1874.01,1886.68,1869.6,1880.7],[1690502400,1860.83,1882.47,1856.18,1874.01],[1690416000,1871.93,1886.03,1854.39,1860.83],[1690329600,1857.66,1887.74,1848.66,1871.93],[1690243200,1849.63,1868.21,1845.26,1857.66],[1690156800,1888.66,1890.8,1833.87,1849.6],[1690070400,1866.65,1905.07,1858.35,1888.66],[1689984000,1891.8,1897.32,1852.57,1866.65],[1689897600,1891.38,1905.33,1884.46,1891.83],[1689811200,1919.11,1923.04,1878.15,1891.38],[1689724800,1897.21,1922.04,1882.17,1888.63],[1689638400,1911.21,1917.19,1875.73,1897.21],[1689552000,1922.12,1936.18,1873.26,1911.2],[1689465600,1931.41,1943.55,1914,1922.11],[1689379200,1937.82,1946.37,1926.23,1931.41],[1689292800,2004.49,2029.11,1898.39,1937.83],[1689206400,1871.82,2012.63,1862.59,2004.49],[1689120000,1878.31,1902,1864.37,1871.82],[1689033600,1880.41,1891.99,1862.38,1878.3],[1688947200,1862.81,1905.5,1846.63,1880.4],[1688860800,1865.24,1879.36,1856.15,1862.8],[1688774400,1870.92,1876,1842.8,1865.24],[1688688000,1846.17,1878,1826,1870.91],[1688601600,1910.35,1958,1846,1846.17],[1688515200,1936.19,1942.5,1894.51,1910.36],[1688428800,1955.55,1967.08,1931.58,1936.2],[1688342400,1937.49,1976.16,1933.55,1955.54],[1688256000,1924.5,1959.2,1885.75,1937.48],[1688169600,1933.8,1944.56,1909.44,1924.5],[1688083200,1851.99,1948.6,1825.01,1933.79],[1687996800,1828.03,1880,1827.84,1851.99],[1687910400,1889.58,1890.19,1816.56,1828.02],[1687824000,1858.97,1912.53,1855.19,1889.58],[1687737600,1898.8,1909.1,1837.18,1858.97],[1687651200,1874.95,1930,1868.83,1898.8],[1687564800,1892.63,1906,1864.77,1874.96],[1687478400,1872,1936.42,1861.01,1892.63],[1687392000,1889.1,1933.17,1865.98,1872.01],[1687305600,1791.99,1901,1787.38,1889.11],[1687219200,1737.1,1796.99,1714.72,1791.99],[1687132800,1720.95,1752.19,1698,1737.11],[1687046400,1727.75,1747.84,1712,1720.95],[1686960000,1717.91,1770,1714.26,1727.76],[1686873600,1666.96,1729.5,1649.86,1717.92],[1686787200,1650.95,1680.91,1626.01,1666.96],[1686700800,1740.12,1750.03,1630.43,1650.95],[1686614400,1742.57,1770.13,1724.22,1740.12],[1686528000,1752.77,1759.33,1720,1742.57],[1686441600,1751.52,1778.25,1738.72,1752.76],[1686355200,1840.37,1844.99,1715.03,1751.53],[1686268800,1845.65,1855,1827,1840.37],[1686182400,1832.12,1861.28,1828.31,1845.64],[1686096000,1884.65,1897.8,1821.18,1832.13],[1686009600,1810.49,1898.29,1797.18,1884.64],[1685923200,1890,1890.63,1778,1810.5],[1685836800,1892.05,1914.63,1884.22,1890.01],[1685750400,1906.69,1907.92,1881.6,1892.06],[1685664000,1861.78,1910,1847.51,1906.68],[1685577600,1873.63,1889.2,1840,1861.78],[1685491200,1900.58,1907.13,1846.95,1873.63],[1685404800,1892.6,1917,1881.19,1900.59],[1685318400,1908.64,1927.62,1873.65,1892.6],[1685232000,1829.89,1918.65,1823.6,1908.64],[1685145600,1827.8,1836.12,1812.18,1829.89],[1685059200,1805.61,1838.2,1796.99,1827.79],[1684972800,1799.89,1818.81,1761.41,1805.6],[1684886400,1854.06,1854.09,1777.6,1799.89],[1684800000,1817.36,1872.5,1815.24,1854.05],[1684713600,1804.91,1828.27,1792.01,1817.35],[1684627200,1819.42,1828.98,1797.21,1804.91],[1684540800,1812.31,1828.87,1807.06,1819.42],[1684454400,1800.56,1829.54,1796.81,1812.32],[1684368000,1822.12,1831.92,1771.12,1800.56],[1684281600,1824.21,1837.5,1783.68,1822.12],[1684195200,1816.21,1832.64,1796.2,1824.21],[1684108800,1799.2,1846.7,1785.05,1816.2],[1684022400,1795.12,1824,1789.82,1799.21],[1683936000,1807.45,1817.03,1785.23,1795.11],[1683849600,1794.31,1818.63,1740,1807.45],[1683763200,1840.83,1842.02,1772.68,1794.3],[1683676800,1846.53,1887.47,1790.51,1840.84],[1683590400,1847.55,1861.88,1830.99,1846.52],[1683504000,1870.41,1883.97,1810.73,1847.56],[1683417600,1896.33,1933.33,1867.59,1870.4],[1683331200,1993.3,2019,1860,1896.33],[1683244800,1877.07,1998.36,1875.65,1993.3],[1683158400,1905.12,1918.26,1866.71,1877.07],[1683072000,1870.09,1916.52,1842.64,1905.12],[1682985600,1830.73,1881.87,1822.94,1870.08],[1682899200,1870.08,1886.49,1806.12,1830.73],[1682812800,1907.79,1939,1866.16,1870.09],[1682726400,1890.93,1918,1883.05,1907.8],[1682640000,1908.68,1923.88,1873.94,1890.94],[1682553600,1866.01,1940.96,1861.19,1908.68],[1682467200,1866.1,1964.72,1785,1866.01],[1682380800,1841.84,1877.86,1801.66,1866.1],[1682294400,1862.01,1890,1806,1841.84],[1682208000,1874.17,1882.01,1836.37,1862],[1682121600,1848.77,1887.31,1841.64,1874.16],[1682035200,1942.98,1957.27,1825,1848.78],[1681948800,1933.74,1982.99,1914.43,1942.98],[1681862400,2103.51,2104.6,1923.03,1933.73],[1681776000,2073.99,2125,2051,2103.5],[1681689600,2118.66,2120.51,2056.25,2074],[1681603200,2090.61,2141.54,2072.72,2118.67],[1681516800,2099.99,2111.85,2071.13,2090.6],[1681430400,2012,2128.76,2009.22,2099.99],[1681344000,1917.4,2023,1899.55,2012.01],[1681257600,1889.86,1933,1852.65,1917.39],[1681171200,1910.21,1937.37,1881.11,1889.86],[1681084800,1858.91,1918.79,1846.4,1910.2],[1680998400,1848.82,1873.99,1824.01,1858.92],[1680912000,1863.73,1879.38,1847,1848.82],[1680825600,1872.41,1882.61,1841.46,1863.72],[1680739200,1908.68,1909.91,1853.7,1872.41],[1680652800,1870.38,1942.98,1864.58,1908.69],[1680566400,1810.51,1891.91,1802.01,1870.37],[1680480000,1794.51,1839.99,1762.77,1810.51],[1680393600,1820.8,1824.81,1771.7,1794.51],[1680307200,1821.52,1842.83,1807.81,1820.79],[1680220800,1793.6,1847.28,1777.91,1821.52],[1680134400,1793.06,1829.69,1763,1793.61],[1680048000,1773,1827.99,1772.48,1793.07],[1679961600,1715.21,1795.73,1701.13,1772.99],[1679875200,1773.88,1780.48,1686.13,1715.22],[1679788800,1741.88,1801,1739.31,1773.88],[1679702400,1749.57,1763.23,1713.09,1741.88],[1679616000,1813.78,1818.99,1726.4,1749.57],[1679529600,1734.34,1857.16,1729.35,1813.79],[1679443200,1801.23,1819.98,1710.12,1734.33],[1679356800,1732.77,1835,1717.01,1801.23],[1679270400,1780.67,1803.05,1722,1732.78],[1679184000,1758.84,1841.36,1757.92,1780.68],[1679097600,1789.26,1841,1747.47,1758.84],[1679011200,1673.73,1800,1662.65,1789.27],[1678924800,1649.95,1691.42,1632.18,1673.73],[1678838400,1699.41,1716.9,1611,1649.96],[1678752000,1673.44,1780.02,1655.24,1699.4],[1678665600,1580.33,1693.49,1565,1673.45],[1678579200,1471.93,1594.19,1448.3,1580.33],[1678492800,1426.43,1478.07,1408.4,1471.97],[1678406400,1437.32,1439.43,1368.39,1426.44],[1678320000,1532.38,1546.45,1408,1437.32],[1678233600,1561.95,1570.89,1523.61,1532.38],[1678147200,1565.84,1584.49,1536.14,1561.96],[1678060800,1564.57,1583.49,1554.44,1565.84],[1677974400,1566.74,1588.77,1553.05,1564.58],[1677888000,1569.45,1577.53,1549.12,1566.73],[1677801600,1647.86,1649.25,1544.39,1569.45],[1677715200,1665.23,1677.86,1619.18,1647.86],[1677628800,1605.24,1669.72,1595,1665.22],[1677542400,1633.45,1647.52,1596.66,1605.23],[1677456000,1641.37,1665.22,1608,1633.45],[1677369600,1594.58,1651.26,1587.76,1641.36],[1677283200,1607.8,1608.98,1557.33,1594.58],[1677196800,1650.52,1664.66,1575.64,1607.8],[1677110400,1643.15,1679,1628.75,1650.53],[1677024000,1659.77,1666.95,1595.07,1643.14],[1676937600,1703.27,1716.66,1636.3,1659.76],[1676851200,1679.74,1719.89,1650.56,1703.27],[1676764800,1691.62,1726.59,1666.14,1679.75],[1676678400,1693.81,1713.13,1679.77,1691.62],[1676592000,1637.83,1722,1630.51,1693.87],[1676505600,1674.92,1742.97,1633.72,1637.84],[1676419200,1555.7,1680,1542.55,1674.92],[1676332800,1505.25,1569,1482.66,1555.71],[1676246400,1514.82,1526.1,1461.93,1505.24],[1676160000,1538.5,1548.02,1493.08,1514.83],[1676073600,1513.05,1543,1505,1538.51],[1675987200,1545.35,1555.01,1490,1513.06],[1675900800,1650.42,1656.17,1524.4,1545.35],[1675814400,1671.03,1697.91,1630.47,1650.43],[1675728000,1614.28,1678.37,1613.14,1671.03],[1675641600,1629.01,1658.56,1605.01,1614.29],[1675555200,1666.39,1673.81,1609.3,1629.02],[1675468800,1663.52,1695.29,1645.43,1666.38],[1675382400,1643.12,1676,1625.93,1663.52],[1675296000,1641.67,1714.68,1626.85,1643.12],[1675209600,1585.32,1647.77,1555.18,1641.68],[1675123200,1566.21,1605.18,1561.63,1585.33],[1675036800,1644.73,1647.53,1535,1566.2],[1674950400,1572.1,1660,1566.33,1644.72],[1674864000,1597.61,1606.83,1555.99,1572.1],[1674777600,1601.08,1621,1552.54,1597.62],[1674691200,1611.95,1632.84,1577.43,1601.09],[1674604800,1555.97,1641,1518,1611.94],[1674518400,1626.28,1641.46,1535,1555.97],[1674432000,1627.43,1648.09,1585.29,1626.29],[1674345600,1626.65,1663.89,1604,1627.44],[1674259200,1658.53,1679.26,1616.21,1626.66],[1674172800,1551.09,1669.9,1542.02,1658.52],[1674086400,1511.44,1564.43,1509.15,1551.09],[1674000000,1565.56,1610,1501.39,1511.43],[1673913600,1576.94,1609,1541.15,1565.57],[1673827200,1552.52,1604.5,1521.31,1576.94],[1673740800,1549.91,1566.66,1516.03,1552.52],[1673654400,1451.21,1599.98,1449.14,1549.9],[1673568000,1415.91,1464,1401.03,1451.2],[1673481600,1389.4,1438,1361.92,1415.92],[1673395200,1335.63,1398,1321.04,1389.39],[1673308800,1320.4,1347.69,1316.8,1335.62],[1673222400,1290.15,1344.91,1285.44,1320.39],[1673136000,1264.06,1296,1257.77,1290.16],[1673049600,1269.13,1271.09,1261.3,1264.07],[1672963200,1251.25,1276.7,1236,1269.14],[1672876800,1256.91,1259.95,1242.81,1251.24],[1672790400,1214.56,1272.6,1212.71,1256.9],[1672704000,1213.99,1219.89,1204.93,1214.55],[1672617600,1200.33,1224.29,1193,1214],[1672531200,1196.13,1204.67,1190.57,1200.34],[1672444800,1199.98,1208.46,1191.66,1196.13],[1672358400,1200.48,1202.15,1181.08,1199.99],[1672272000,1190.15,1206.57,1186.77,1200.49],[1672185600,1211.55,1215.78,1181.06,1190.15],[1672099200,1228.12,1233.73,1200.58,1211.55],[1672012800,1218.52,1231.09,1211.67,1228.11],[1671926400,1220.42,1225,1193.18,1218.51],[1671840000,1219.98,1227.99,1214.69,1220.41],[1671753600,1217.72,1231.99,1210,1219.99],[1671667200,1213.78,1237.99,1182.54,1217.71],[1671580800,1216.95,1223.39,1203.02,1213.78],[1671494400,1167.82,1230.47,1163.12,1216.94],[1671408000,1183.06,1195,1150.51,1167.82],[1671321600,1187.16,1199.54,1170.32,1183.06],[1671235200,1166.82,1190.03,1161.92,1187.16],[1671148800,1266.53,1280.06,1155.32,1166.83],[1671062400,1307.45,1311.14,1259.27,1266.54],[1670976000,1320.69,1352.72,1301,1307.44],[1670889600,1275.41,1349,1255.1,1320.69],[1670803200,1263,1278.9,1240.03,1275.4],[1670716800,1266.35,1284.75,1255.85,1263.01],[1670630400,1263.11,1283.61,1259.6,1266.35],[1670544000,1280.18,1296.64,1250,1263.1],[1670457600,1231.18,1292.58,1222.01,1280.18],[1670371200,1271.31,1278.69,1218.01,1231.18],[1670284800,1259.41,1274.76,1241.56,1271.32],[1670198400,1279.4,1305.11,1246.61,1259.41],[1670112000,1240.5,1287.19,1240.1,1279.41],[1670025600,1295.58,1309,1236.26,1240.51],[1669939200,1276.4,1297.18,1265.24,1295.59],[1669852800,1294.46,1299.9,1262.77,1276.41],[1669766400,1216.49,1309.77,1212.5,1294.46],[1669680000,1167.77,1228.37,1158.27,1216.49],[1669593600,1193.88,1199.25,1151.02,1167.77],[1669507200,1205.61,1223.33,1188.65,1193.88],[1669420800,1199.29,1235.66,1196.2,1205.6],[1669334400,1203.72,1207.77,1171.2,1199.3],[1669248000,1184.52,1217.71,1180.6,1203.73],[1669161600,1139.59,1190,1127.75,1184.52],[1669075200,1107.34,1146.13,1075,1139.6],[1668988800,1142.21,1146.99,1079.76,1107.34],[1668902400,1217.67,1227.07,1132.65,1142.21],[1668816000,1212.58,1235,1197.67,1217.67],[1668729600,1200.42,1234,1199.18,1212.58],[1668643200,1216.16,1228.22,1181.05,1200.43],[1668556800,1253.22,1268.67,1187.06,1216.17],[1668470400,1243.29,1291,1234.01,1253.23],[1668384000,1221.5,1291.2,1171.13,1243.28],[1668297600,1257.25,1274.23,1200.66,1221.49],[1668211200,1289.35,1292.16,1238.7,1257.25],[1668124800,1299.28,1310,1201.26,1289.28],[1668038400,1102.73,1350,1085.93,1299.28],[1667952000,1334.78,1337.16,1073.53,1102.73],[1667865600,1568.09,1579.98,1233,1334.77],[1667779200,1568.25,1608.04,1545.03,1568.1],[1667692800,1626.98,1639.02,1564.39,1568.29],[1667606400,1644.78,1666.97,1621.42,1626.98],[1667520000,1531.01,1680,1528.4,1644.78],[1667433600,1518.33,1559.01,1515.17,1531.01],[1667347200,1578.47,1621.68,1502.32,1518.34],[1667260800,1572.69,1612.92,1563.69,1578.48],[1667174400,1590.45,1635.8,1545.43,1572.69],[1667088000,1619.55,1640.06,1576.56,1590.44],[1667001600,1554.4,1663.06,1547.66,1619.55],[1666915200,1514.04,1574.9,1479.82,1554.41],[1666828800,1566.11,1578.58,1503.2,1514.05],[1666742400,1459.74,1594.99,1457.44,1566.1],[1666656000,1343.61,1525.16,1334.94,1459.74],[1666569600,1364.19,1370.6,1324.17,1343.61],[1666483200,1313.62,1371.55,1299.44,1364.2],[1666396800,1299.76,1320.2,1294.32,1313.61],[1666310400,1282.57,1306.97,1252.65,1299.75],[1666224000,1285.09,1310.87,1270.36,1282.57],[1666137600,1310.71,1313.5,1280.31,1285.09],[1666051200,1331.39,1341.73,1286.72,1310.71],[1665964800,1305.96,1338.57,1295.64,1331.4],[1665878400,1274.93,1315.35,1274.67,1305.95],[1665792000,1296.26,1301.69,1263.64,1274.92],[1665705600,1287.08,1343.12,1283.39,1296.27],[1665619200,1294.44,1301.58,1190,1287.08],[1665532800,1280.11,1306.87,1275.25,1294.44],[1665446400,1290.03,1298,1267.01,1280.11],[1665360000,1323.13,1338,1288,1290.03],[1665273600,1315.48,1329,1307.26,1323.13],[1665187200,1331.1,1337.35,1303.51,1315.48],[1665100800,1352.07,1361.75,1317.26,1331.1],[1665014400,1352.2,1383.99,1345.01,1352.06],[1664928000,1361.5,1364.77,1316.29,1352.2],[1664841600,1323.1,1369.55,1318.66,1361.49],[1664755200,1276.72,1329.9,1263.04,1323.09],[1664668800,1311.79,1317.93,1270,1276.72],[1664582400,1328.71,1333.69,1302.68,1311.79],[1664496000,1335.69,1373.19,1313.35,1328.72],[1664409600,1337.2,1352.02,1288.52,1335.7],[1664323200,1328.01,1355.7,1253.2,1337.2],[1664236800,1336.17,1400,1303.75,1328.02],[1664150400,1294.62,1340.42,1277.85,1336.17],[1664064000,1317.13,1337,1269.27,1294.63],[1663977600,1327.24,1349.33,1306.52,1317.13],[1663891200,1326.47,1360,1262.15,1327.25],[1663804800,1245.79,1350.08,1237.32,1326.46],[1663718400,1322.94,1408.9,1220,1245.78],[1663632000,1375.98,1384.78,1312.71,1322.93],[1663545600,1334.51,1393.35,1280,1375.98],[1663459200,1468.82,1469.63,1325.55,1334.51],[1663372800,1433.9,1476.13,1409.12,1468.83],[1663286400,1472.76,1483.35,1405.52,1433.9],[1663200000,1638.4,1655.2,1458,1472.75],[1663113600,1574.4,1647.01,1552.38,1638.39],[1663027200,1716.37,1760.51,1560.54,1574.4],[1662940800,1766.12,1783,1693,1716.37],[1662854400,1774.12,1789,1720.1,1766.11],[1662768000,1718.24,1789,1706.03,1774.12],[1662681600,1635.37,1746.13,1630.51,1718.23],[1662595200,1630,1663.56,1595.06,1635.37],[1662508800,1559.01,1657.5,1490.66,1630],[1662422400,1617.8,1687.4,1555,1559.01],[1662336000,1579.29,1631.99,1556.56,1617.8],[1662249600,1557.45,1583.66,1540.66,1579.28],[1662163200,1575.35,1582.71,1534.28,1557.46],[1662076800,1586.17,1650,1546.41,1575.35],[1661990400,1554.11,1599,1512.77,1586.16],[1661904000,1524.59,1619.78,1524.59,1554.1],[1661817600,1551.79,1606.13,1473.61,1524.59],[1661731200,1426.76,1559.99,1422.08,1551.8],[1661644800,1491.06,1511,1424,1426.76],[1661558400,1508.18,1518.42,1447.52,1491.06],[1661472000,1695.11,1706.45,1486.85,1508.18],[1661385600,1656.56,1722,1653.68,1695.11],[1661299200,1665.4,1694.13,1604.92,1656.56],[1661212800,1624.65,1676.07,1563.76,1665.41],[1661126400,1618.13,1629.72,1529.92,1624.66],[1661040000,1576.03,1646.52,1562.34,1618.13],[1660953600,1609,1657.08,1523.67,1576.04],[1660867200,1846.39,1848,1602.37,1609.01],[1660780800,1834.24,1882.37,1821.25,1846.39],[1660694400,1876.67,1959.43,1818.74,1834.25],[1660608000,1899.05,1915,1853,1876.67],[1660521600,1935.32,2012.47,1872.31,1899.06],[1660435200,1983.55,2030,1906,1935.31],[1660348800,1958.28,2020,1946.5,1983.55],[1660262400,1880.19,1964.71,1853.06,1958.28],[1660176000,1853.58,1942,1850.32,1880.19],[1660089600,1702.76,1885,1656.78,1853.57],[1660003200,1777.05,1790.83,1667.93,1702.76],[1659916800,1700.2,1818,1693.87,1777.05],[1659830400,1690.6,1729.79,1668,1700.19],[1659744000,1736.81,1749.93,1685.26,1690.6],[1659657600,1607.97,1742.07,1605.64,1736.81],[1659571200,1618.16,1662.79,1580.39,1607.96],[1659484800,1630.91,1685.03,1589.71,1618.16],[1659398400,1630.28,1678,1559.28,1630.91],[1659312000,1678.12,1704.68,1606.12,1630.28],[1659225600,1697,1754.69,1666,1678.12],[1659139200,1721.68,1744.85,1673.01,1697],[1659052800,1724.52,1765.99,1655.02,1721.68],[1658966400,1635.74,1784.79,1593.27,1724.52],[1658880000,1449.12,1644.44,1420.83,1635.74],[1658793600,1440.79,1454.11,1356.17,1449.12],[1658707200,1597.7,1609.55,1435.58,1440.79],[1658620800,1548.66,1664.34,1545.67,1597.7],[1658534400,1535.27,1596.51,1488,1548.67],[1658448000,1575.45,1650.05,1516.11,1535.27],[1658361600,1521.63,1605.98,1463.56,1575.45],[1658275200,1542.33,1620.4,1484.23,1521.58],[1658188800,1581.03,1631,1493.11,1542.32],[1658102400,1338.65,1597.47,1336.07,1581.04],[1658016000,1355.84,1387,1319.04,1338.65],[1657929600,1231.25,1422.91,1191.23,1355.85],[1657843200,1193.42,1287.82,1181.05,1231.25],[1657756800,1115.01,1214.65,1072.11,1193.42],[1657670400,1038.58,1119.18,1006.32,1115],[1657584000,1096.37,1098.26,1033.46,1038.58],[1657497600,1168.37,1171.29,1091.71,1096.4],[1657411200,1217.02,1219.95,1153,1168.36],[1657324800,1214.03,1235.4,1204.67,1217.02],[1657238400,1237.49,1276.46,1193.15,1214.04],[1657152000,1186.57,1254.29,1163.18,1237.49],[1657065600,1132.51,1205,1111.44,1186.57],[1656979200,1151.01,1174.9,1076.34,1132.5],[1656892800,1074.26,1160.9,1045.37,1151],[1656806400,1067.01,1088.34,1040.78,1074.26],[1656720000,1059.73,1078.88,1028.29,1067.01],[1656633600,1071.02,1117,1033.44,1059.73],[1656547200,1100.21,1106.62,998,1071.01],[1656460800,1144.05,1156.8,1087.42,1100.21],[1656374400,1192.51,1237.99,1136.32,1144.05],[1656288000,1197.79,1238.93,1172.49,1192.51],[1656201600,1242.31,1280,1194.6,1197.79],[1656115200,1225.02,1256.77,1180,1242.36],[1656028800,1144.71,1245.43,1132,1225.02],[1655942400,1050.19,1155,1045.3,1144.72],[1655856000,1125.86,1127.33,1043.65,1050.19],[1655769600,1128.24,1194,1109.23,1125.85],[1655683200,1128.53,1170,1053,1128.24],[1655596800,995.12,1158.62,936.15,1128.53],[1655510400,1086.93,1097.58,881.56,995.13],[1655424000,1068.5,1118,1051.11,1086.94],[1655337600,1237.53,1257.85,1051.55,1068.5],[1655251200,1208.9,1250,1014.4,1237.52],[1655164800,1209.35,1268.45,1075.8,1208.9],[1655078400,1434.84,1455,1165.45,1209.82],[1654992000,1532.89,1547,1423,1434.84],[1654905600,1662.91,1682.21,1496.74,1532.89],[1654819200,1788.8,1804.32,1655.93,1662.91],[1654732800,1791.88,1833,1777.33,1788.81],[1654646400,1813.33,1838.77,1765.28,1791.88],[1654560000,1859.84,1874.98,1725.13,1813.33],[1654473600,1806.22,1920,1804.35,1859.84],[1654387200,1804.58,1830.17,1773.05,1806.23],[1654300800,1775.13,1816,1748.43,1804.58],[1654214400,1834.09,1843.91,1737,1775.12],[1654128000,1817.96,1853.05,1782.42,1834.08],[1654041600,1941.9,1972.58,1763.75,1817.95],[1653955200,1998.78,2016.45,1925,1941.9],[1653868800,1813.64,2013,1803.18,1998.78],[1653782400,1792.21,1827.4,1759.96,1813.64],[1653696000,1727.26,1808.98,1722.26,1792.22],[1653609600,1792.24,1822.26,1703,1727.27],[1653523200,1942.64,1966.01,1735,1792.23],[1653436800,1979.4,2022.34,1934.61,1942.63],[1653350400,1973.33,1993.83,1913.02,1979.41],[1653264000,2043.19,2088.5,1957.12,1973.32],[1653177600,1975.06,2056.41,1966.33,2043.19],[1653091200,1959.08,1990.86,1937.36,1975.07],[1653004800,2019.55,2064,1923,1959.08],[1652918400,1915.11,2040.39,1903.18,2019.55],[1652832000,2090.72,2110.72,1908,1915.11],[1652745600,2023.66,2122.42,2008,2090.72],[1652659200,2145.29,2145.29,1979.12,2023.66],[1652572800,2056.47,2167,2000.68,2145.29],[1652486400,2009.69,2070.06,1951.21,2056.48],[1652400000,1960.22,2147.54,1940.23,2009.69],[1652313600,2084.99,2195,1800,1960.22],[1652227200,2342.04,2451.37,2005,2084.99],[1652140800,2229,2457.34,2200,2342.05],[1652054400,2519.71,2530.78,2225,2228.55],[1651968000,2635.35,2642,2484,2519.71],[1651881600,2692.86,2704.36,2584.75,2635.34],[1651795200,2747.96,2758.18,2632.95,2692.85],[1651708800,2940.65,2954.65,2683,2747.97],[1651622400,2781.7,2965.85,2771.74,2940.64],[1651536000,2856.54,2861.47,2755.19,2781.7],[1651449600,2824.81,2894.22,2778.78,2856.54],[1651363200,2726.67,2849.9,2716.13,2824.81],[1651276800,2817.13,2841.63,2709.26,2726.66],[1651190400,2936.92,2946.46,2776.63,2817.13],[1651104000,2888.95,2980,2853.83,2936.93],[1651017600,2809.68,2919.87,2794.46,2888.96],[1650931200,3006.63,3039.54,2767,2809.67],[1650844800,2920.99,3025.65,2797.01,3006.62],[1650758400,2933.04,2967.06,2912.09,2921],[1650672000,2962.39,2978.03,2913.89,2933.03],[1650585600,2983.57,3034.32,2930.35,2962.39],[1650499200,3076.03,3180,2942.31,2983.58],[1650412800,3101.74,3166.5,3036.45,3076.04],[1650326400,3055.56,3131,3030.34,3101.77],[1650240000,2988.07,3069.6,2883.22,3055.56],[1650153600,3059.3,3083,2981.7,2988.06],[1650067200,3040.57,3086.1,3010.03,3059.3],[1649980800,3021.98,3060.92,2993.13,3040.56],[1649894400,3118.28,3145,2976.3,3021.98],[1649808000,3027.65,3128.97,2996.86,3118.28],[1649721600,2979.75,3085,2950,3027.66],[1649635200,3203.04,3213.63,2950,2979.74],[1649548800,3258.57,3307.22,3193,3203.04],[1649462400,3192.39,3268.4,3181.28,3258.57],[1649376000,3227.2,3314.02,3173.52,3192.39],[1649289600,3168.52,3268.98,3143.15,3227.19],[1649203200,3407,3407.5,3162.39,3168.51],[1649116800,3519.5,3555,3400,3406.99],[1649030400,3521.9,3547,3405.97,3519.5],[1648944000,3443.77,3580.34,3412.11,3521.91],[1648857600,3455.2,3532.2,3433.14,3443.77],[1648771200,3281.51,3481.29,3210.68,3455.21],[1648684800,3385.8,3444.83,3261.35,3281.51],[1648598400,3400.51,3446.9,3331.84,3385.79],[1648512000,3332.91,3481.87,3329.68,3400.51],[1648425600,3295.65,3431.15,3275.01,3332.92],[1648339200,3145.01,3299.37,3126.02,3295.65],[1648252800,3102.13,3153.2,3084.9,3145],[1648166400,3110.75,3193.28,3076,3102.14],[1648080000,3035.99,3129.11,2999.11,3110.76],[1647993600,2969.64,3045.2,2920.65,3036],[1647907200,2890.03,3052.85,2886.43,2969.64],[1647820800,2861.39,2960.57,2829.81,2890.03],[1647734400,2950.85,2964.17,2817.21,2861.38],[1647648000,2938.84,2987.7,2890.86,2950.84],[1647561600,2811.91,2984,2765.59,2938.92],[1647475200,2773.8,2836,2746.42,2811.92],[1647388800,2617.74,2788,2603.38,2773.81],[1647302400,2589.42,2669,2507,2617.73]]}","timestamp":"2024-12-08T09:40:21.322Z"}
{"level":"info","message":"Arbitrum GMX Candlesticks fetched successfully:","timestamp":"2024-12-08T09:40:21.351Z"}
{"level":"info","message":"Fetching GMX data for avalanche using candles endpoint with params: {\"tokenSymbol\":\"AVAX\",\"period\":\"1d\"}","timestamp":"2024-12-08T09:40:21.351Z"}
{"level":"info","message":"Fetched data for avalanche: {\"period\":\"1d\",\"candles\":[[1733616000,51.64,52.1534,50.5531,51.0382],[1733529600,52.5546,53.127,51.2614,51.64],[1733443200,50.3499,53.5869,49.6468,52.5546],[1733356800,52.8498,53.653,49.4357,50.3499],[1733270400,50.9324,55.8484,50.8713,52.8498],[1733184000,52.2915,53.9402,47.8697,50.9324],[1733097600,45.124,52.504,45.0192,52.2915],[1733011200,44.8376,45.8071,43.7191,45.124],[1732924800,44.8756,46.2763,43.7089,44.8376],[1732838400,42.7783,45.0828,42.5366,44.8756],[1732752000,43.8251,44.2843,41.5161,42.7783],[1732665600,42.6884,44.4637,41.9368,43.8251],[1732579200,41.3167,43.3335,38.5043,42.6884],[1732492800,42.0871,47.9641,40.0713,41.3167],[1732406400,41.4717,43.1764,38.3505,42.0871],[1732320000,43.2468,45.3246,40.7297,41.4717],[1732233600,35.7947,43.5771,35.2106,43.2468],[1732147200,33.6123,36.2311,32.3445,35.7947],[1732060800,34.2709,35.7778,32.7985,33.6123],[1731974400,35.4962,35.6546,33.5651,34.2709],[1731888000,34.7209,36.1475,34.0948,35.4962],[1731801600,35.159,37.2697,33.1072,34.7209],[1731715200,33.1336,35.7407,32.8006,35.159],[1731628800,31.2026,33.3151,30.5978,33.1336],[1731542400,33.1544,34.7366,30.6812,31.2026],[1731456000,33.9755,35.1269,31.2452,33.1544],[1731369600,35.7556,37.7096,32.6893,33.9755],[1731283200,31.9072,35.8302,30.7295,35.7556],[1731196800,30.3815,33.3242,29.7074,31.9072],[1731110400,28.7978,30.4976,28.5059,30.3815],[1731024000,27.4035,28.81,27.1239,28.7978],[1730937600,27.0291,28.02,26.546,27.4035],[1730851200,23.9937,27.3201,23.9882,27.0291],[1730764800,22.7146,24.4765,22.5824,23.9937],[1730678400,23.525,23.9228,22.3342,22.7146],[1730592000,24.1177,24.2025,22.5935,23.525],[1730505600,24.7743,25.0092,23.963,24.1177],[1730419200,24.9886,25.7024,24.3839,24.7743],[1730332800,26.1664,26.22,24.6448,24.9886],[1730246400,26.8634,26.8997,25.989,26.1664],[1730160000,26.2381,27.1568,26.1539,26.8634],[1730073600,25.7417,26.5189,25.0188,26.2381],[1729987200,25.3727,25.9079,25.2134,25.7417],[1729900800,24.8844,25.6479,24.5123,25.3727],[1729814400,26.8148,26.8727,23.9925,24.8844],[1729728000,26.7285,27.2208,26.3555,26.8148],[1729641600,27.6237,27.6897,25.8545,26.7285],[1729555200,27.7426,28.2093,27.2276,27.6237],[1729468800,28.9585,29.3113,27.3691,27.7426],[1729382400,28.0949,28.9909,27.7576,28.9585],[1729296000,28.0926,28.4521,27.7109,28.0949],[1729209600,27.2931,28.1694,27.088,28.0926],[1729123200,28.0175,28.2617,26.8085,27.2931],[1729036800,28.2193,28.2229,27.2444,28.0175],[1728950400,29.0525,29.6103,27.5314,28.2193],[1728864000,29.0408,29.8504,28.6396,29.0525],[1728777600,28.6271,29.349,28.2901,29.0408],[1728691200,27.4443,29.3641,27.3805,28.6271],[1728604800,25.836,27.5849,25.7295,27.4443],[1728518400,25.7506,26.3422,25.0293,25.836],[1728432000,26.3325,26.6817,25.6585,25.7506],[1728345600,26.5562,27.179,26.0259,26.3325],[1728259200,26.9318,27.7313,26.5111,26.5562],[1728172800,25.6648,27.0789,25.4916,26.9318],[1728086400,26.2658,26.4186,25.0996,25.6648],[1728000000,24.6602,26.5004,24.4284,26.2658],[1727913600,25.3296,25.6647,23.8925,24.6602],[1727827200,25.818,26.7753,25.033,25.3296],[1727740800,27.7055,28.8857,25.0156,25.818],[1727654400,29.0412,29.1234,27.5529,27.7055],[1727568000,29.2899,29.4809,28.2455,29.0412],[1727481600,30.4396,30.7623,29.0349,29.2899],[1727395200,29.16,30.8615,28.9327,30.4396],[1727308800,27.2774,29.4289,26.9573,29.16],[1727222400,28.4666,28.4992,27.1472,27.2774],[1727136000,27.3847,28.5464,26.8367,28.4666],[1727049600,27.298,28.1735,26.5628,27.3847],[1726963200,27.7885,27.8064,26.4528,27.298],[1726876800,27.6758,28.1313,27.0062,27.7885],[1726790400,26.6678,28.7546,26.4752,27.6758],[1726704000,24.7037,26.793,24.6947,26.6678],[1726617600,23.7772,24.7429,22.7892,24.7037],[1726531200,23.5126,24.4917,23.1554,23.7772],[1726444800,23.7933,24.2361,23.2141,23.5126],[1726358400,25.3311,25.3876,23.6423,23.7933],[1726272000,24.9232,25.6649,24.6201,25.3311],[1726185600,24.0148,25.112,23.6676,24.9232],[1726099200,23.2799,24.1062,23.2632,24.0148],[1726012800,24.3539,24.5187,22.8697,23.2799],[1725926400,23.8473,24.5835,23.5708,24.3539],[1725840000,23.2436,24.3892,23.1322,23.8473],[1725753600,21.7939,23.5089,21.7089,23.2436],[1725667200,21.1581,22.0086,21.0448,21.7939],[1725580800,21.3665,22.1905,20.4682,21.1581],[1725494400,21.9053,22.1881,21.2151,21.3665],[1725408000,21.3813,22.321,20.4978,21.9053],[1725321600,22.3641,22.7268,21.3408,21.3813],[1725235200,21.4247,22.5671,21.3681,22.3641],[1725148800,22.8008,22.8376,21.1466,21.4247],[1725062400,23.2827,23.3947,22.4711,22.8008],[1724976000,22.8968,23.6406,22.1938,23.2827],[1724889600,23.4462,24.6874,22.7799,22.8968],[1724803200,24.0966,24.8391,23.1934,23.4462],[1724716800,25.9431,26.8126,23.6706,24.0966],[1724630400,26.9359,27.2132,25.8963,25.9431],[1724544000,27.1314,27.6908,26.1429,26.9359],[1724457600,26.5162,28.0103,26.2061,27.1314],[1724371200,25.2245,27.0335,25.2185,26.5162],[1724284800,23.5399,25.3013,23.0531,25.2245],[1724198400,22.265,23.8093,22.2469,23.5399],[1724112000,21.2195,22.7906,21.1668,22.265],[1724025600,20.8217,21.2566,20.3878,21.2195],[1723939200,20.7056,21.5188,20.5442,20.8217],[1723852800,20.3725,20.7116,20.2364,20.7056],[1723766400,20.1345,20.6902,19.7881,20.3725],[1723680000,20.9524,21.1539,19.8515,20.1345],[1723593600,21.384,21.8861,20.7783,20.9524],[1723507200,21.2714,21.631,20.602,21.384],[1723420800,20.4041,21.717,20.3012,21.2714],[1723334400,21.5876,22.3694,20.3879,20.4041],[1723248000,21.7508,22.0592,21.4078,21.5876],[1723161600,22.7461,22.8089,21.3032,21.7508],[1723075200,19.8537,22.8068,19.5257,22.7461],[1722988800,20.8966,21.7073,19.7032,19.8537],[1722902400,19.5416,21.4674,19.5175,20.8966],[1722816000,21.2374,21.3701,17.3316,19.5416],[1722729600,22.6622,22.9487,20.5887,21.2374],[1722643200,23.5735,24.0979,22.1836,22.6622],[1722556800,25.6864,25.8985,23.3296,23.5735],[1722470400,25.7011,25.9193,24.002,25.6864],[1722384000,26.3187,26.8612,25.4319,25.7011],[1722297600,26.9963,27.3119,26.0269,26.3187],[1722211200,27.3981,28.8482,26.9706,26.9963],[1722124800,28.0434,28.1789,27.1019,27.3981],[1722038400,28.7258,29.5215,27.5832,28.0434],[1721952000,27.2306,28.8647,27.1629,28.7258],[1721865600,28.3704,28.5836,26.2589,27.2306],[1721779200,29.8169,30.5526,28.2622,28.3704],[1721692800,31.8785,32.6338,29.4468,29.8169],[1721606400,32.6382,32.9525,31.3239,31.8785],[1721520000,29.1076,33.0037,28.5592,32.6382],[1721433600,28.1808,29.1895,27.7973,29.1076],[1721347200,27.1283,28.4283,26.6494,28.1808],[1721260800,27.2359,27.938,26.5919,27.1283],[1721174400,28.0186,29.0395,27.2122,27.2359],[1721088000,27.8427,29.2617,26.4785,28.0186],[1721001600,26.3597,27.9026,26.2719,27.8427],[1720915200,25.8636,26.6747,25.6117,26.3597],[1720828800,25.9734,26.3482,25.5374,25.8636],[1720742400,25.2032,26.1046,24.8163,25.9734],[1720656000,25.7534,26.3718,25.0194,25.2032],[1720569600,26.4344,27.4213,25.6265,25.7534],[1720483200,25.2033,26.5093,24.6978,26.4344],[1720396800,25.7416,27.2045,24.5444,25.2033],[1720310400,27.4075,27.4944,25.4698,25.7416],[1720224000,25.1355,27.6114,24.8771,27.4075],[1720137600,24.4392,25.4446,21.873,25.1355],[1720051200,26.4779,26.6694,24.2958,24.4392],[1719964800,28.6631,28.9252,26.4048,26.4779],[1719878400,28.7938,28.8779,28.0545,28.6631],[1719792000,29.3127,30.0777,28.7811,28.7938],[1719705600,27.7208,29.5215,27.3638,29.3127],[1719619200,27.902,28.6281,27.5342,27.7208],[1719532800,27.8773,29.0523,27.6334,27.902],[1719446400,25.8008,28.3467,25.3312,27.8773],[1719360000,25.3951,26.7238,25.2753,25.8008],[1719273600,24.779,25.77,24.5996,25.3951],[1719187200,25.0713,25.2226,23.5396,24.779],[1719100800,25.6096,25.997,24.1233,25.0713],[1719014400,27.466,27.4854,24.5139,25.6096],[1718928000,27.5727,28.0206,26.9223,27.466],[1718841600,26.9295,28.8662,26.68,27.5727],[1718755200,26.5942,27.6486,26.3842,26.9295],[1718668800,28.4482,28.5163,25.1591,26.5942],[1718582400,30.058,30.3278,27.3187,28.4482],[1718496000,29.991,30.4607,29.6572,30.058],[1718409600,30.2784,30.6303,29.9011,29.991],[1718323200,30.9835,32.0938,29.2943,30.2784],[1718236800,33.2693,33.4247,30.9269,30.9835],[1718150400,31.5407,33.9817,30.7909,33.2693],[1718064000,32.2712,32.3631,30.582,31.5407],[1717977600,32.9773,33.4611,32.03,32.2712],[1717891200,32.2762,33.0173,32.0387,32.9773],[1717804800,33.4964,33.7047,31.9387,32.2762],[1717718400,35.88,36.8527,30.9234,33.4964],[1717632000,36.5612,37.187,35.7172,35.88],[1717545600,36.06,36.8906,35.9254,36.5612],[1717459200,35.017,36.271,34.5005,36.06],[1717372800,34.8885,36.246,34.5471,35.017],[1717286400,35.7286,36.1482,34.757,34.8885],[1717200000,36.0008,36.1941,35.6687,35.7286],[1717113600,35.9597,36.7593,35.1912,36.0008],[1717027200,36.1679,37.0591,35.283,35.9597],[1716940800,36.9855,37.45,36.1224,36.1679],[1716854400,38.2332,38.3761,36.5132,36.9855],[1716768000,36.7484,38.9129,36.6385,38.2332],[1716681600,38.2762,38.3,36.4813,36.7484],[1716595200,37.9912,38.6883,37.7162,38.2762],[1716508800,38.5,38.9787,36.9093,37.9912],[1716422400,40.0027,40.4531,36.4787,38.5],[1716336000,41.1921,41.78,39.1925,40.0027],[1716249600,40.1312,41.3701,39.6756,41.1921],[1716163200,35.6042,40.29,35.1641,40.1312],[1716076800,37.2538,37.764,35.3942,35.6042],[1715990400,36.4339,37.6666,36.35,37.2538],[1715904000,34.4684,37.5892,34.2692,36.4339],[1715817600,34.6661,35.0046,33.7591,34.4684],[1715731200,31.5599,34.7791,31.365,34.6661],[1715644800,32.4493,33.2875,31.4644,31.5599],[1715558400,33.1243,33.8005,31.9179,32.4493],[1715472000,33.4775,33.9837,32.8422,33.1243],[1715385600,33.7093,34.0243,33.0593,33.4775],[1715299200,35.0645,36.0961,33.2387,33.7093],[1715212800,34.0132,35.3632,33.7333,35.0645],[1715126400,35.3016,35.5008,33.6433,34.0132],[1715040000,37.1138,37.6038,35.2716,35.3016],[1714953600,37.3668,39.8731,36.7837,37.1138],[1714867200,37.3693,37.9944,36.6885,37.3668],[1714780800,35.5609,37.6787,35.1874,37.3693],[1714694400,33.58,35.9394,33.31,35.5609],[1714608000,33.2908,34.1129,32.2629,33.58],[1714521600,32.6773,33.9114,30.5687,33.2908],[1714435200,35.2776,35.6987,31.8856,32.6773],[1714348800,33.9393,35.8574,32.8398,35.2776],[1714262400,34.4505,35.37,33.7897,33.9393],[1714176000,34.4134,35.1131,33.1336,34.4505],[1714089600,35.5872,35.8736,34.2667,34.4134],[1714003200,36.3386,36.7169,34.6874,35.5872],[1713916800,38.3026,39.8327,36.0138,36.3386],[1713830400,39.2134,39.9236,38.003,38.3026],[1713744000,37.1529,39.7235,36.7864,39.2034],[1713657600,38.3229,38.7731,36.3891,37.1529],[1713571200,34.6731,38.503,34.1565,38.3229],[1713484800,34.8566,36.1431,31.9638,34.6731],[1713398400,33.582,35.5974,32.8076,34.8566],[1713312000,34.7661,35.3562,32.2456,33.582],[1713225600,35.1727,35.9165,32.7159,34.7661],[1713139200,37.2839,38.6144,34.1414,35.1713],[1713052800,33.946,37.9141,32.68,37.2839],[1712966400,39.3673,39.3628,29.4449,33.946],[1712880000,46.0299,46.8697,35.88,39.3673],[1712793600,47.304,47.494,45.61,46.0299],[1712707200,46.4565,48.004,45.1368,47.304],[1712620800,49.8592,49.9641,46.3465,46.4565],[1712534400,49.32,50.8035,48.2645,49.8592],[1712448000,48.1992,49.4845,47.9095,49.32],[1712361600,45.33,48.8363,45.0725,48.1992],[1712275200,46.5221,46.6121,44.0009,45.33],[1712188800,45.8997,48.1829,45.4388,46.5221],[1712102400,46.8643,48.3145,44.9963,45.8997],[1712016000,51.3966,51.3916,46.3,46.8643],[1711929600,54.08,54.1494,50.2716,51.3966],[1711843200,52.9622,54.2725,52.9021,54.08],[1711756800,53.3649,54.637,52.8021,52.9622],[1711670400,54.6396,54.6596,52.5449,53.3649],[1711584000,54.0749,55.0145,53.1639,54.6396],[1711497600,55.7915,56.7316,53.0209,54.0749],[1711411200,57.7685,59.31,55.3514,55.7915],[1711324800,55.6945,59.1924,54.9451,57.7685],[1711238400,53.4586,55.822,52.4427,55.6945],[1711152000,53.4405,55.9506,52.6353,53.4586],[1711065600,53.8226,57.8085,51.6405,53.4405],[1710979200,57.07,57.8684,52.7774,53.8226],[1710892800,53.6042,58.1484,50.4145,57.07],[1710806400,60.617,61.8433,53.1671,53.6042],[1710720000,58.3935,65.3543,55.2583,60.617],[1710633600,53.4124,58.4236,50.0635,58.3935],[1710547200,58.3701,61.4306,51.9964,53.4124],[1710460800,53.9338,58.8608,48.34,58.3701],[1710374400,54.8456,59.295,50.474,53.9338],[1710288000,55.495,55.5251,52.2653,54.8456],[1710201600,49.1202,57.3527,46.4213,55.495],[1710115200,42.107,49.5623,40.089,49.1202],[1710028800,43.01,43.9993,40.996,42.107],[1709942400,42.7259,43.6484,42.4476,43.01],[1709856000,43.2641,44.0294,41.1603,42.7259],[1709769600,41.5812,44.5137,41.5712,43.2641],[1709683200,39.4903,42.1614,37.9655,41.5812],[1709596800,43.1434,45.1726,35,39.4903],[1709510400,42.61,44.0113,41.4564,43.1434],[1709424000,44.4019,44.9124,40.4091,42.61],[1709337600,42.7077,44.571,42.0168,44.4019],[1709251200,40.9736,43.37,40.9936,42.7077],[1709164800,40.3646,44.6448,39.6566,40.9736],[1709078400,39.2848,41.3189,36.4322,40.3646],[1708992000,39.2904,39.9264,38.3544,39.2848],[1708905600,37.4585,39.3504,36.2985,39.2904],[1708819200,36.7571,37.4885,36.425,37.4585],[1708732800,35.9108,36.9371,35.1959,36.7571],[1708646400,36.767,36.9315,35.3075,35.9108],[1708560000,37.6043,38.2006,36.5144,36.767],[1708473600,38.5073,38.5457,35.9045,37.6043],[1708387200,39.51,39.705,36.902,38.5073],[1708300800,40.3003,40.6404,39.1207,39.51],[1708214400,39.7708,40.7508,39.0006,40.3003],[1708128000,40.2788,40.4576,38.4134,39.7708],[1708041600,41.568,41.8051,39.4821,40.2788],[1707955200,42.2517,43.6248,40.9648,41.568],[1707868800,39.7474,42.4388,39.1473,42.2517],[1707782400,40.9921,41.7053,38.8947,39.7474],[1707696000,39.7371,41.1861,38.4,40.9921],[1707609600,40.2196,41.2096,39.381,39.7371],[1707523200,38.0121,41.2397,38.0121,40.2196],[1707436800,35.4214,38.6064,35.4157,38.0121],[1707350400,35.2711,36.1147,35.0727,35.4214],[1707264000,34.1354,35.4776,33.6251,35.2711],[1707177600,34.4946,34.6944,33.6914,34.1354],[1707091200,34.8435,35.8792,34.0841,34.5],[1707004800,35.9406,36.521,34.6777,34.8435],[1706918400,36.7502,37.562,35.3975,35.9406],[1706832000,33.8415,36.9254,33.7526,36.7502],[1706745600,33.1536,33.93,32.294,33.8415],[1706659200,35.2185,35.4885,33.1136,33.1536],[1706572800,36.0662,37.1412,35.0065,35.2185],[1706486400,34.8226,36.5329,34.3526,36.0662],[1706400000,33.2829,36.7,33.2065,34.8226],[1706313600,32.2575,33.3029,31.8648,33.2829],[1706227200,30.4953,33.0889,30.1189,32.2575],[1706140800,31.1865,31.3432,29.61,30.4953],[1706054400,30.609,31.8814,29.48,31.1865],[1705968000,29.501,30.67,27.22,30.609],[1705881600,32.5234,32.7117,29.3151,29.501],[1705795200,32.8618,33.4616,32.44,32.5234],[1705708800,32.7102,32.962,32.0176,32.8618],[1705622400,33.5652,33.7201,31.177,32.7102],[1705536000,36.0536,36.1668,32.6938,33.5652],[1705449600,35.5626,36.4843,35.2519,36.0536],[1705363200,35.5937,36.5143,34.7698,35.5611],[1705276800,35.2878,36.7754,35.1416,35.5937],[1705190400,36.4889,37.8576,35.2778,35.2878],[1705104000,35.9007,36.6279,34.708,36.4889],[1705017600,39.3072,39.58,34.6491,35.9007],[1704931200,38.5425,41.7747,37.5622,39.3072],[1704844800,34.6631,39.5514,33.3854,38.5425],[1704758400,36.0959,37.6165,33.8028,34.6631],[1704672000,33.67,36.436,31.1793,36.0959],[1704585600,34.6469,35.7978,33.1398,33.67],[1704499200,36.4794,36.5294,33.4559,34.6469],[1704412800,38.7799,38.9546,35.0261,36.4794],[1704326400,36.8133,39.4605,36.12,38.7799],[1704240000,40.625,41.4336,33.0722,36.8133],[1704153600,41.9499,43.4303,40.3449,40.625],[1704067200,38.5501,42,38.0463,41.9499],[1703980800,39.3257,40.5155,37.6132,38.5501],[1703894400,40.18,40.3645,38.1685,39.3257],[1703808000,39.8481,42.1593,38.5298,40.18],[1703721600,42.4343,43.4147,39.258,39.8481],[1703635200,44.3986,44.93,41.8845,42.4343],[1703548800,48.1874,48.3348,40.7656,44.3986],[1703462400,47.71,48.9204,45.9995,48.1874],[1703376000,48.0723,49.9136,46.4215,47.71],[1703289600,45.3788,48.2824,43.4538,48.0723],[1703203200,45.9665,48.8663,43.6784,45.3788],[1703116800,43.4688,47.37,43.0682,45.9665],[1703030400,39.7314,44.4796,39.0829,43.4688],[1702944000,41.1386,42.1284,38.7493,39.73],[1702857600,40.5741,41.3832,36.4854,41.1386],[1702771200,42.19,43.9945,40.25,40.5741],[1702684800,39.7116,45.3111,38.5134,42.19],[1702598400,39.2943,42.2527,38.5316,39.7116],[1702512000,38.9754,40.3421,36.7593,39.2943],[1702425600,37.4489,41.4583,34.0589,38.9754],[1702339200,38.0065,42.8478,35.9775,37.4489],[1702252800,37.1557,39.3708,32.1406,38.0065],[1702166400,31.91,37.9695,31.5579,37.1557],[1702080000,30.4599,34.262,30.4698,31.91],[1701993600,26.2801,30.7984,26.0602,30.4599],[1701907200,26.2035,27.8837,25.7535,26.2801],[1701820800,24.5474,27.6566,24.4699,26.2035],[1701734400,22.6819,24.826,21.8109,24.5474],[1701648000,21.9477,23.1981,20.6836,22.6819],[1701561600,22.25,22.75,21.6097,21.9477],[1701475200,21.8638,22.4394,21.7585,22.25],[1701388800,21.393,22.6363,21.1159,21.8638],[1701302400,21.1152,21.5017,20.8236,21.393],[1701216000,20.6904,21.5756,20.5654,21.1152],[1701129600,20.3593,20.8542,19.5268,20.6904],[1701043200,21.0709,21.308,19.8374,20.3593],[1700956800,21.3707,21.5143,20.1217,21.0709],[1700870400,20.9082,21.4887,20.658,21.3707],[1700784000,20.6415,21.8733,20.4531,20.9082],[1700697600,20.79,21.4883,20.4479,20.6415],[1700611200,19.0152,21.2458,18.9951,20.79],[1700524800,20.8617,22.2822,18.9291,19.0152],[1700438400,22.8539,23.2595,20.7285,20.8617],[1700352000,22.0025,23.0494,20.7718,22.8539],[1700265600,21.9483,22.6886,20.1877,22.0025],[1700179200,21.71,24.67,20,21.9483],[1700092800,20.7042,24.05,20.2549,21.71],[1700006400,17.0509,20.9406,17.0209,20.7042],[1699920000,16.1185,18.1079,15.5789,17.0509],[1699833600,18.9873,19.7376,16.116,16.1235],[1699747200,16.8019,19.7376,15.9003,18.9873],[1699660800,14.7493,16.9939,14.0091,16.8019],[1699574400,12.9712,14.8588,12.9022,14.7493],[1699488000,12.994,13.9553,11.9823,12.9712],[1699401600,12.8166,13.15,12.67,12.994],[1699315200,13.0804,13.1014,12.3013,12.8166],[1699228800,12.3583,13.1688,12.2491,13.0804],[1699142400,12.2254,12.6792,12.1108,12.3583],[1699056000,12.1137,12.333,11.9317,12.2254],[1698969600,11.8811,12.19,11.451,12.1137],[1698883200,12.2336,12.5457,11.4383,11.8811],[1698796800,11.3366,12.3272,10.884,12.2342],[1698710400,11.4633,11.7634,11.0163,11.3366],[1698624000,11.3746,11.6847,11.0692,11.4633],[1698537600,10.9722,11.44,10.7922,11.3746],[1698451200,10.5938,11.0809,10.5518,10.9722],[1698364800,11.0508,11.0608,10.4022,10.5938],[1698278400,10.5237,11.472,10.3715,11.0508],[1698192000,10.32,10.632,10.1696,10.5237],[1698105600,10.5878,10.8057,10.0958,10.32],[1698019200,10.08456,10.67283,9.87153,10.5878],[1697932800,9.63736,10.09312,9.54448,10.08456],[1697846400,9.22378,9.81402,9.18,9.63736],[1697760000,9.07,9.38587,9.03324,9.22378],[1697673600,8.91138,9.12,8.65615,9.07],[1697587200,9.10993,9.21095,8.84548,8.91138],[1697500800,9.40256,9.41128,9.01623,9.10993],[1697414400,9.17046,9.81025,9.17,9.40256],[1697328000,9.14834,9.26234,9.07828,9.17046],[1697241600,9.1498,9.2474,9.12057,9.14834],[1697155200,9.11836,9.33707,9.02675,9.1498],[1697068800,9.3,9.31531,8.88848,9.11836],[1696982400,9.53063,9.57063,9.21861,9.3],[1696896000,9.5403,9.85,9.42217,9.53063],[1696809600,10.0863,10.09,9.30516,9.5403],[1696723200,10.35772,10.53554,9.97262,10.0863],[1696636800,10.6602,11.863,10.26,10.3577],[1696550400,10.1413,10.83,10.1308,10.6602],[1696464000,10.10484,10.32035,9.82653,10.14125],[1696377600,9.42,10.28035,9.12507,10.10484],[1696291200,9.31723,9.47507,9.23172,9.42],[1696204800,9.75155,9.83078,9.175,9.31723],[1696118400,9.24187,9.82578,9.21897,9.75155],[1696032000,9.17932,9.29482,9.11732,9.24187],[1695945600,9.27,9.36,9.07849,9.17932],[1695859200,8.92223,9.35145,8.90375,9.27],[1695772800,9.04,9.18278,8.82573,8.92],[1695686400,8.94852,9.0652,8.85786,9.04],[1695600000,8.78176,8.95886,8.63086,8.94852],[1695513600,8.90178,9.0517,8.75,8.78176],[1695427200,8.86609,8.9816,8.83009,8.90178],[1695340800,8.82996,8.91996,8.73991,8.86609],[1695254400,9.04991,9.10991,8.77991,8.82996],[1695168000,9.21184,9.24,8.87177,9.04991],[1695081600,9.11045,9.30789,9.04184,9.21184],[1694995200,9.10115,9.31236,8.82112,9.11045],[1694908800,9.38244,9.38244,9.02229,9.10115],[1694822400,9.43017,9.61008,9.36016,9.38244],[1694736000,9.40132,9.51133,9.18814,9.43017],[1694649600,9.29077,9.47039,9.25077,9.40132],[1694563200,9.21963,9.44924,9.10664,9.29077],[1694476800,9.23,9.57856,9.2,9.21963],[1694390400,9.45844,9.51,9.06,9.23],[1694304000,9.83827,9.83827,9.21838,9.45844],[1694217600,9.92085,9.92085,9.82914,9.83827],[1694131200,10.09,10.14247,9.8351,9.92085],[1694044800,9.94461,10.13495,9.83467,10.09],[1693958400,9.90942,10.04578,9.77295,9.94461],[1693872000,9.80173,9.95841,9.65845,9.90942],[1693785600,9.87749,10.03872,9.6869,9.80173],[1693699200,9.91268,9.98993,9.82994,9.87749],[1693612800,9.92327,9.96056,9.75912,9.91268],[1693526400,9.97955,10.05955,9.75815,9.92327],[1693440000,10.41137,10.54138,9.83129,9.97955],[1693353600,10.8174,10.8279,10.3308,10.4114],[1693267200,10.3648,11.1943,10.3248,10.8109],[1693180800,10.2,10.43977,9.91788,10.36476],[1693094400,10.0854,10.2754,10.0697,10.2],[1693008000,10.04,10.1254,10.0044,10.0854],[1692921600,10.11457,10.12707,9.8847,10.04],[1692835200,10.33878,10.35939,9.97232,10.11457],[1692748800,10.1459,10.4658,10.058,10.3388],[1692662400,10.35949,10.37949,9.7361,10.14594],[1692576000,10.8651,10.878,10.1751,10.3595],[1692489600,10.81,10.92,10.7389,10.8651],[1692403200,10.8058,10.8858,10.56,10.81],[1692316800,10.5786,10.997,10.5386,10.8058],[1692230400,11.36703,11.49688,9.9886,10.57857],[1692144000,11.8146,11.8581,11.0837,11.367],[1692057600,12.3528,12.3628,11.3121,11.8146],[1691971200,12.2613,12.4456,12.1707,12.3528],[1691884800,12.3839,12.4212,12.1913,12.2613],[1691798400,12.4326,12.48,12.3439,12.3839],[1691712000,12.4727,12.5352,12.34,12.4326],[1691625600,12.6196,12.6591,12.4553,12.4727],[1691539200,12.68,12.7981,12.4896,12.6196],[1691452800,12.4493,12.7881,12.3688,12.68],[1691366400,12.5788,12.7391,12.2046,12.4493],[1691280000,12.4326,12.6544,12.4113,12.5788],[1691193600,12.4011,12.4363,12.2728,12.4326],[1691107200,12.4315,12.6005,12.2612,12.4011],[1691020800,12.5427,12.6307,12.39,12.4315],[1690934400,12.88,12.9579,12.4255,12.5427],[1690848000,12.8193,12.8886,12.4086,12.88],[1690761600,13.1205,13.2753,12.7086,12.8193],[1690675200,13.2392,13.4105,12.9203,13.1205],[1690588800,13.2232,13.2896,13.1592,13.2392],[1690502400,13.1498,13.2912,13.0165,13.2232],[1690416000,13.2687,13.4298,13.0249,13.1498],[1690329600,13.3396,13.4587,13.0887,13.2687],[1690243200,13.11,13.5345,13.04,13.3396],[1690156800,13.5427,13.6,12.815,13.11],[1690070400,13.5213,13.7514,13.4056,13.5427],[1689984000,13.9798,14.0503,13.3213,13.5213],[1689897600,13.8694,14.0694,13.7347,13.9798],[1689811200,13.9902,14.4202,13.6901,13.8694],[1689724800,13.8027,14.2728,13.7627,13.9902],[1689638400,14.4022,14.5811,13.616,13.8027],[1689552000,14.293,14.6262,13.8709,14.4022],[1689465600,14.842,14.932,14.176,14.293],[1689379200,14.649,15.3495,14.4195,14.842],[1689292800,14.1142,15.9674,14.0542,14.649],[1689206400,13.0147,14.1894,12.8995,14.1142],[1689120000,13.2701,13.3501,12.8602,13.0147],[1689033600,13.3908,13.6904,13.1608,13.2701],[1688947200,13.5841,13.8542,13.174,13.3908],[1688860800,13.6432,14.2133,13.5741,13.5841],[1688774400,12.741,13.8756,12.73,13.6432],[1688688000,12.3748,12.751,12.2698,12.741],[1688601600,12.6714,13.1115,12.2514,12.3748],[1688515200,13.0374,13.1518,12.5009,12.6714],[1688428800,13.2501,13.4002,13.0118,13.0374],[1688342400,13.1254,13.4509,13.0708,13.2501],[1688256000,13,13.2154,12.7104,13.1254],[1688169600,13.0231,13.1541,12.8381,13],[1688083200,12.6698,13.3248,12.1396,13.0231],[1687996800,12.3394,12.95,12.27,12.6698],[1687910400,13.2011,13.2111,12.1155,12.3394],[1687824000,13.3113,13.4713,13.13,13.2011]]}","timestamp":"2024-12-08T09:40:21.428Z"}
{"level":"info","message":"Avalanche GMX Candlesticks fetched successfully:","timestamp":"2024-12-08T09:40:21.430Z"}
{"level":"info","message":"GMX data validation completed successfully.","timestamp":"2024-12-08T09:40:21.431Z"}
{"level":"info","message":"--- Integration Validation Successful ---","timestamp":"2024-12-08T09:40:21.431Z"}
{"level":"info","message":"--- Starting Integration Validation ---","timestamp":"2024-12-08T09:50:38.723Z"}
{"level":"info","message":"Fetching GMX token prices...","timestamp":"2024-12-08T09:50:38.728Z"}
{"level":"error","message":"Integration validation failed: fetchGmxTokenPrices is not a function","timestamp":"2024-12-08T09:50:38.729Z"}
{"level":"info","message":"--- Starting Integration Validation ---","timestamp":"2024-12-08T09:55:19.781Z"}
{"level":"error","message":"Error fetching GMX data for arbitrum: Missing API endpoint for arbitrum and endpoint type tickers in .env","timestamp":"2024-12-08T09:55:19.786Z"}
{"level":"error","message":"Integration validation failed: Missing API endpoint for arbitrum and endpoint type tickers in .env","timestamp":"2024-12-08T09:55:19.791Z"}
{"level":"info","message":"--- Starting Integration Validation ---","timestamp":"2024-12-08T09:58:08.816Z"}
{"level":"error","message":"Error fetching GMX data for arbitrum: Missing API endpoint for arbitrum and endpoint type tickers in .env","timestamp":"2024-12-08T09:58:08.820Z"}
{"level":"error","message":"Integration validation failed: Missing API endpoint for arbitrum and endpoint type tickers in .env","timestamp":"2024-12-08T09:58:08.823Z"}
{"level":"info","message":"--- Starting Integration Validation ---","timestamp":"2024-12-08T10:01:27.790Z"}
{"level":"info","message":"Fetching GMX token prices...","timestamp":"2024-12-08T10:01:27.794Z"}
{"level":"error","message":"Integration validation failed: fetchGmxTokenPrices is not defined","timestamp":"2024-12-08T10:01:27.795Z"}
{"level":"info","message":"--- Starting Integration Validation ---","timestamp":"2024-12-08T10:02:37.125Z"}
{"level":"info","message":"Fetching GMX token prices...","timestamp":"2024-12-08T10:02:37.129Z"}
{"level":"error","message":"Integration validation failed: fetchGmxTokenPrices is not defined","timestamp":"2024-12-08T10:02:37.129Z"}
{"level":"info","message":"--- Starting Integration Validation ---","timestamp":"2024-12-08T10:06:58.794Z"}
{"level":"info","message":"Fetching GMX token prices...","timestamp":"2024-12-08T10:06:58.798Z"}
{"level":"error","message":"Error fetching GMX data for arbitrum: Missing API endpoint for arbitrum and endpoint type tickers in .env","timestamp":"2024-12-08T10:06:58.799Z"}
{"level":"error","message":"Integration validation failed: Missing API endpoint for arbitrum and endpoint type tickers in .env","timestamp":"2024-12-08T10:06:58.804Z"}
{"level":"info","message":"--- Starting Integration Validation ---","timestamp":"2024-12-08T10:10:51.615Z"}
{"level":"info","message":"Fetching GMX token prices...","timestamp":"2024-12-08T10:10:51.620Z"}
{"level":"error","message":"Error fetching GMX data for arbitrum: Missing API endpoint for arbitrum and endpoint type tickers in .env","timestamp":"2024-12-08T10:10:51.620Z"}
{"level":"error","message":"Integration validation failed: Missing API endpoint for arbitrum and endpoint type tickers in .env","timestamp":"2024-12-08T10:10:51.624Z"}
{"level":"info","message":"--- Starting Integration Validation ---","timestamp":"2024-12-08T10:14:15.022Z"}
{"level":"info","message":"Fetching GMX token prices...","timestamp":"2024-12-08T10:14:15.026Z"}
{"level":"error","message":"Error fetching GMX data for arbitrum: Missing API endpoint for arbitrum and endpoint type tickers in .env","timestamp":"2024-12-08T10:14:15.027Z"}
{"level":"error","message":"Integration validation failed: Missing API endpoint for arbitrum and endpoint type tickers in .env","timestamp":"2024-12-08T10:14:15.033Z"}
{"level":"info","message":"--- Starting Integration Validation ---","timestamp":"2024-12-08T10:15:09.502Z"}
{"level":"info","message":"Fetching GMX token prices...","timestamp":"2024-12-08T10:15:09.508Z"}
{"level":"error","message":"Error fetching GMX data for arbitrum: Missing API endpoint for arbitrum and endpoint type tickers in .env","timestamp":"2024-12-08T10:15:09.509Z"}
{"level":"error","message":"Integration validation failed: Missing API endpoint for arbitrum and endpoint type tickers in .env","timestamp":"2024-12-08T10:15:09.514Z"}
{"level":"info","message":"--- Starting Integration Validation ---","timestamp":"2024-12-08T10:16:31.646Z"}
{"level":"info","message":"Fetching GMX token prices...","timestamp":"2024-12-08T10:16:31.650Z"}
{"level":"error","message":"Error fetching GMX data for arbitrum: Missing API endpoint for arbitrum and endpoint type tickers in .env","timestamp":"2024-12-08T10:16:31.652Z"}
{"level":"error","message":"Integration validation failed: Missing API endpoint for arbitrum and endpoint type tickers in .env","timestamp":"2024-12-08T10:16:31.658Z"}
{"level":"info","message":"Testing GMX fetch for Arbitrum - Tickers","timestamp":"2024-12-08T10:17:19.857Z"}
{"level":"info","message":"Testing GMX fetch for Arbitrum - Tickers","timestamp":"2024-12-08T10:23:14.662Z"}
{"level":"error","message":"Error fetching GMX data for arbitrum: Missing API endpoint for arbitrum and endpoint type candles in .env","timestamp":"2024-12-08T10:24:02.032Z"}
{"level":"info","message":"--- Starting Integration Validation ---","timestamp":"2024-12-08T10:24:08.642Z"}
{"level":"info","message":"Fetching GMX token prices...","timestamp":"2024-12-08T10:24:08.647Z"}
{"level":"error","message":"Error fetching GMX data for arbitrum: Missing API endpoint for arbitrum and endpoint type tickers in .env","timestamp":"2024-12-08T10:24:08.648Z"}
{"level":"error","message":"Integration validation failed: Missing API endpoint for arbitrum and endpoint type tickers in .env","timestamp":"2024-12-08T10:24:08.653Z"}
{"level":"info","message":"--- Starting Integration Validation ---","timestamp":"2024-12-08T10:30:40.133Z"}
{"level":"info","message":"Fetching GMX tickers for Arbitrum...","timestamp":"2024-12-08T10:30:40.138Z"}
{"level":"error","message":"Error fetching GMX data (arbitrum, tickers): Missing API endpoint for arbitrum and tickers in .env","timestamp":"2024-12-08T10:30:40.139Z"}
{"level":"error","message":"Integration validation failed: Missing API endpoint for arbitrum and tickers in .env","timestamp":"2024-12-08T10:30:40.144Z"}
{"level":"info","message":"--- Starting Integration Validation ---","timestamp":"2024-12-08T10:35:06.172Z"}
{"level":"info","message":"Fetching GMX tickers for Arbitrum...","timestamp":"2024-12-08T10:35:06.177Z"}
{"level":"error","message":"Error fetching GMX data (arbitrum, tickers): Missing API endpoint for arbitrum and tickers in .env","timestamp":"2024-12-08T10:35:06.178Z"}
{"level":"error","message":"Integration validation failed: Missing API endpoint for arbitrum and tickers in .env","timestamp":"2024-12-08T10:35:06.183Z"}
{"level":"info","message":"--- Starting Integration Validation ---","timestamp":"2024-12-08T10:36:49.583Z"}
{"level":"info","message":"Loaded GMX_ARBITRUM_TICKERS_URL: undefined","timestamp":"2024-12-08T10:36:49.588Z"}
{"level":"info","message":"Loaded GMX_AVALANCHE_TICKERS_URL: undefined","timestamp":"2024-12-08T10:36:49.588Z"}
{"level":"info","message":"Fetching GMX tickers for Arbitrum...","timestamp":"2024-12-08T10:36:49.588Z"}
{"level":"error","message":"Error fetching GMX data (arbitrum, tickers): Missing API endpoint for arbitrum and tickers in .env","timestamp":"2024-12-08T10:36:49.589Z"}
{"level":"error","message":"Integration validation failed: Missing API endpoint for arbitrum and tickers in .env","timestamp":"2024-12-08T10:36:49.596Z"}
{"level":"info","message":"--- Starting Integration Validation ---","timestamp":"2024-12-08T10:42:19.715Z"}
{"level":"info","message":"Loaded GMX_ARBITRUM_TICKERS_URL: https://arbitrum-api.gmxinfra.io/prices/tickers","timestamp":"2024-12-08T10:42:19.720Z"}
{"level":"info","message":"Loaded GMX_AVALANCHE_TICKERS_URL: https://avalanche-api.gmxinfra.io/prices/tickers","timestamp":"2024-12-08T10:42:19.722Z"}
{"level":"info","message":"Fetching GMX tickers for Arbitrum...","timestamp":"2024-12-08T10:42:19.722Z"}
{"level":"info","message":"Fetching GMX data for arbitrum (tickers) with params: {}","timestamp":"2024-12-08T10:42:19.724Z"}
{"level":"info","message":"Fetched GMX data: [{\"tokenAddress\":\"0x7f9FBf9bDd3F4105C478b996B648FE6e828a1e98\",\"tokenSymbol\":\"APE\",\"minPrice\":\"1840499800000\",\"maxPrice\":\"1841493450000\",\"updatedAt\":1733654538759,\"timestamp\":1733654538},{\"tokenAddress\":\"0x74885b4D524d497261259B38900f54e6dbAd2210\",\"tokenSymbol\":\"APE_deprecated\",\"minPrice\":\"1840499800000\",\"maxPrice\":\"1841493450000\",\"updatedAt\":1733654538759,\"timestamp\":1733654538},{\"tokenAddress\":\"0x3f8f0dCE4dCE4d0D1d0871941e79CDA82cA50d0B\",\"tokenSymbol\":\"APT\",\"minPrice\":\"142816020000000000000000\",\"maxPrice\":\"142895810000000000000000\",\"updatedAt\":1733654538759,\"timestamp\":1733654538},{\"tokenAddress\":\"0x3Eea56A1ccCdbfB70A26aD381C71Ee17E4c8A15F\",\"tokenSymbol\":\"BOME\",\"minPrice\":\"10348000154051093000000\",\"maxPrice\":\"10349493803573600000000\",\"updatedAt\":1733654538708,\"timestamp\":1733654538},{\"tokenAddress\":\"0xaF770F03518686a365300ab35AD860e99967B2f0\",\"tokenSymbol\":\"MEME\",\"minPrice\":\"17600502414\",\"maxPrice\":\"17609407636\",\"updatedAt\":1733654539466,\"timestamp\":1733654539},{\"tokenAddress\":\"0x6792c5B8962ffbDD020c6b6FD0Be7b182e0e33a3\",\"tokenSymbol\":\"FLOKI\",\"minPrice\":\"252200326279116000\",\"maxPrice\":\"252225290000000000\",\"updatedAt\":1733654539616,\"timestamp\":1733654539},{\"tokenAddress\":\"0x5503CF72f54b6d692d36BBCD391516A7dE068687\",\"tokenSymbol\":\"MEW\",\"minPrice\":\"97218972727575330000000\",\"maxPrice\":\"97262379742578230000000\",\"updatedAt\":1733654538759,\"timestamp\":1733654538},{\"tokenAddress\":\"0x82aF49447D8a07e3bd95BD0d56f35241523fBab1\",\"tokenSymbol\":\"ETH\",\"minPrice\":\"3962824321714158\",\"maxPrice\":\"3963038694993276\",\"updatedAt\":1733654539667,\"timestamp\":1733654539},{\"tokenAddress\":\"0x938aef36CAaFbcB37815251B602168087eC14648\",\"tokenSymbol\":\"TAO\",\"minPrice\":\"686191474058191750000000\",\"maxPrice\":\"686347591835210550000000\",\"updatedAt\":1733654538708,\"timestamp\":1733654538},{\"tokenAddress\":\"0x1FD10E767187A92f0AB2ABDEEF4505e319cA06B2\",\"tokenSymbol\":\"BONK\",\"minPrice\":\"451897000000000000000\",\"maxPrice\":\"452063324468650000000\",\"updatedAt\":1733654539516,\"timestamp\":1733654539},{\"tokenAddress\":\"0x75B9AdD873641b253718810E6c65dB6d72311FD0\",\"tokenSymbol\":\"WLD\",\"minPrice\":\"3723931300000\",\"maxPrice\":\"3725007959626\",\"updatedAt\":1733654538759,\"timestamp\":1733654538},{\"tokenAddress\":\"0x47904963fc8b2340414262125aF798B9655E58Cd\",\"tokenSymbol\":\"BTC\",\"minPrice\":\"993541758810000000000000000\",\"maxPrice\":\"993596360000000000000000000\",\"updatedAt\":1733654538759,\"timestamp\":1733654538},{\"tokenAddress\":\"0x6c84a8f1c29108F47a79964b5Fe888D4f4D0dE40\",\"tokenSymbol\":\"tBTC\",\"minPrice\":\"99354175881000000\",\"maxPrice\":\"99359636000000000\",\"updatedAt\":1733654538759,\"timestamp\":1733654538},{\"tokenAddress\":\"0x2f2a2543B76A4166549F7aaB2e75Bef0aefC5B0f\",\"tokenSymbol\":\"WBTC.b\",\"minPrice\":\"993541758810000000000000000\",\"maxPrice\":\"993596360000000000000000000\",\"updatedAt\":1733654538759,\"timestamp\":1733654538},{\"tokenAddress\":\"0xC4da4c24fd591125c3F47b340b6f4f76111883d8\",\"tokenSymbol\":\"DOGE\",\"minPrice\":\"4548494298138413000000\",\"maxPrice\":\"4548908800000000000000\",\"updatedAt\":1733654539667,\"timestamp\":1733654539},{\"tokenAddress\":\"0x606C3e5075e5555e79Aa15F1E9FACB776F96C248\",\"tokenSymbol\":\"EIGEN\",\"minPrice\":\"4611022199318\",\"maxPrice\":\"4613390300000\",\"updatedAt\":1733654538759,\"timestamp\":1733654538},{\"tokenAddress\":\"0xB46A094Bc4B0adBD801E14b9DB95e05E28962764\",\"tokenSymbol\":\"LTC\",\"minPrice\":\"1334906861926425300000000\",\"maxPrice\":\"1335099300000000000000000\",\"updatedAt\":1733654539162,\"timestamp\":1733654538},{\"tokenAddress\":\"0x3E57D02f9d196873e55727382974b02EdebE6bfd\",\"tokenSymbol\":\"SHIB\",\"minPrice\":\"31807601\",\"maxPrice\":\"31816696\",\"updatedAt\":1733654539667,\"timestamp\":1733654539},{\"tokenAddress\":\"0x2bcC6D6CdBbDC0a4071e48bb3B969b06B3330c07\",\"tokenSymbol\":\"SOL\",\"minPrice\":\"235568014120952060000000\",\"maxPrice\":\"235603813498708260000000\",\"updatedAt\":1733654538759,\"timestamp\":1733654538},{\"tokenAddress\":\"0x197aa2DE1313c7AD50184234490E12409B2a1f95\",\"tokenSymbol\":\"SUI\",\"minPrice\":\"4178584118671627000000\",\"maxPrice\":\"4178935250000000000000\",\"updatedAt\":1733654539667,\"timestamp\":1733654539},{\"tokenAddress\":\"0x55e85A147a1029b985384822c0B2262dF8023452\",\"tokenSymbol\":\"SEI\",\"minPrice\":\"673898943757\",\"maxPrice\":\"674021520671\",\"updatedAt\":1733654539616,\"timestamp\":1733654539},{\"tokenAddress\":\"0xBaf07cF91D413C0aCB2b7444B9Bf13b4e03c9D71\",\"tokenSymbol\":\"STX\",\"minPrice\":\"2600321761397669850000000\",\"maxPrice\":\"2601319350000000000000000\",\"updatedAt\":1733654539466,\"timestamp\":1733654539},{\"tokenAddress\":\"0xFa7F8980b0f1E64A2062791cc3b0871572f1F7f0\",\"tokenSymbol\":\"UNI\",\"minPrice\":\"18795701945454\",\"maxPrice\":\"18800389788595\",\"updatedAt\":1733654539414,\"timestamp\":1733654539},{\"tokenAddress\":\"0xf97f4df75117a78c1A5a0DBb814Af92458539FB4\",\"tokenSymbol\":\"LINK\",\"minPrice\":\"25873997500000\",\"maxPrice\":\"25886250868454\",\"updatedAt\":1733654539667,\"timestamp\":1733654539},{\"tokenAddress\":\"0x912CE59144191C1204E64559FE8253a0e49E6548\",\"tokenSymbol\":\"ARB\",\"minPrice\":\"1151796000000\",\"maxPrice\":\"1152178668013\",\"updatedAt\":1733654538708,\"timestamp\":1733654538},{\"tokenAddress\":\"0xc14e065b0067dE91534e032868f5Ac6ecf2c6868\",\"tokenSymbol\":\"XRP\",\"minPrice\":\"2527629838988489000000000\",\"maxPrice\":\"2527802082712865800000000\",\"updatedAt\":1733654539616,\"timestamp\":1733654539},{\"tokenAddress\":\"0xaf88d065e77c8cC2239327C5EDb3A432268e5831\",\"tokenSymbol\":\"USDC\",\"minPrice\":\"999773351327852800000000\",\"maxPrice\":\"999892180000000000000000\",\"updatedAt\":1733654539667,\"timestamp\":1733654539},{\"tokenAddress\":\"0xFF970A61A04b1cA14834A43f5dE4533eBDDB5CC8\",\"tokenSymbol\":\"USDC.e\",\"minPrice\":\"999773351327852800000000\",\"maxPrice\":\"999892180000000000000000\",\"updatedAt\":1733654539667,\"timestamp\":1733654539},{\"tokenAddress\":\"0xFd086bC7CD5C481DCC9C85ebE478A1C0b69FCbb9\",\"tokenSymbol\":\"USDT\",\"minPrice\":\"1000440000000000000000000\",\"maxPrice\":\"1000525200000000000000000\",\"updatedAt\":1733654539566,\"timestamp\":1733654539},{\"tokenAddress\":\"0xDA10009cBd5D07dd0CeCc66161FC93D7c9000da1\",\"tokenSymbol\":\"DAI\",\"minPrice\":\"999778827621\",\"maxPrice\":\"1000200000000\",\"updatedAt\":1733654539566,\"timestamp\":1733654539},{\"tokenAddress\":\"0xa9004A5421372E1D83fB1f85b0fc986c912f91f3\",\"tokenSymbol\":\"BNB\",\"minPrice\":\"737033302071641\",\"maxPrice\":\"737050059410866\",\"updatedAt\":1733654539414,\"timestamp\":1733654539},{\"tokenAddress\":\"0x7D7F1765aCbaF847b9A1f7137FE8Ed4931FbfEbA\",\"tokenSymbol\":\"ATOM\",\"minPrice\":\"10214475360423710000000000\",\"maxPrice\":\"10216867192669425000000000\",\"updatedAt\":1733654539667,\"timestamp\":1733654539},{\"tokenAddress\":\"0x1FF7F3EFBb9481Cbd7db4F932cBCD4467144237C\",\"tokenSymbol\":\"NEAR\",\"minPrice\":\"7585317\",\"maxPrice\":\"7586597\",\"updatedAt\":1733654539466,\"timestamp\":1733654539},{\"tokenAddress\":\"0xba5DdD1f9d7F570dc94a51479a000E3BCE967196\",\"tokenSymbol\":\"AAVE\",\"minPrice\":\"280864143395665\",\"maxPrice\":\"280905520000000\",\"updatedAt\":1733654539667,\"timestamp\":1733654539},{\"tokenAddress\":\"0x565609fAF65B92F7be02468acF86f8979423e514\",\"tokenSymbol\":\"AVAX\",\"minPrice\":\"51125173500000\",\"maxPrice\":\"51140272045412\",\"updatedAt\":1733654538708,\"timestamp\":1733654538},{\"tokenAddress\":\"0xaC800FD6159c2a2CB8fC31EF74621eB430287a5A\",\"tokenSymbol\":\"OP\",\"minPrice\":\"2647503751823\",\"maxPrice\":\"2648397425837\",\"updatedAt\":1733654538759,\"timestamp\":1733654538},{\"tokenAddress\":\"0x1E15d08f3CA46853B692EE28AE9C7a0b88a9c994\",\"tokenSymbol\":\"ORDI\",\"minPrice\":\"47729745828509\",\"maxPrice\":\"47741566836381\",\"updatedAt\":1733654539667,\"timestamp\":1733654539},{\"tokenAddress\":\"0x38676f62d166f5CE7De8433F51c6B3D6D9d66C19\",\"tokenSymbol\":\"TIA\",\"minPrice\":\"8263600000000000000000000\",\"maxPrice\":\"8264810000000000000000000\",\"updatedAt\":1733654538708,\"timestamp\":1733654538},{\"tokenAddress\":\"0xb06aa7E4af937C130dDade66f6ed7642716fe07A\",\"tokenSymbol\":\"TRX\",\"minPrice\":\"310492048334795700000000\",\"maxPrice\":\"310588651253207560000000\",\"updatedAt\":1733654538608,\"timestamp\":1733654538},{\"tokenAddress\":\"0xB2f7cefaeEb08Aa347705ac829a7b8bE2FB560f3\",\"tokenSymbol\":\"TON\",\"minPrice\":\"6723891940411733000000\",\"maxPrice\":\"6725166378967509500000\",\"updatedAt\":1733654539566,\"timestamp\":1733654539},{\"tokenAddress\":\"0xfc5A1A6EB076a2C7aD06eD22C90d7E710E35ad0a\",\"tokenSymbol\":\"GMX\",\"minPrice\":\"40847850749612\",\"maxPrice\":\"40858766795314\",\"updatedAt\":1733654539414,\"timestamp\":1733654539},{\"tokenAddress\":\"0xA1b91fe9FD52141Ff8cac388Ce3F10BFDc1dE79d\",\"tokenSymbol\":\"WIF\",\"minPrice\":\"3722540766281547250000000\",\"maxPrice\":\"3724062010540842850000000\",\"updatedAt\":1733654538708,\"timestamp\":1733654538},{\"tokenAddress\":\"0x25d887Ce7a35172C62FeBFD67a1856F20FaEbB00\",\"tokenSymbol\":\"PEPE\",\"minPrice\":\"24805218\",\"maxPrice\":\"24815506\",\"updatedAt\":1733654539466,\"timestamp\":1733654539},{\"tokenAddress\":\"0x0c880f6761F1af8d9Aa9C466984b80DAb9a8c9e8\",\"tokenSymbol\":\"PENDLE\",\"minPrice\":\"6619689242334\",\"maxPrice\":\"6621061057422\",\"updatedAt\":1733654539667,\"timestamp\":1733654539},{\"tokenAddress\":\"0x5979D7b546E38E414F7E9822514be443A4800529\",\"tokenSymbol\":\"wstETH\",\"minPrice\":\"4700082261098255\",\"maxPrice\":\"4700524468968507\",\"updatedAt\":1733654538910,\"timestamp\":1733654538},{\"tokenAddress\":\"0x5d3a1Ff2b6BAb83b63cd9AD0787074081a52ef34\",\"tokenSymbol\":\"USDe\",\"minPrice\":\"1001889600000\",\"maxPrice\":\"1001989700000\",\"updatedAt\":1733654538507,\"timestamp\":1733654538},{\"tokenAddress\":\"0x2cD2eB61D17b78239Fcd19aafF72981B5D5eF319\",\"tokenSymbol\":\"SATS\",\"minPrice\":\"305705320000000000\",\"maxPrice\":\"305896724829000000\",\"updatedAt\":1733654539414,\"timestamp\":1733654539},{\"tokenAddress\":\"0x9c74772b713a1B032aEB173E28683D937E51921c\",\"tokenSymbol\":\"POL\",\"minPrice\":\"687870364378\",\"maxPrice\":\"688008840000\",\"updatedAt\":1733654538708,\"timestamp\":1733654538},{\"tokenAddress\":\"0x53186c8419BEB83fE4Da74F7875041a1287337ED\",\"tokenSymbol\":\"ADA\",\"minPrice\":\"1195981102401984000000000\",\"maxPrice\":\"1196137813056244100000000\",\"updatedAt\":1733654539667,\"timestamp\":1733654539},{\"tokenAddress\":\"0xc5dbD52Ae5a927Cf585B884011d0C7631C9974c6\",\"tokenSymbol\":\"XLM\",\"minPrice\":\"48310682919170406000000\",\"maxPrice\":\"48319288000000000000000\",\"updatedAt\":1733654539566,\"timestamp\":1733654539},{\"tokenAddress\":\"0xc33D9C096e74aa4f571E9417b69a19C4A1e72ef2\",\"tokenSymbol\":\"BCH\",\"minPrice\":\"6138473292212894000000000\",\"maxPrice\":\"6139960900000000000000000\",\"updatedAt\":1733654539667,\"timestamp\":1733654539},{\"tokenAddress\":\"0xE958f107b467d5172573F761d26931D658C1b436\",\"tokenSymbol\":\"DOT\",\"minPrice\":\"1038505899460480800000\",\"maxPrice\":\"1038788400000000000000\",\"updatedAt\":1733654539667,\"timestamp\":1733654539},{\"tokenAddress\":\"0xdaf0A71608938F762e37eC5F72F670Cc44703454\",\"tokenSymbol\":\"ICP\",\"minPrice\":\"143793626047160355000000\",\"maxPrice\":\"143817047195146440000000\",\"updatedAt\":1733654538558,\"timestamp\":1733654538},{\"tokenAddress\":\"0x82BB89fcc64c5d4016C5Ed1AB016bB0D1C20D6C3\",\"tokenSymbol\":\"RENDER\",\"minPrice\":\"10115667500000\",\"maxPrice\":\"10117442095536\",\"updatedAt\":1733654539516,\"timestamp\":1733654539}]","timestamp":"2024-12-08T10:42:20.442Z"}
{"level":"info","message":"Fetched Arbitrum tickers: [\n  {\n    \"tokenAddress\": \"0x7f9FBf9bDd3F4105C478b996B648FE6e828a1e98\",\n    \"tokenSymbol\": \"APE\",\n    \"minPrice\": \"1840499800000\",\n    \"maxPrice\": \"1841493450000\",\n    \"updatedAt\": 1733654538759,\n    \"timestamp\": 1733654538\n  },\n  {\n    \"tokenAddress\": \"0x74885b4D524d497261259B38900f54e6dbAd2210\",\n    \"tokenSymbol\": \"APE_deprecated\",\n    \"minPrice\": \"1840499800000\",\n    \"maxPrice\": \"1841493450000\",\n    \"updatedAt\": 1733654538759,\n    \"timestamp\": 1733654538\n  },\n  {\n    \"tokenAddress\": \"0x3f8f0dCE4dCE4d0D1d0871941e79CDA82cA50d0B\",\n    \"tokenSymbol\": \"APT\",\n    \"minPrice\": \"142816020000000000000000\",\n    \"maxPrice\": \"142895810000000000000000\",\n    \"updatedAt\": 1733654538759,\n    \"timestamp\": 1733654538\n  },\n  {\n    \"tokenAddress\": \"0x3Eea56A1ccCdbfB70A26aD381C71Ee17E4c8A15F\",\n    \"tokenSymbol\": \"BOME\",\n    \"minPrice\": \"10348000154051093000000\",\n    \"maxPrice\": \"10349493803573600000000\",\n    \"updatedAt\": 1733654538708,\n    \"timestamp\": 1733654538\n  },\n  {\n    \"tokenAddress\": \"0xaF770F03518686a365300ab35AD860e99967B2f0\",\n    \"tokenSymbol\": \"MEME\",\n    \"minPrice\": \"17600502414\",\n    \"maxPrice\": \"17609407636\",\n    \"updatedAt\": 1733654539466,\n    \"timestamp\": 1733654539\n  },\n  {\n    \"tokenAddress\": \"0x6792c5B8962ffbDD020c6b6FD0Be7b182e0e33a3\",\n    \"tokenSymbol\": \"FLOKI\",\n    \"minPrice\": \"252200326279116000\",\n    \"maxPrice\": \"252225290000000000\",\n    \"updatedAt\": 1733654539616,\n    \"timestamp\": 1733654539\n  },\n  {\n    \"tokenAddress\": \"0x5503CF72f54b6d692d36BBCD391516A7dE068687\",\n    \"tokenSymbol\": \"MEW\",\n    \"minPrice\": \"97218972727575330000000\",\n    \"maxPrice\": \"97262379742578230000000\",\n    \"updatedAt\": 1733654538759,\n    \"timestamp\": 1733654538\n  },\n  {\n    \"tokenAddress\": \"0x82aF49447D8a07e3bd95BD0d56f35241523fBab1\",\n    \"tokenSymbol\": \"ETH\",\n    \"minPrice\": \"3962824321714158\",\n    \"maxPrice\": \"3963038694993276\",\n    \"updatedAt\": 1733654539667,\n    \"timestamp\": 1733654539\n  },\n  {\n    \"tokenAddress\": \"0x938aef36CAaFbcB37815251B602168087eC14648\",\n    \"tokenSymbol\": \"TAO\",\n    \"minPrice\": \"686191474058191750000000\",\n    \"maxPrice\": \"686347591835210550000000\",\n    \"updatedAt\": 1733654538708,\n    \"timestamp\": 1733654538\n  },\n  {\n    \"tokenAddress\": \"0x1FD10E767187A92f0AB2ABDEEF4505e319cA06B2\",\n    \"tokenSymbol\": \"BONK\",\n    \"minPrice\": \"451897000000000000000\",\n    \"maxPrice\": \"452063324468650000000\",\n    \"updatedAt\": 1733654539516,\n    \"timestamp\": 1733654539\n  },\n  {\n    \"tokenAddress\": \"0x75B9AdD873641b253718810E6c65dB6d72311FD0\",\n    \"tokenSymbol\": \"WLD\",\n    \"minPrice\": \"3723931300000\",\n    \"maxPrice\": \"3725007959626\",\n    \"updatedAt\": 1733654538759,\n    \"timestamp\": 1733654538\n  },\n  {\n    \"tokenAddress\": \"0x47904963fc8b2340414262125aF798B9655E58Cd\",\n    \"tokenSymbol\": \"BTC\",\n    \"minPrice\": \"993541758810000000000000000\",\n    \"maxPrice\": \"993596360000000000000000000\",\n    \"updatedAt\": 1733654538759,\n    \"timestamp\": 1733654538\n  },\n  {\n    \"tokenAddress\": \"0x6c84a8f1c29108F47a79964b5Fe888D4f4D0dE40\",\n    \"tokenSymbol\": \"tBTC\",\n    \"minPrice\": \"99354175881000000\",\n    \"maxPrice\": \"99359636000000000\",\n    \"updatedAt\": 1733654538759,\n    \"timestamp\": 1733654538\n  },\n  {\n    \"tokenAddress\": \"0x2f2a2543B76A4166549F7aaB2e75Bef0aefC5B0f\",\n    \"tokenSymbol\": \"WBTC.b\",\n    \"minPrice\": \"993541758810000000000000000\",\n    \"maxPrice\": \"993596360000000000000000000\",\n    \"updatedAt\": 1733654538759,\n    \"timestamp\": 1733654538\n  },\n  {\n    \"tokenAddress\": \"0xC4da4c24fd591125c3F47b340b6f4f76111883d8\",\n    \"tokenSymbol\": \"DOGE\",\n    \"minPrice\": \"4548494298138413000000\",\n    \"maxPrice\": \"4548908800000000000000\",\n    \"updatedAt\": 1733654539667,\n    \"timestamp\": 1733654539\n  },\n  {\n    \"tokenAddress\": \"0x606C3e5075e5555e79Aa15F1E9FACB776F96C248\",\n    \"tokenSymbol\": \"EIGEN\",\n    \"minPrice\": \"4611022199318\",\n    \"maxPrice\": \"4613390300000\",\n    \"updatedAt\": 1733654538759,\n    \"timestamp\": 1733654538\n  },\n  {\n    \"tokenAddress\": \"0xB46A094Bc4B0adBD801E14b9DB95e05E28962764\",\n    \"tokenSymbol\": \"LTC\",\n    \"minPrice\": \"1334906861926425300000000\",\n    \"maxPrice\": \"1335099300000000000000000\",\n    \"updatedAt\": 1733654539162,\n    \"timestamp\": 1733654538\n  },\n  {\n    \"tokenAddress\": \"0x3E57D02f9d196873e55727382974b02EdebE6bfd\",\n    \"tokenSymbol\": \"SHIB\",\n    \"minPrice\": \"31807601\",\n    \"maxPrice\": \"31816696\",\n    \"updatedAt\": 1733654539667,\n    \"timestamp\": 1733654539\n  },\n  {\n    \"tokenAddress\": \"0x2bcC6D6CdBbDC0a4071e48bb3B969b06B3330c07\",\n    \"tokenSymbol\": \"SOL\",\n    \"minPrice\": \"235568014120952060000000\",\n    \"maxPrice\": \"235603813498708260000000\",\n    \"updatedAt\": 1733654538759,\n    \"timestamp\": 1733654538\n  },\n  {\n    \"tokenAddress\": \"0x197aa2DE1313c7AD50184234490E12409B2a1f95\",\n    \"tokenSymbol\": \"SUI\",\n    \"minPrice\": \"4178584118671627000000\",\n    \"maxPrice\": \"4178935250000000000000\",\n    \"updatedAt\": 1733654539667,\n    \"timestamp\": 1733654539\n  },\n  {\n    \"tokenAddress\": \"0x55e85A147a1029b985384822c0B2262dF8023452\",\n    \"tokenSymbol\": \"SEI\",\n    \"minPrice\": \"673898943757\",\n    \"maxPrice\": \"674021520671\",\n    \"updatedAt\": 1733654539616,\n    \"timestamp\": 1733654539\n  },\n  {\n    \"tokenAddress\": \"0xBaf07cF91D413C0aCB2b7444B9Bf13b4e03c9D71\",\n    \"tokenSymbol\": \"STX\",\n    \"minPrice\": \"2600321761397669850000000\",\n    \"maxPrice\": \"2601319350000000000000000\",\n    \"updatedAt\": 1733654539466,\n    \"timestamp\": 1733654539\n  },\n  {\n    \"tokenAddress\": \"0xFa7F8980b0f1E64A2062791cc3b0871572f1F7f0\",\n    \"tokenSymbol\": \"UNI\",\n    \"minPrice\": \"18795701945454\",\n    \"maxPrice\": \"18800389788595\",\n    \"updatedAt\": 1733654539414,\n    \"timestamp\": 1733654539\n  },\n  {\n    \"tokenAddress\": \"0xf97f4df75117a78c1A5a0DBb814Af92458539FB4\",\n    \"tokenSymbol\": \"LINK\",\n    \"minPrice\": \"25873997500000\",\n    \"maxPrice\": \"25886250868454\",\n    \"updatedAt\": 1733654539667,\n    \"timestamp\": 1733654539\n  },\n  {\n    \"tokenAddress\": \"0x912CE59144191C1204E64559FE8253a0e49E6548\",\n    \"tokenSymbol\": \"ARB\",\n    \"minPrice\": \"1151796000000\",\n    \"maxPrice\": \"1152178668013\",\n    \"updatedAt\": 1733654538708,\n    \"timestamp\": 1733654538\n  },\n  {\n    \"tokenAddress\": \"0xc14e065b0067dE91534e032868f5Ac6ecf2c6868\",\n    \"tokenSymbol\": \"XRP\",\n    \"minPrice\": \"2527629838988489000000000\",\n    \"maxPrice\": \"2527802082712865800000000\",\n    \"updatedAt\": 1733654539616,\n    \"timestamp\": 1733654539\n  },\n  {\n    \"tokenAddress\": \"0xaf88d065e77c8cC2239327C5EDb3A432268e5831\",\n    \"tokenSymbol\": \"USDC\",\n    \"minPrice\": \"999773351327852800000000\",\n    \"maxPrice\": \"999892180000000000000000\",\n    \"updatedAt\": 1733654539667,\n    \"timestamp\": 1733654539\n  },\n  {\n    \"tokenAddress\": \"0xFF970A61A04b1cA14834A43f5dE4533eBDDB5CC8\",\n    \"tokenSymbol\": \"USDC.e\",\n    \"minPrice\": \"999773351327852800000000\",\n    \"maxPrice\": \"999892180000000000000000\",\n    \"updatedAt\": 1733654539667,\n    \"timestamp\": 1733654539\n  },\n  {\n    \"tokenAddress\": \"0xFd086bC7CD5C481DCC9C85ebE478A1C0b69FCbb9\",\n    \"tokenSymbol\": \"USDT\",\n    \"minPrice\": \"1000440000000000000000000\",\n    \"maxPrice\": \"1000525200000000000000000\",\n    \"updatedAt\": 1733654539566,\n    \"timestamp\": 1733654539\n  },\n  {\n    \"tokenAddress\": \"0xDA10009cBd5D07dd0CeCc66161FC93D7c9000da1\",\n    \"tokenSymbol\": \"DAI\",\n    \"minPrice\": \"999778827621\",\n    \"maxPrice\": \"1000200000000\",\n    \"updatedAt\": 1733654539566,\n    \"timestamp\": 1733654539\n  },\n  {\n    \"tokenAddress\": \"0xa9004A5421372E1D83fB1f85b0fc986c912f91f3\",\n    \"tokenSymbol\": \"BNB\",\n    \"minPrice\": \"737033302071641\",\n    \"maxPrice\": \"737050059410866\",\n    \"updatedAt\": 1733654539414,\n    \"timestamp\": 1733654539\n  },\n  {\n    \"tokenAddress\": \"0x7D7F1765aCbaF847b9A1f7137FE8Ed4931FbfEbA\",\n    \"tokenSymbol\": \"ATOM\",\n    \"minPrice\": \"10214475360423710000000000\",\n    \"maxPrice\": \"10216867192669425000000000\",\n    \"updatedAt\": 1733654539667,\n    \"timestamp\": 1733654539\n  },\n  {\n    \"tokenAddress\": \"0x1FF7F3EFBb9481Cbd7db4F932cBCD4467144237C\",\n    \"tokenSymbol\": \"NEAR\",\n    \"minPrice\": \"7585317\",\n    \"maxPrice\": \"7586597\",\n    \"updatedAt\": 1733654539466,\n    \"timestamp\": 1733654539\n  },\n  {\n    \"tokenAddress\": \"0xba5DdD1f9d7F570dc94a51479a000E3BCE967196\",\n    \"tokenSymbol\": \"AAVE\",\n    \"minPrice\": \"280864143395665\",\n    \"maxPrice\": \"280905520000000\",\n    \"updatedAt\": 1733654539667,\n    \"timestamp\": 1733654539\n  },\n  {\n    \"tokenAddress\": \"0x565609fAF65B92F7be02468acF86f8979423e514\",\n    \"tokenSymbol\": \"AVAX\",\n    \"minPrice\": \"51125173500000\",\n    \"maxPrice\": \"51140272045412\",\n    \"updatedAt\": 1733654538708,\n    \"timestamp\": 1733654538\n  },\n  {\n    \"tokenAddress\": \"0xaC800FD6159c2a2CB8fC31EF74621eB430287a5A\",\n    \"tokenSymbol\": \"OP\",\n    \"minPrice\": \"2647503751823\",\n    \"maxPrice\": \"2648397425837\",\n    \"updatedAt\": 1733654538759,\n    \"timestamp\": 1733654538\n  },\n  {\n    \"tokenAddress\": \"0x1E15d08f3CA46853B692EE28AE9C7a0b88a9c994\",\n    \"tokenSymbol\": \"ORDI\",\n    \"minPrice\": \"47729745828509\",\n    \"maxPrice\": \"47741566836381\",\n    \"updatedAt\": 1733654539667,\n    \"timestamp\": 1733654539\n  },\n  {\n    \"tokenAddress\": \"0x38676f62d166f5CE7De8433F51c6B3D6D9d66C19\",\n    \"tokenSymbol\": \"TIA\",\n    \"minPrice\": \"8263600000000000000000000\",\n    \"maxPrice\": \"8264810000000000000000000\",\n    \"updatedAt\": 1733654538708,\n    \"timestamp\": 1733654538\n  },\n  {\n    \"tokenAddress\": \"0xb06aa7E4af937C130dDade66f6ed7642716fe07A\",\n    \"tokenSymbol\": \"TRX\",\n    \"minPrice\": \"310492048334795700000000\",\n    \"maxPrice\": \"310588651253207560000000\",\n    \"updatedAt\": 1733654538608,\n    \"timestamp\": 1733654538\n  },\n  {\n    \"tokenAddress\": \"0xB2f7cefaeEb08Aa347705ac829a7b8bE2FB560f3\",\n    \"tokenSymbol\": \"TON\",\n    \"minPrice\": \"6723891940411733000000\",\n    \"maxPrice\": \"6725166378967509500000\",\n    \"updatedAt\": 1733654539566,\n    \"timestamp\": 1733654539\n  },\n  {\n    \"tokenAddress\": \"0xfc5A1A6EB076a2C7aD06eD22C90d7E710E35ad0a\",\n    \"tokenSymbol\": \"GMX\",\n    \"minPrice\": \"40847850749612\",\n    \"maxPrice\": \"40858766795314\",\n    \"updatedAt\": 1733654539414,\n    \"timestamp\": 1733654539\n  },\n  {\n    \"tokenAddress\": \"0xA1b91fe9FD52141Ff8cac388Ce3F10BFDc1dE79d\",\n    \"tokenSymbol\": \"WIF\",\n    \"minPrice\": \"3722540766281547250000000\",\n    \"maxPrice\": \"3724062010540842850000000\",\n    \"updatedAt\": 1733654538708,\n    \"timestamp\": 1733654538\n  },\n  {\n    \"tokenAddress\": \"0x25d887Ce7a35172C62FeBFD67a1856F20FaEbB00\",\n    \"tokenSymbol\": \"PEPE\",\n    \"minPrice\": \"24805218\",\n    \"maxPrice\": \"24815506\",\n    \"updatedAt\": 1733654539466,\n    \"timestamp\": 1733654539\n  },\n  {\n    \"tokenAddress\": \"0x0c880f6761F1af8d9Aa9C466984b80DAb9a8c9e8\",\n    \"tokenSymbol\": \"PENDLE\",\n    \"minPrice\": \"6619689242334\",\n    \"maxPrice\": \"6621061057422\",\n    \"updatedAt\": 1733654539667,\n    \"timestamp\": 1733654539\n  },\n  {\n    \"tokenAddress\": \"0x5979D7b546E38E414F7E9822514be443A4800529\",\n    \"tokenSymbol\": \"wstETH\",\n    \"minPrice\": \"4700082261098255\",\n    \"maxPrice\": \"4700524468968507\",\n    \"updatedAt\": 1733654538910,\n    \"timestamp\": 1733654538\n  },\n  {\n    \"tokenAddress\": \"0x5d3a1Ff2b6BAb83b63cd9AD0787074081a52ef34\",\n    \"tokenSymbol\": \"USDe\",\n    \"minPrice\": \"1001889600000\",\n    \"maxPrice\": \"1001989700000\",\n    \"updatedAt\": 1733654538507,\n    \"timestamp\": 1733654538\n  },\n  {\n    \"tokenAddress\": \"0x2cD2eB61D17b78239Fcd19aafF72981B5D5eF319\",\n    \"tokenSymbol\": \"SATS\",\n    \"minPrice\": \"305705320000000000\",\n    \"maxPrice\": \"305896724829000000\",\n    \"updatedAt\": 1733654539414,\n    \"timestamp\": 1733654539\n  },\n  {\n    \"tokenAddress\": \"0x9c74772b713a1B032aEB173E28683D937E51921c\",\n    \"tokenSymbol\": \"POL\",\n    \"minPrice\": \"687870364378\",\n    \"maxPrice\": \"688008840000\",\n    \"updatedAt\": 1733654538708,\n    \"timestamp\": 1733654538\n  },\n  {\n    \"tokenAddress\": \"0x53186c8419BEB83fE4Da74F7875041a1287337ED\",\n    \"tokenSymbol\": \"ADA\",\n    \"minPrice\": \"1195981102401984000000000\",\n    \"maxPrice\": \"1196137813056244100000000\",\n    \"updatedAt\": 1733654539667,\n    \"timestamp\": 1733654539\n  },\n  {\n    \"tokenAddress\": \"0xc5dbD52Ae5a927Cf585B884011d0C7631C9974c6\",\n    \"tokenSymbol\": \"XLM\",\n    \"minPrice\": \"48310682919170406000000\",\n    \"maxPrice\": \"48319288000000000000000\",\n    \"updatedAt\": 1733654539566,\n    \"timestamp\": 1733654539\n  },\n  {\n    \"tokenAddress\": \"0xc33D9C096e74aa4f571E9417b69a19C4A1e72ef2\",\n    \"tokenSymbol\": \"BCH\",\n    \"minPrice\": \"6138473292212894000000000\",\n    \"maxPrice\": \"6139960900000000000000000\",\n    \"updatedAt\": 1733654539667,\n    \"timestamp\": 1733654539\n  },\n  {\n    \"tokenAddress\": \"0xE958f107b467d5172573F761d26931D658C1b436\",\n    \"tokenSymbol\": \"DOT\",\n    \"minPrice\": \"1038505899460480800000\",\n    \"maxPrice\": \"1038788400000000000000\",\n    \"updatedAt\": 1733654539667,\n    \"timestamp\": 1733654539\n  },\n  {\n    \"tokenAddress\": \"0xdaf0A71608938F762e37eC5F72F670Cc44703454\",\n    \"tokenSymbol\": \"ICP\",\n    \"minPrice\": \"143793626047160355000000\",\n    \"maxPrice\": \"143817047195146440000000\",\n    \"updatedAt\": 1733654538558,\n    \"timestamp\": 1733654538\n  },\n  {\n    \"tokenAddress\": \"0x82BB89fcc64c5d4016C5Ed1AB016bB0D1C20D6C3\",\n    \"tokenSymbol\": \"RENDER\",\n    \"minPrice\": \"10115667500000\",\n    \"maxPrice\": \"10117442095536\",\n    \"updatedAt\": 1733654539516,\n    \"timestamp\": 1733654539\n  }\n]","timestamp":"2024-12-08T10:42:20.443Z"}
{"level":"info","message":"Fetching GMX tickers for Avalanche...","timestamp":"2024-12-08T10:42:20.447Z"}
{"level":"info","message":"Fetching GMX data for avalanche (tickers) with params: {}","timestamp":"2024-12-08T10:42:20.448Z"}
{"level":"info","message":"Fetched GMX data: [{\"tokenAddress\":\"0xB31f66AA3C1e785363F0875A1B74E27b85FD66c7\",\"tokenSymbol\":\"AVAX\",\"minPrice\":\"51124197724030\",\"maxPrice\":\"51138777479574\",\"updatedAt\":1733654540446,\"timestamp\":1733654540},{\"tokenAddress\":\"0x49D5c2BdFfac6CE2BFdB6640F4F80f226bc10bAB\",\"tokenSymbol\":\"ETH\",\"minPrice\":\"3962824322054560\",\"maxPrice\":\"3963001344000000\",\"updatedAt\":1733654540700,\"timestamp\":1733654540},{\"tokenAddress\":\"0x152b9d0FdC40C096757F570A51E494bd4b943E50\",\"tokenSymbol\":\"BTC\",\"minPrice\":\"993538180140000000000000000\",\"maxPrice\":\"993596270000000000000000000\",\"updatedAt\":1733654540700,\"timestamp\":1733654540},{\"tokenAddress\":\"0x5947BB275c521040051D82396192181b413227A3\",\"tokenSymbol\":\"LINK\",\"minPrice\":\"25868609000000\",\"maxPrice\":\"25883442643265\",\"updatedAt\":1733654540649,\"timestamp\":1733654540},{\"tokenAddress\":\"0xFE6B19286885a4F7F55AdAD09C3Cd1f906D2478F\",\"tokenSymbol\":\"SOL\",\"minPrice\":\"235600081580195020000000\",\"maxPrice\":\"235624050000000000000000\",\"updatedAt\":1733654539742,\"timestamp\":1733654539},{\"tokenAddress\":\"0xC301E6fe31062C557aEE806cc6A841aE989A3ac6\",\"tokenSymbol\":\"DOGE\",\"minPrice\":\"4548394000000000000000\",\"maxPrice\":\"4548965000000000000000\",\"updatedAt\":1733654540598,\"timestamp\":1733654540},{\"tokenAddress\":\"0x8E9C35235C38C44b5a53B56A41eaf6dB9a430cD6\",\"tokenSymbol\":\"LTC\",\"minPrice\":\"1334832740477351000000000\",\"maxPrice\":\"1335132300000000000000000\",\"updatedAt\":1733654539792,\"timestamp\":1733654539},{\"tokenAddress\":\"0xB97EF9Ef8734C71904D8002F8b6Bc66Dd9c48a6E\",\"tokenSymbol\":\"USDC\",\"minPrice\":\"999773328010493800000000\",\"maxPrice\":\"999892200000000000000000\",\"updatedAt\":1733654540548,\"timestamp\":1733654540},{\"tokenAddress\":\"0xA7D7079b0FEaD91F3e65f86E8915Cb59c1a4C664\",\"tokenSymbol\":\"USDC.e\",\"minPrice\":\"999773328010493800000000\",\"maxPrice\":\"999892200000000000000000\",\"updatedAt\":1733654540548,\"timestamp\":1733654540},{\"tokenAddress\":\"0x9702230A8Ea53601f5cD2dc00fDBc13d4dF4A8c7\",\"tokenSymbol\":\"USDT\",\"minPrice\":\"1000440000000000000000000\",\"maxPrice\":\"1000530200000000000000000\",\"updatedAt\":1733654540649,\"timestamp\":1733654540},{\"tokenAddress\":\"0xc7198437980c041c805A1EDcbA50c1Ce5db95118\",\"tokenSymbol\":\"USDT.e\",\"minPrice\":\"1000440000000000000000000\",\"maxPrice\":\"1000530200000000000000000\",\"updatedAt\":1733654540649,\"timestamp\":1733654540},{\"tokenAddress\":\"0xd586E7F844cEa2F87f50152665BCbc2C279D8d70\",\"tokenSymbol\":\"DAI.e\",\"minPrice\":\"999778827621\",\"maxPrice\":\"1000172000000\",\"updatedAt\":1733654540497,\"timestamp\":1733654540},{\"tokenAddress\":\"0x34B2885D617cE2ddeD4F60cCB49809fc17bb58Af\",\"tokenSymbol\":\"XRP\",\"minPrice\":\"2527576700000000000000000\",\"maxPrice\":\"2527810635716744700000000\",\"updatedAt\":1733654540598,\"timestamp\":1733654540},{\"tokenAddress\":\"0x62edc0692BD897D2295872a9FFCac5425011c661\",\"tokenSymbol\":\"GMX\",\"minPrice\":\"40848026522706\",\"maxPrice\":\"40858942568950\",\"updatedAt\":1733654540548,\"timestamp\":1733654540}]","timestamp":"2024-12-08T10:42:21.337Z"}
{"level":"info","message":"Fetched Avalanche tickers: [\n  {\n    \"tokenAddress\": \"0xB31f66AA3C1e785363F0875A1B74E27b85FD66c7\",\n    \"tokenSymbol\": \"AVAX\",\n    \"minPrice\": \"51124197724030\",\n    \"maxPrice\": \"51138777479574\",\n    \"updatedAt\": 1733654540446,\n    \"timestamp\": 1733654540\n  },\n  {\n    \"tokenAddress\": \"0x49D5c2BdFfac6CE2BFdB6640F4F80f226bc10bAB\",\n    \"tokenSymbol\": \"ETH\",\n    \"minPrice\": \"3962824322054560\",\n    \"maxPrice\": \"3963001344000000\",\n    \"updatedAt\": 1733654540700,\n    \"timestamp\": 1733654540\n  },\n  {\n    \"tokenAddress\": \"0x152b9d0FdC40C096757F570A51E494bd4b943E50\",\n    \"tokenSymbol\": \"BTC\",\n    \"minPrice\": \"993538180140000000000000000\",\n    \"maxPrice\": \"993596270000000000000000000\",\n    \"updatedAt\": 1733654540700,\n    \"timestamp\": 1733654540\n  },\n  {\n    \"tokenAddress\": \"0x5947BB275c521040051D82396192181b413227A3\",\n    \"tokenSymbol\": \"LINK\",\n    \"minPrice\": \"25868609000000\",\n    \"maxPrice\": \"25883442643265\",\n    \"updatedAt\": 1733654540649,\n    \"timestamp\": 1733654540\n  },\n  {\n    \"tokenAddress\": \"0xFE6B19286885a4F7F55AdAD09C3Cd1f906D2478F\",\n    \"tokenSymbol\": \"SOL\",\n    \"minPrice\": \"235600081580195020000000\",\n    \"maxPrice\": \"235624050000000000000000\",\n    \"updatedAt\": 1733654539742,\n    \"timestamp\": 1733654539\n  },\n  {\n    \"tokenAddress\": \"0xC301E6fe31062C557aEE806cc6A841aE989A3ac6\",\n    \"tokenSymbol\": \"DOGE\",\n    \"minPrice\": \"4548394000000000000000\",\n    \"maxPrice\": \"4548965000000000000000\",\n    \"updatedAt\": 1733654540598,\n    \"timestamp\": 1733654540\n  },\n  {\n    \"tokenAddress\": \"0x8E9C35235C38C44b5a53B56A41eaf6dB9a430cD6\",\n    \"tokenSymbol\": \"LTC\",\n    \"minPrice\": \"1334832740477351000000000\",\n    \"maxPrice\": \"1335132300000000000000000\",\n    \"updatedAt\": 1733654539792,\n    \"timestamp\": 1733654539\n  },\n  {\n    \"tokenAddress\": \"0xB97EF9Ef8734C71904D8002F8b6Bc66Dd9c48a6E\",\n    \"tokenSymbol\": \"USDC\",\n    \"minPrice\": \"999773328010493800000000\",\n    \"maxPrice\": \"999892200000000000000000\",\n    \"updatedAt\": 1733654540548,\n    \"timestamp\": 1733654540\n  },\n  {\n    \"tokenAddress\": \"0xA7D7079b0FEaD91F3e65f86E8915Cb59c1a4C664\",\n    \"tokenSymbol\": \"USDC.e\",\n    \"minPrice\": \"999773328010493800000000\",\n    \"maxPrice\": \"999892200000000000000000\",\n    \"updatedAt\": 1733654540548,\n    \"timestamp\": 1733654540\n  },\n  {\n    \"tokenAddress\": \"0x9702230A8Ea53601f5cD2dc00fDBc13d4dF4A8c7\",\n    \"tokenSymbol\": \"USDT\",\n    \"minPrice\": \"1000440000000000000000000\",\n    \"maxPrice\": \"1000530200000000000000000\",\n    \"updatedAt\": 1733654540649,\n    \"timestamp\": 1733654540\n  },\n  {\n    \"tokenAddress\": \"0xc7198437980c041c805A1EDcbA50c1Ce5db95118\",\n    \"tokenSymbol\": \"USDT.e\",\n    \"minPrice\": \"1000440000000000000000000\",\n    \"maxPrice\": \"1000530200000000000000000\",\n    \"updatedAt\": 1733654540649,\n    \"timestamp\": 1733654540\n  },\n  {\n    \"tokenAddress\": \"0xd586E7F844cEa2F87f50152665BCbc2C279D8d70\",\n    \"tokenSymbol\": \"DAI.e\",\n    \"minPrice\": \"999778827621\",\n    \"maxPrice\": \"1000172000000\",\n    \"updatedAt\": 1733654540497,\n    \"timestamp\": 1733654540\n  },\n  {\n    \"tokenAddress\": \"0x34B2885D617cE2ddeD4F60cCB49809fc17bb58Af\",\n    \"tokenSymbol\": \"XRP\",\n    \"minPrice\": \"2527576700000000000000000\",\n    \"maxPrice\": \"2527810635716744700000000\",\n    \"updatedAt\": 1733654540598,\n    \"timestamp\": 1733654540\n  },\n  {\n    \"tokenAddress\": \"0x62edc0692BD897D2295872a9FFCac5425011c661\",\n    \"tokenSymbol\": \"GMX\",\n    \"minPrice\": \"40848026522706\",\n    \"maxPrice\": \"40858942568950\",\n    \"updatedAt\": 1733654540548,\n    \"timestamp\": 1733654540\n  }\n]","timestamp":"2024-12-08T10:42:21.339Z"}
{"level":"info","message":"Fetching GMX candlesticks for Arbitrum (ETH, 1d)...","timestamp":"2024-12-08T10:42:21.340Z"}
{"level":"info","message":"Fetching GMX data for arbitrum (candles) with params: {\"tokenSymbol\":\"ETH\",\"period\":\"1d\"}","timestamp":"2024-12-08T10:42:21.340Z"}
{"level":"info","message":"Fetched GMX data: {\"period\":\"1d\",\"candles\":[[1733616000,4000.01,4012.6,3926.59,3962.91],[1733529600,4005.13,4030.15,3973.19,4000.01],[1733443200,3789.41,4095.54,3781.49,4005.13],[1733356800,3844.04,3958.53,3685.52,3789.41],[1733270400,3617.25,3896.98,3616.97,3844.04],[1733184000,3644.6,3670.86,3502.98,3617.25],[1733097600,3710.08,3762.71,3556.84,3644.6],[1733011200,3705.93,3748.76,3661.3,3710.08],[1732924800,3593.55,3740.59,3570.3,3705.93],[1732838400,3579.25,3649.12,3535.69,3593.55],[1732752000,3657.1,3665.27,3530.7,3579.25],[1732665600,3323.31,3688.62,3300.9,3657.1],[1732579200,3414.64,3462.72,3254.06,3323.31],[1732492800,3364.68,3546.15,3304.07,3414.64],[1732406400,3397.3,3453.41,3286.83,3364.68],[1732320000,3331.44,3500.2,3316.53,3397.3],[1732233600,3359.82,3429.48,3262.59,3331.44],[1732147200,3072.04,3390.18,3035.27,3359.82],[1732060800,3111.66,3161.35,3032.2,3072.04],[1731974400,3210.05,3223.03,3069.84,3111.66],[1731888000,3076.46,3225.99,3050.61,3210.05],[1731801600,3133.75,3161.67,3037.29,3076.46],[1731715200,3090.85,3220.17,3072.83,3133.75],[1731628800,3058.84,3131.19,3014.89,3090.85],[1731542400,3191.23,3242.32,3031.25,3058.84],[1731456000,3247.23,3338.83,3121.31,3191.23],[1731369600,3375.65,3445.39,3210.61,3247.23],[1731283200,3185.9,3391.35,3108.35,3375.65],[1731196800,3128.03,3251.14,3070.79,3185.9],[1731110400,2963.81,3158.03,2956.57,3128.03],[1731024000,2897.19,2985.35,2888.98,2963.81],[1730937600,2724.34,2920.02,2701.35,2897.19],[1730851200,2422.37,2746.37,2420.4,2724.34],[1730764800,2396.96,2479.35,2379.52,2422.37],[1730678400,2456.53,2489.7,2357.19,2396.96],[1730592000,2493.15,2495.63,2410.06,2456.53],[1730505600,2510.43,2522.17,2470,2493.15],[1730419200,2514.99,2585.01,2466.06,2510.43],[1730332800,2658.2,2667.91,2500.3,2514.99],[1730246400,2637.55,2721.01,2598.62,2658.2],[1730160000,2565.68,2681.21,2559.51,2637.55],[1730073600,2505.05,2587.63,2468.45,2565.68],[1729987200,2479.41,2524.41,2461.07,2505.05],[1729900800,2435.99,2504.16,2425.57,2479.41],[1729814400,2534.22,2563.99,2379.81,2435.99],[1729728000,2521.98,2558.88,2505.68,2534.22],[1729641600,2620.98,2625.11,2453.1,2521.98],[1729555200,2665.32,2670.33,2604.72,2620.98],[1729468800,2746.05,2768.25,2654.28,2665.32],[1729382400,2647.93,2758.11,2635.28,2746.05],[1729296000,2641.95,2662.93,2630.83,2647.93],[1729209600,2604.83,2675.38,2595.36,2641.95],[1729123200,2610.61,2647.31,2574.98,2604.83],[1729036800,2606.86,2646.7,2588.55,2610.61],[1728950400,2628.71,2687.19,2537.01,2606.86],[1728864000,2467.84,2653.11,2442.44,2628.71],[1728777600,2475.77,2484.21,2435.93,2467.84],[1728691200,2438.66,2489.49,2433.35,2475.77],[1728604800,2384.38,2471,2379.87,2438.66],[1728518400,2368.35,2417.92,2328.36,2384.38],[1728432000,2439.39,2471.82,2349.38,2368.35],[1728345600,2422.04,2464.78,2400.13,2439.39],[1728259200,2439.63,2520.3,2402.93,2422.04],[1728172800,2414.5,2457.31,2406.81,2439.63],[1728086400,2414.4,2428.01,2389.72,2414.5],[1728000000,2349.73,2440.84,2338.97,2414.4],[1727913600,2363.61,2403.05,2309.58,2349.73],[1727827200,2447.94,2498.41,2352.45,2363.61],[1727740800,2601.32,2657.92,2413.22,2447.94],[1727654400,2658.01,2663.58,2574.13,2601.32],[1727568000,2675.64,2683.81,2634.68,2658.01],[1727481600,2695.2,2704.87,2650.56,2675.64],[1727395200,2632.51,2728.62,2615.51,2695.2],[1727308800,2579.46,2666.44,2558.88,2632.51],[1727222400,2653.35,2673.62,2555.32,2579.46],[1727136000,2647,2671.24,2591.71,2653.35],[1727049600,2581.12,2703.39,2540.12,2647],[1726963200,2613.24,2632.26,2525.73,2581.12],[1726876800,2561.6,2622.26,2529.46,2613.24],[1726790400,2465.57,2571.94,2438.11,2561.6],[1726704000,2374.73,2494.38,2372.81,2465.57],[1726617600,2342.02,2376.07,2277.55,2374.73],[1726531200,2295.37,2393.82,2263.3,2342.02],[1726444800,2316.22,2335.32,2252.54,2295.37],[1726358400,2418.38,2430.94,2285.76,2316.22],[1726272000,2441.11,2442.5,2380.73,2418.38],[1726185600,2361.75,2464.46,2337.4,2441.11],[1726099200,2340.74,2391.83,2315.08,2361.75],[1726012800,2388.48,2389.54,2277.98,2340.74],[1725926400,2359.8,2399.02,2321.13,2388.48],[1725840000,2297.2,2380.05,2272.95,2359.8],[1725753600,2273.27,2332.41,2241.63,2297.2],[1725667200,2224.53,2311.01,2221.48,2273.27],[1725580800,2367.87,2407.54,2150.09,2224.53],[1725494400,2450.33,2465.82,2347.84,2367.87],[1725408000,2424.66,2489.54,2308.57,2450.33],[1725321600,2537.92,2553.28,2415.72,2424.66],[1725235200,2426.03,2564.12,2423.58,2537.92],[1725148800,2512.82,2515.91,2400.17,2426.03],[1725062400,2525.45,2533.44,2492.19,2512.82],[1724976000,2527.95,2548.9,2432.21,2525.45],[1724889600,2527.95,2596.4,2506.18,2527.95],[1724803200,2457.74,2554.98,2420.14,2527.95],[1724716800,2681.06,2700.19,2399,2457.74],[1724630400,2747.49,2763.32,2667.78,2681.06],[1724544000,2769.78,2793.34,2734.98,2747.49],[1724457600,2764.76,2820.48,2734.88,2769.78],[1724371200,2623.22,2800.64,2621.54,2764.76],[1724284800,2631.16,2645.53,2585.18,2623.22],[1724198400,2573.01,2664.04,2537.37,2631.16],[1724112000,2637.39,2696.52,2555.51,2573.01],[1724025600,2612.37,2648.71,2564.66,2637.39],[1723939200,2614.71,2686.58,2594.86,2612.37],[1723852800,2593.55,2627.72,2588.07,2614.71],[1723766400,2570.31,2630.45,2551.94,2593.55],[1723680000,2661.77,2675.67,2517.99,2570.31],[1723593600,2703.32,2779.37,2635.5,2661.77],[1723507200,2723.08,2738.78,2612.03,2703.32],[1723420800,2555.52,2749.97,2511.29,2723.08],[1723334400,2610.54,2719.1,2541.26,2555.52],[1723248000,2599.83,2644.87,2577.6,2610.54],[1723161600,2683.95,2707.34,2553.69,2599.83],[1723075200,2343.24,2723.69,2321.07,2683.95],[1722988800,2462.64,2551.89,2309.39,2343.24],[1722902400,2419.93,2554.68,2416.49,2462.64],[1722816000,2688.04,2696.31,2111.95,2419.93],[1722729600,2901.96,2932.37,2631.09,2688.04],[1722643200,2985.91,3015.85,2858.77,2901.96],[1722556800,3200.69,3215.58,2964.51,2985.91],[1722470400,3231.67,3241.86,3077.7,3200.69],[1722384000,3278.37,3348.12,3213.44,3231.67],[1722297600,3317.21,3365.52,3234.02,3278.37],[1722211200,3270.01,3396.59,3257.23,3317.21],[1722124800,3249.26,3283.58,3199.18,3270.01],[1722038400,3274.99,3327.72,3191.97,3249.26],[1721952000,3174.28,3286.04,3169.78,3274.99],[1721865600,3335.34,3341.59,3086.87,3174.28],[1721779200,3482.88,3487.84,3302.8,3335.34],[1721692800,3440.84,3540.22,3391.71,3482.88],[1721606400,3536.06,3562.4,3424.58,3440.84],[1721520000,3518.61,3547.21,3413.61,3536.06],[1721433600,3505.7,3540.62,3482.01,3518.61],[1721347200,3425.71,3541.45,3376.49,3505.7],[1721260800,3387.31,3489.65,3368.21,3425.71],[1721174400,3446.25,3517.78,3377.38,3387.31],[1721088000,3485.49,3499.11,3348.35,3446.25],[1721001600,3246.12,3495.59,3234.74,3485.49],[1720915200,3176.72,3268.45,3164.62,3246.12],[1720828800,3134.78,3202.62,3114.35,3176.72],[1720742400,3099.42,3158.07,3047.57,3134.78],[1720656000,3100.57,3215.09,3054.85,3099.42],[1720569600,3066.45,3150.39,3024.64,3100.57],[1720483200,3018.45,3112.67,3003.89,3066.45],[1720396800,2930.82,3093.18,2824.04,3018.45],[1720310400,3067.35,3073.75,2922.33,2930.82],[1720224000,2981.85,3081.1,2955.87,3067.35],[1720137600,3058.7,3107.97,2820.35,2981.85],[1720051200,3292.05,3309.7,3050.36,3058.7],[1719964800,3416.24,3426.91,3249.98,3292.05],[1719878400,3438.62,3460.05,3397.62,3416.24],[1719792000,3432.44,3518.42,3422.19,3438.62],[1719705600,3373.31,3454.11,3350.01,3432.44],[1719619200,3373.74,3402.92,3366.83,3373.31],[1719532800,3445.56,3483.91,3362.31,3373.74],[1719446400,3368.98,3473.55,3360.07,3445.56],[1719360000,3393.26,3424.34,3324.61,3368.98],[1719273600,3350.92,3427.09,3335.28,3393.26],[1719187200,3418.54,3433.31,3241.05,3350.92],[1719100800,3494.07,3519.75,3405.76,3418.54],[1719014400,3516.65,3519.24,3473.87,3494.07],[1718928000,3512.1,3545.24,3445.77,3516.65],[1718841600,3559.08,3624.24,3484.84,3512.1],[1718755200,3482.71,3586.47,3464.95,3559.08],[1718668800,3509.05,3514.27,3353.88,3482.71],[1718582400,3621.7,3635.65,3463.8,3509.05],[1718496000,3566.65,3650.94,3538.98,3621.7],[1718409600,3479.73,3591.5,3471.23,3566.65],[1718323200,3469.06,3531.04,3360.85,3479.73],[1718236800,3559.93,3561.58,3428.21,3469.06],[1718150400,3496.14,3654.64,3461.17,3559.93],[1718064000,3666.82,3671.69,3430.43,3496.14],[1717977600,3706.08,3712.62,3644.15,3666.82],[1717891200,3680.26,3721.19,3665.58,3706.08],[1717804800,3676.09,3707.18,3660.55,3680.26],[1717718400,3812.1,3840.02,3585.93,3676.09],[1717632000,3864.91,3877.51,3760.41,3812.1],[1717545600,3809.85,3886.37,3777.32,3864.91],[1717459200,3766.57,3831.2,3731.32,3809.85],[1717372800,3778.79,3849.45,3758.51,3766.57],[1717286400,3812.5,3835.02,3750.59,3778.79],[1717200000,3760.27,3829.96,3750.62,3812.5],[1717113600,3746.06,3843.82,3722.47,3760.28],[1717027200,3764.42,3823.21,3700.41,3746.36],[1716940800,3840.71,3883.73,3741.69,3764.42],[1716854400,3891.81,3928.61,3770.13,3840.71],[1716768000,3825.26,3974.53,3822.18,3891.81],[1716681600,3749.23,3881,3731.24,3825.26],[1716595200,3726.44,3777.3,3707.32,3749.23],[1716508800,3782.52,3827.82,3628.55,3726.44],[1716422400,3737.36,3946.84,3533.36,3782.52],[1716336000,3789.26,3812.89,3653.19,3737.36],[1716249600,3661.79,3839.36,3625.74,3789.26],[1716163200,3071.54,3692.61,3048.58,3661.79],[1716076800,3124.05,3137.76,3053.87,3071.54],[1715990400,3092.78,3147.33,3084.76,3124.05],[1715904000,2945.56,3120.2,2933.91,3092.78],[1715817600,3032.87,3041.04,2924.04,2945.55],[1715731200,2880.39,3041.2,2862.26,3032.87],[1715644800,2949.78,2959.58,2860.08,2880.39],[1715558400,2927.99,2994.75,2863.75,2949.78],[1715472000,2911.48,2953.77,2900.74,2927.99],[1715385600,2909.99,2944.43,2886.92,2911.48],[1715299200,3035.51,3052.69,2879.6,2909.99],[1715212800,2973.81,3058.05,2950.2,3035.51],[1715126400,3005.75,3038.14,2936.99,2973.81],[1715040000,3062.9,3130.16,3000.71,3005.75],[1714953600,3136.97,3221.78,3046.65,3062.91],[1714867200,3117.79,3172.08,3073.91,3136.97],[1714780800,3103.27,3167.6,3093.49,3117.79],[1714694400,2985.9,3126.79,2958.42,3103.27],[1714608000,2968.99,3016.02,2890.87,2985.9],[1714521600,3010.33,3019.66,2813.74,2968.99],[1714435200,3216.21,3250.27,2916.94,3010.33],[1714348800,3262.2,3285.39,3115.3,3216.22],[1714262400,3254.75,3355.35,3249.66,3262.2],[1714176000,3131.29,3283.18,3069.67,3254.75],[1714089600,3155.27,3167.67,3102.49,3131.28],[1714003200,3140.74,3191.01,3072.6,3155.27],[1713916800,3221.2,3292.85,3105.45,3140.74],[1713830400,3201.04,3264.83,3154.14,3221.2],[1713744000,3149.13,3236.01,3130.73,3201.15],[1713657600,3157.15,3198.51,3118.37,3149.13],[1713571200,3057.42,3171.05,3019.71,3157.15],[1713484800,3064.57,3129.18,2866.1,3057.42],[1713398400,2985.78,3094.29,2953.41,3064.57],[1713312000,3085.43,3123.91,2916.61,2985.78],[1713225600,3105.04,3127.98,2990.31,3085.43],[1713139200,3156.19,3280.76,3026.13,3105.04],[1713052800,3011.16,3175.39,2912.36,3156.19],[1712966400,3236.45,3303.21,2856.47,3011.16],[1712880000,3502.51,3552.05,3101.99,3236.45],[1712793600,3545.79,3618.16,3474.05,3502.51],[1712707200,3506.19,3563.09,3414.74,3545.79],[1712620800,3694.26,3725.29,3454.44,3506.19],[1712534400,3454.63,3729.14,3407.83,3694.26],[1712448000,3352.79,3459.95,3345.33,3454.63],[1712361600,3318.13,3399.17,3307.75,3352.79],[1712275200,3328.52,3346.52,3211.76,3318.12],[1712188800,3312.43,3442.99,3252.76,3328.52],[1712102400,3279.1,3368.89,3203.33,3312.43],[1712016000,3504.56,3506.13,3212.56,3279.1],[1711929600,3645.65,3646.32,3414.93,3504.56],[1711843200,3508.03,3655.68,3507.47,3645.65],[1711756800,3510.71,3566.15,3487.57,3508.16],[1711670400,3561.1,3584.94,3473.06,3510.71],[1711584000,3499.78,3609.67,3463.05,3561.1],[1711497600,3587.56,3665.68,3458.19,3499.78],[1711411200,3591.4,3679.73,3543.74,3587.56],[1711324800,3454.8,3658.98,3419.85,3591.4],[1711238400,3330.02,3471.03,3300.01,3454.8],[1711152000,3336.77,3435.23,3271.37,3330.02],[1711065600,3492.6,3542.26,3252.57,3336.77],[1710979200,3516.76,3586.64,3411.94,3492.6],[1710892800,3158.02,3535.25,3059.05,3516.76],[1710806400,3519.85,3545.98,3150.26,3157.81],[1710720000,3644.02,3644.54,3454.52,3519.85],[1710633600,3521.75,3678.2,3412.76,3644.02],[1710547200,3742.16,3781.33,3468.51,3521.75],[1710460800,3879.73,3930.26,3566.59,3742.16],[1710374400,4008.56,4014.38,3720.94,3879.73],[1710288000,3980.84,4083.44,3932.96,4008.56],[1710201600,4067.85,4093.48,3830.66,3980.84],[1710115200,3884.15,4089.86,3739.83,4067.85],[1710028800,3912.17,3972.08,3800.17,3884.15],[1709942400,3893.34,3948.7,3877.13,3912.17],[1709856000,3873.91,3998.81,3829.07,3893.34],[1709769600,3823.12,3938.17,3736.26,3873.91],[1709683200,3557.18,3902.95,3502.19,3823.12],[1709596800,3633.23,3827.93,3206.8,3557.18],[1709510400,3489.63,3645.61,3437.51,3632.96],[1709424000,3423.88,3493.47,3363.65,3489.63],[1709337600,3436.98,3463.29,3398.77,3423.88],[1709251200,3341.66,3454.13,3340.22,3436.98],[1709164800,3385.08,3523.22,3301.26,3341.66],[1709078400,3243.74,3489.85,3186.69,3385.08],[1708992000,3177.01,3288.9,3166.63,3243.74],[1708905600,3112.57,3196.73,3036.9,3177.01],[1708819200,2992.28,3120.55,2983.45,3112.57],[1708732800,2921.8,3005.61,2906.16,2992.28],[1708646400,2970.38,2992.59,2905.65,2921.8],[1708560000,2968.1,3035.05,2906.28,2970.38],[1708473600,3015.48,3017.74,2869.59,2968.3],[1708387200,2944.93,3033.6,2876,3015.48],[1708300800,2881.91,2984.6,2858.18,2944.93],[1708214400,2786.77,2895.75,2766.01,2881.91],[1708128000,2803.12,2805.47,2720.47,2786.77],[1708041600,2823.49,2858.23,2750.4,2803.12],[1707955200,2776.75,2869.05,2762.05,2823.49],[1707868800,2641.06,2787.9,2619.1,2776.75],[1707782400,2661.21,2687.45,2592.87,2641.06],[1707696000,2507.92,2666.85,2473,2661.21],[1707609600,2501.36,2540.67,2494.41,2507.91],[1707523200,2487.05,2517.58,2472.71,2501.36],[1707436800,2419.61,2523.71,2419.1,2487.05],[1707350400,2423.71,2461.39,2410.75,2419.61],[1707264000,2371.46,2443.08,2352.34,2423.71],[1707177600,2298.96,2390.49,2296.08,2371.46],[1707091200,2289.11,2337.68,2268.5,2298.96],[1707004800,2295.95,2310.19,2267.55,2289.11],[1706918400,2308.07,2328.81,2292.11,2295.95],[1706832000,2303.78,2324.18,2281.7,2308.07],[1706745600,2282.01,2310.66,2240.12,2303.78],[1706659200,2342.94,2351.53,2263.53,2282.01],[1706572800,2317.56,2391.62,2297.15,2342.94],[1706486400,2256.83,2322.25,2234.27,2317.56],[1706400000,2268.07,2308,2239.96,2256.83],[1706313600,2267.45,2282.69,2251.2,2268.07],[1706227200,2217.69,2281.4,2195.03,2267.44],[1706140800,2234.09,2241.7,2170.6,2217.69],[1706054400,2241.04,2262.57,2194.98,2234.09],[1705968000,2311.9,2349.31,2165.92,2241.04],[1705881600,2455.72,2464.69,2301.31,2311.9],[1705795200,2470.35,2480.46,2452.15,2455.72],[1705708800,2489.88,2489.88,2452.17,2470.35],[1705622400,2469.07,2502.24,2413.47,2489.88],[1705536000,2529.68,2547.14,2424.14,2469.07],[1705449600,2586.08,2592.45,2506.25,2529.68],[1705363200,2510.51,2613.02,2498.55,2586.08],[1705276800,2472.72,2552.35,2470.78,2510.51],[1705190400,2578.12,2578.62,2469.87,2472.72],[1705104000,2521,2589.73,2497.45,2578.12],[1705017600,2618.88,2717.19,2457.98,2521],[1704931200,2585.3,2690.04,2567.32,2618.88],[1704844800,2345.25,2642.17,2341.05,2585.2],[1704758400,2332.35,2372.67,2228.68,2345.26],[1704672000,2222.59,2359.61,2167.73,2332.35],[1704585600,2242.14,2258.62,2206.61,2222.59],[1704499200,2270.09,2271.57,2217.92,2242.14],[1704412800,2269.16,2278.73,2207.83,2270.09],[1704326400,2212,2296.26,2204.39,2269.16],[1704240000,2356.33,2385.86,2103.12,2212],[1704153600,2352.41,2432.31,2346.1,2356.33],[1704067200,2282.24,2352.41,2265.36,2352.41],[1703980800,2292.04,2321.58,2260.3,2282.24],[1703894400,2300.6,2323.08,2268.39,2292.06],[1703808000,2346.56,2386.84,2258.01,2300.6],[1703721600,2379.06,2448.12,2338.18,2346.56],[1703635200,2231.52,2392.74,2212.23,2379.06],[1703548800,2272.76,2276.23,2180.68,2231.52],[1703462400,2265.09,2306.13,2254.15,2272.79],[1703376000,2310.65,2328.36,2246.03,2265.09],[1703289600,2325.93,2331.11,2267.76,2310.65],[1703203200,2239.72,2343.18,2230.87,2325.93],[1703116800,2201.84,2279.28,2182.95,2239.72],[1703030400,2177.53,2265.5,2157.3,2201.84],[1702944000,2218.31,2254.46,2135.6,2177.53],[1702857600,2193.69,2222.65,2117.29,2218.31],[1702771200,2228.13,2245.28,2190,2193.69],[1702684800,2220.55,2263.21,2210.51,2228.03],[1702598400,2315.98,2318.34,2202.36,2220.55],[1702512000,2260.26,2332.48,2231.44,2315.99],[1702425600,2202.24,2283.97,2145.25,2260.26],[1702339200,2223.65,2242,2165.44,2202.24],[1702252800,2352.58,2355.16,2139.02,2223.65],[1702166400,2341.3,2377.81,2322.65,2352.58],[1702080000,2358.99,2403.49,2329.72,2341.3],[1701993600,2356.36,2391.79,2339.76,2359.2],[1701907200,2233.23,2383.24,2222.55,2356.36],[1701820800,2293.97,2311.93,2220.52,2233.24],[1701734400,2243.29,2309.62,2188.84,2293.97],[1701648000,2193.72,2274.6,2191.98,2243.29],[1701561600,2165.79,2217.18,2150.47,2193.72],[1701475200,2087.96,2186.05,2086.98,2165.79],[1701388800,2052.77,2111.08,2045.92,2087.96],[1701302400,2028.99,2055.38,2021.03,2052.77],[1701216000,2049.54,2075.9,2020.69,2028.99],[1701129600,2027.46,2075.02,1995.27,2049.54],[1701043200,2062.99,2071.9,1986.4,2027.46],[1700956800,2084.21,2095.16,2037.67,2062.99],[1700870400,2082.19,2091.68,2066.71,2084.21],[1700784000,2062.55,2133.32,2059.71,2082.19],[1700697600,2064.05,2089.32,2041,2062.55],[1700611200,1933.72,2092.42,1930.32,2064.05],[1700524800,2022.98,2036.14,1932.9,1933.72],[1700438400,2012.69,2067.53,1995.24,2022.98],[1700352000,1963.79,2016.38,1944.7,2012.69],[1700265600,1961.45,1971.86,1918.38,1963.8],[1700179200,1961.96,1991.55,1906.92,1961.45],[1700092800,2059.97,2091.91,1940.25,1961.96],[1700006400,1979.51,2062.56,1967.33,2059.96],[1699920000,2054.18,2065.27,1935.88,1979.51],[1699833600,2045.53,2118.68,2029.33,2054.18],[1699747200,2053.78,2066.9,2014.06,2045.53],[1699660800,2078.59,2090.6,2031.58,2053.78],[1699574400,2121.52,2136.59,2065.71,2078.59],[1699488000,1888.86,2131.91,1883.08,2121.52],[1699401600,1886.54,1905.14,1873.93,1888.86],[1699315200,1901.31,1907.37,1850.83,1886.54],[1699228800,1893.85,1915.65,1871.37,1901.31],[1699142400,1857.18,1914.24,1847.97,1893.85],[1699056000,1833.64,1871.26,1825.11,1857.18],[1698969600,1801.01,1835.43,1777.52,1833.64],[1698883200,1847.79,1875.05,1785.81,1801.01],[1698796800,1815.38,1858.12,1784.16,1847.79],[1698710400,1809.75,1820.13,1782.16,1815.38],[1698624000,1795.98,1830.46,1778.61,1809.75],[1698537600,1776.52,1812.12,1763.18,1795.95],[1698451200,1779.79,1803.36,1771.64,1776.52],[1698364800,1803.54,1804.06,1746.51,1779.79],[1698278400,1787.73,1865.98,1763.77,1803.54],[1698192000,1784.83,1817.54,1760.44,1787.73],[1698105600,1766.27,1855.36,1757.18,1784.83],[1698019200,1664.19,1799.92,1657.84,1766.27],[1697932800,1629.53,1668.27,1622.24,1664.19],[1697846400,1604.63,1644.65,1593.15,1629.53],[1697760000,1567.41,1630.97,1561.95,1604.63],[1697673600,1563.79,1574.74,1542.39,1567.41],[1697587200,1565.53,1586,1556.45,1563.79],[1697500800,1600.11,1601.28,1553.12,1565.53],[1697414400,1558,1640.38,1555.25,1600.11],[1697328000,1554.95,1566.46,1549.72,1558],[1697241600,1552.03,1561.23,1544.79,1554.96],[1697155200,1539.24,1574.13,1537.35,1552.03],[1697068800,1566.62,1568.32,1521.73,1539.24],[1696982400,1567.8,1578.6,1545.7,1566.63],[1696896000,1580.29,1595.14,1551.98,1567.79],[1696809600,1633.75,1636.45,1548.45,1580.29],[1696723200,1634.58,1642.27,1617.22,1633.76],[1696636800,1645.81,1648.43,1630.9,1634.58],[1696550400,1612.03,1662.29,1612.03,1645.81],[1696464000,1646.73,1655.17,1607.76,1612.03],[1696377600,1657.02,1657.84,1625.39,1646.73],[1696291200,1662.78,1670.78,1643.98,1657.02],[1696204800,1734.08,1743.86,1637.94,1662.78],[1696118400,1671.17,1753.01,1668.63,1734.09],[1696032000,1667.44,1694.27,1666.17,1671.17],[1695945600,1653.07,1688.13,1648.51,1667.43],[1695859200,1597.65,1667.46,1597.17,1653.07],[1695772800,1593.43,1633.5,1583.05,1597.65],[1695686400,1588.32,1599.28,1580.34,1593.43],[1695600000,1580.77,1597.47,1563.55,1588.32],[1695513600,1594.06,1601.36,1570.24,1580.77],[1695427200,1593.35,1598.37,1587.98,1594.06],[1695340800,1583.98,1602.62,1576.93,1593.35],[1695254400,1622.37,1625.38,1568.39,1583.98],[1695168000,1643.45,1649.68,1605.87,1622.37],[1695081600,1636.99,1661.29,1626.94,1643.45],[1694995200,1622.97,1669.62,1605.6,1636.99],[1694908800,1634.82,1635.53,1612.38,1622.97],[1694822400,1641.39,1652.35,1631.82,1634.82],[1694736000,1626.94,1653.59,1611.88,1641.39],[1694649600,1608.14,1644.68,1607.57,1626.94],[1694563200,1592.95,1618.82,1581.87,1608.14],[1694476800,1551.37,1624.46,1549.21,1592.95],[1694390400,1616.83,1618.4,1531.36,1551.37],[1694304000,1635.23,1635.62,1599.01,1616.83],[1694217600,1636.68,1637.65,1630.15,1635.23],[1694131200,1647.44,1658.21,1615.9,1636.68],[1694044800,1632.39,1658.86,1622.91,1647.44],[1693958400,1633.61,1669.11,1608.87,1632.39],[1693872000,1630.02,1647.22,1609.52,1633.61],[1693785600,1635.69,1644.61,1616.25,1630.02],[1693699200,1637,1647.2,1625.21,1635.69],[1693612800,1628.59,1644.51,1627.51,1637],[1693526400,1645.61,1654.14,1602.34,1628.59],[1693440000,1705.23,1725.48,1630.09,1645.61],[1693353600,1729.63,1731.14,1696.19,1705.23],[1693267200,1652.52,1744.81,1639.44,1729.63],[1693180800,1657.67,1663.06,1623.18,1652.52],[1693094400,1646.26,1659.41,1645.52,1657.66],[1693008000,1653.03,1654.81,1643.26,1646.26],[1692921600,1660.51,1675.73,1634.9,1653.03],[1692835200,1679.17,1682.93,1635.92,1660.51],[1692748800,1634.52,1700.78,1628.96,1679.17],[1692662400,1667.36,1669.18,1581.83,1634.54],[1692576000,1685.29,1688.23,1649.42,1667.36],[1692489600,1669.64,1694.42,1662.08,1685.29],[1692403200,1661.19,1695.94,1653.84,1669.64],[1692316800,1681.2,1699,1641.63,1661.19],[1692230400,1805.82,1808.05,1545.67,1681.2],[1692144000,1826.68,1829,1796.19,1805.82],[1692057600,1842.78,1844.8,1811.37,1826.68],[1691971200,1839.75,1853.61,1834.02,1842.78],[1691884800,1849.6,1860.93,1833.53,1839.75],[1691798400,1846.92,1852.04,1845.23,1849.6],[1691712000,1850.25,1854.95,1836.68,1846.92],[1691625600,1853.94,1864.31,1844.52,1850.25],[1691539200,1855.74,1871.13,1845.74,1853.94],[1691452800,1827.01,1875.57,1824.24,1855.74],[1691366400,1827.84,1844.53,1800.55,1827.01],[1691280000,1834.54,1836.59,1823.89,1827.85],[1691193600,1828.04,1836.82,1825.33,1834.54],[1691107200,1834.34,1849.67,1813.63,1828.04],[1691020800,1839.13,1858.28,1825.24,1834.34],[1690934400,1872.75,1878.88,1820.65,1839.13],[1690848000,1855.96,1874.79,1814.22,1872.75],[1690761600,1861.78,1877.33,1850.67,1856],[1690675200,1880.7,1885.5,1849.3,1861.78],[1690588800,1874.01,1886.68,1869.6,1880.7],[1690502400,1860.83,1882.47,1856.18,1874.01],[1690416000,1871.93,1886.03,1854.39,1860.83],[1690329600,1857.66,1887.74,1848.66,1871.93],[1690243200,1849.63,1868.21,1845.26,1857.66],[1690156800,1888.66,1890.8,1833.87,1849.6],[1690070400,1866.65,1905.07,1858.35,1888.66],[1689984000,1891.8,1897.32,1852.57,1866.65],[1689897600,1891.38,1905.33,1884.46,1891.83],[1689811200,1919.11,1923.04,1878.15,1891.38],[1689724800,1897.21,1922.04,1882.17,1888.63],[1689638400,1911.21,1917.19,1875.73,1897.21],[1689552000,1922.12,1936.18,1873.26,1911.2],[1689465600,1931.41,1943.55,1914,1922.11],[1689379200,1937.82,1946.37,1926.23,1931.41],[1689292800,2004.49,2029.11,1898.39,1937.83],[1689206400,1871.82,2012.63,1862.59,2004.49],[1689120000,1878.31,1902,1864.37,1871.82],[1689033600,1880.41,1891.99,1862.38,1878.3],[1688947200,1862.81,1905.5,1846.63,1880.4],[1688860800,1865.24,1879.36,1856.15,1862.8],[1688774400,1870.92,1876,1842.8,1865.24],[1688688000,1846.17,1878,1826,1870.91],[1688601600,1910.35,1958,1846,1846.17],[1688515200,1936.19,1942.5,1894.51,1910.36],[1688428800,1955.55,1967.08,1931.58,1936.2],[1688342400,1937.49,1976.16,1933.55,1955.54],[1688256000,1924.5,1959.2,1885.75,1937.48],[1688169600,1933.8,1944.56,1909.44,1924.5],[1688083200,1851.99,1948.6,1825.01,1933.79],[1687996800,1828.03,1880,1827.84,1851.99],[1687910400,1889.58,1890.19,1816.56,1828.02],[1687824000,1858.97,1912.53,1855.19,1889.58],[1687737600,1898.8,1909.1,1837.18,1858.97],[1687651200,1874.95,1930,1868.83,1898.8],[1687564800,1892.63,1906,1864.77,1874.96],[1687478400,1872,1936.42,1861.01,1892.63],[1687392000,1889.1,1933.17,1865.98,1872.01],[1687305600,1791.99,1901,1787.38,1889.11],[1687219200,1737.1,1796.99,1714.72,1791.99],[1687132800,1720.95,1752.19,1698,1737.11],[1687046400,1727.75,1747.84,1712,1720.95],[1686960000,1717.91,1770,1714.26,1727.76],[1686873600,1666.96,1729.5,1649.86,1717.92],[1686787200,1650.95,1680.91,1626.01,1666.96],[1686700800,1740.12,1750.03,1630.43,1650.95],[1686614400,1742.57,1770.13,1724.22,1740.12],[1686528000,1752.77,1759.33,1720,1742.57],[1686441600,1751.52,1778.25,1738.72,1752.76],[1686355200,1840.37,1844.99,1715.03,1751.53],[1686268800,1845.65,1855,1827,1840.37],[1686182400,1832.12,1861.28,1828.31,1845.64],[1686096000,1884.65,1897.8,1821.18,1832.13],[1686009600,1810.49,1898.29,1797.18,1884.64],[1685923200,1890,1890.63,1778,1810.5],[1685836800,1892.05,1914.63,1884.22,1890.01],[1685750400,1906.69,1907.92,1881.6,1892.06],[1685664000,1861.78,1910,1847.51,1906.68],[1685577600,1873.63,1889.2,1840,1861.78],[1685491200,1900.58,1907.13,1846.95,1873.63],[1685404800,1892.6,1917,1881.19,1900.59],[1685318400,1908.64,1927.62,1873.65,1892.6],[1685232000,1829.89,1918.65,1823.6,1908.64],[1685145600,1827.8,1836.12,1812.18,1829.89],[1685059200,1805.61,1838.2,1796.99,1827.79],[1684972800,1799.89,1818.81,1761.41,1805.6],[1684886400,1854.06,1854.09,1777.6,1799.89],[1684800000,1817.36,1872.5,1815.24,1854.05],[1684713600,1804.91,1828.27,1792.01,1817.35],[1684627200,1819.42,1828.98,1797.21,1804.91],[1684540800,1812.31,1828.87,1807.06,1819.42],[1684454400,1800.56,1829.54,1796.81,1812.32],[1684368000,1822.12,1831.92,1771.12,1800.56],[1684281600,1824.21,1837.5,1783.68,1822.12],[1684195200,1816.21,1832.64,1796.2,1824.21],[1684108800,1799.2,1846.7,1785.05,1816.2],[1684022400,1795.12,1824,1789.82,1799.21],[1683936000,1807.45,1817.03,1785.23,1795.11],[1683849600,1794.31,1818.63,1740,1807.45],[1683763200,1840.83,1842.02,1772.68,1794.3],[1683676800,1846.53,1887.47,1790.51,1840.84],[1683590400,1847.55,1861.88,1830.99,1846.52],[1683504000,1870.41,1883.97,1810.73,1847.56],[1683417600,1896.33,1933.33,1867.59,1870.4],[1683331200,1993.3,2019,1860,1896.33],[1683244800,1877.07,1998.36,1875.65,1993.3],[1683158400,1905.12,1918.26,1866.71,1877.07],[1683072000,1870.09,1916.52,1842.64,1905.12],[1682985600,1830.73,1881.87,1822.94,1870.08],[1682899200,1870.08,1886.49,1806.12,1830.73],[1682812800,1907.79,1939,1866.16,1870.09],[1682726400,1890.93,1918,1883.05,1907.8],[1682640000,1908.68,1923.88,1873.94,1890.94],[1682553600,1866.01,1940.96,1861.19,1908.68],[1682467200,1866.1,1964.72,1785,1866.01],[1682380800,1841.84,1877.86,1801.66,1866.1],[1682294400,1862.01,1890,1806,1841.84],[1682208000,1874.17,1882.01,1836.37,1862],[1682121600,1848.77,1887.31,1841.64,1874.16],[1682035200,1942.98,1957.27,1825,1848.78],[1681948800,1933.74,1982.99,1914.43,1942.98],[1681862400,2103.51,2104.6,1923.03,1933.73],[1681776000,2073.99,2125,2051,2103.5],[1681689600,2118.66,2120.51,2056.25,2074],[1681603200,2090.61,2141.54,2072.72,2118.67],[1681516800,2099.99,2111.85,2071.13,2090.6],[1681430400,2012,2128.76,2009.22,2099.99],[1681344000,1917.4,2023,1899.55,2012.01],[1681257600,1889.86,1933,1852.65,1917.39],[1681171200,1910.21,1937.37,1881.11,1889.86],[1681084800,1858.91,1918.79,1846.4,1910.2],[1680998400,1848.82,1873.99,1824.01,1858.92],[1680912000,1863.73,1879.38,1847,1848.82],[1680825600,1872.41,1882.61,1841.46,1863.72],[1680739200,1908.68,1909.91,1853.7,1872.41],[1680652800,1870.38,1942.98,1864.58,1908.69],[1680566400,1810.51,1891.91,1802.01,1870.37],[1680480000,1794.51,1839.99,1762.77,1810.51],[1680393600,1820.8,1824.81,1771.7,1794.51],[1680307200,1821.52,1842.83,1807.81,1820.79],[1680220800,1793.6,1847.28,1777.91,1821.52],[1680134400,1793.06,1829.69,1763,1793.61],[1680048000,1773,1827.99,1772.48,1793.07],[1679961600,1715.21,1795.73,1701.13,1772.99],[1679875200,1773.88,1780.48,1686.13,1715.22],[1679788800,1741.88,1801,1739.31,1773.88],[1679702400,1749.57,1763.23,1713.09,1741.88],[1679616000,1813.78,1818.99,1726.4,1749.57],[1679529600,1734.34,1857.16,1729.35,1813.79],[1679443200,1801.23,1819.98,1710.12,1734.33],[1679356800,1732.77,1835,1717.01,1801.23],[1679270400,1780.67,1803.05,1722,1732.78],[1679184000,1758.84,1841.36,1757.92,1780.68],[1679097600,1789.26,1841,1747.47,1758.84],[1679011200,1673.73,1800,1662.65,1789.27],[1678924800,1649.95,1691.42,1632.18,1673.73],[1678838400,1699.41,1716.9,1611,1649.96],[1678752000,1673.44,1780.02,1655.24,1699.4],[1678665600,1580.33,1693.49,1565,1673.45],[1678579200,1471.93,1594.19,1448.3,1580.33],[1678492800,1426.43,1478.07,1408.4,1471.97],[1678406400,1437.32,1439.43,1368.39,1426.44],[1678320000,1532.38,1546.45,1408,1437.32],[1678233600,1561.95,1570.89,1523.61,1532.38],[1678147200,1565.84,1584.49,1536.14,1561.96],[1678060800,1564.57,1583.49,1554.44,1565.84],[1677974400,1566.74,1588.77,1553.05,1564.58],[1677888000,1569.45,1577.53,1549.12,1566.73],[1677801600,1647.86,1649.25,1544.39,1569.45],[1677715200,1665.23,1677.86,1619.18,1647.86],[1677628800,1605.24,1669.72,1595,1665.22],[1677542400,1633.45,1647.52,1596.66,1605.23],[1677456000,1641.37,1665.22,1608,1633.45],[1677369600,1594.58,1651.26,1587.76,1641.36],[1677283200,1607.8,1608.98,1557.33,1594.58],[1677196800,1650.52,1664.66,1575.64,1607.8],[1677110400,1643.15,1679,1628.75,1650.53],[1677024000,1659.77,1666.95,1595.07,1643.14],[1676937600,1703.27,1716.66,1636.3,1659.76],[1676851200,1679.74,1719.89,1650.56,1703.27],[1676764800,1691.62,1726.59,1666.14,1679.75],[1676678400,1693.81,1713.13,1679.77,1691.62],[1676592000,1637.83,1722,1630.51,1693.87],[1676505600,1674.92,1742.97,1633.72,1637.84],[1676419200,1555.7,1680,1542.55,1674.92],[1676332800,1505.25,1569,1482.66,1555.71],[1676246400,1514.82,1526.1,1461.93,1505.24],[1676160000,1538.5,1548.02,1493.08,1514.83],[1676073600,1513.05,1543,1505,1538.51],[1675987200,1545.35,1555.01,1490,1513.06],[1675900800,1650.42,1656.17,1524.4,1545.35],[1675814400,1671.03,1697.91,1630.47,1650.43],[1675728000,1614.28,1678.37,1613.14,1671.03],[1675641600,1629.01,1658.56,1605.01,1614.29],[1675555200,1666.39,1673.81,1609.3,1629.02],[1675468800,1663.52,1695.29,1645.43,1666.38],[1675382400,1643.12,1676,1625.93,1663.52],[1675296000,1641.67,1714.68,1626.85,1643.12],[1675209600,1585.32,1647.77,1555.18,1641.68],[1675123200,1566.21,1605.18,1561.63,1585.33],[1675036800,1644.73,1647.53,1535,1566.2],[1674950400,1572.1,1660,1566.33,1644.72],[1674864000,1597.61,1606.83,1555.99,1572.1],[1674777600,1601.08,1621,1552.54,1597.62],[1674691200,1611.95,1632.84,1577.43,1601.09],[1674604800,1555.97,1641,1518,1611.94],[1674518400,1626.28,1641.46,1535,1555.97],[1674432000,1627.43,1648.09,1585.29,1626.29],[1674345600,1626.65,1663.89,1604,1627.44],[1674259200,1658.53,1679.26,1616.21,1626.66],[1674172800,1551.09,1669.9,1542.02,1658.52],[1674086400,1511.44,1564.43,1509.15,1551.09],[1674000000,1565.56,1610,1501.39,1511.43],[1673913600,1576.94,1609,1541.15,1565.57],[1673827200,1552.52,1604.5,1521.31,1576.94],[1673740800,1549.91,1566.66,1516.03,1552.52],[1673654400,1451.21,1599.98,1449.14,1549.9],[1673568000,1415.91,1464,1401.03,1451.2],[1673481600,1389.4,1438,1361.92,1415.92],[1673395200,1335.63,1398,1321.04,1389.39],[1673308800,1320.4,1347.69,1316.8,1335.62],[1673222400,1290.15,1344.91,1285.44,1320.39],[1673136000,1264.06,1296,1257.77,1290.16],[1673049600,1269.13,1271.09,1261.3,1264.07],[1672963200,1251.25,1276.7,1236,1269.14],[1672876800,1256.91,1259.95,1242.81,1251.24],[1672790400,1214.56,1272.6,1212.71,1256.9],[1672704000,1213.99,1219.89,1204.93,1214.55],[1672617600,1200.33,1224.29,1193,1214],[1672531200,1196.13,1204.67,1190.57,1200.34],[1672444800,1199.98,1208.46,1191.66,1196.13],[1672358400,1200.48,1202.15,1181.08,1199.99],[1672272000,1190.15,1206.57,1186.77,1200.49],[1672185600,1211.55,1215.78,1181.06,1190.15],[1672099200,1228.12,1233.73,1200.58,1211.55],[1672012800,1218.52,1231.09,1211.67,1228.11],[1671926400,1220.42,1225,1193.18,1218.51],[1671840000,1219.98,1227.99,1214.69,1220.41],[1671753600,1217.72,1231.99,1210,1219.99],[1671667200,1213.78,1237.99,1182.54,1217.71],[1671580800,1216.95,1223.39,1203.02,1213.78],[1671494400,1167.82,1230.47,1163.12,1216.94],[1671408000,1183.06,1195,1150.51,1167.82],[1671321600,1187.16,1199.54,1170.32,1183.06],[1671235200,1166.82,1190.03,1161.92,1187.16],[1671148800,1266.53,1280.06,1155.32,1166.83],[1671062400,1307.45,1311.14,1259.27,1266.54],[1670976000,1320.69,1352.72,1301,1307.44],[1670889600,1275.41,1349,1255.1,1320.69],[1670803200,1263,1278.9,1240.03,1275.4],[1670716800,1266.35,1284.75,1255.85,1263.01],[1670630400,1263.11,1283.61,1259.6,1266.35],[1670544000,1280.18,1296.64,1250,1263.1],[1670457600,1231.18,1292.58,1222.01,1280.18],[1670371200,1271.31,1278.69,1218.01,1231.18],[1670284800,1259.41,1274.76,1241.56,1271.32],[1670198400,1279.4,1305.11,1246.61,1259.41],[1670112000,1240.5,1287.19,1240.1,1279.41],[1670025600,1295.58,1309,1236.26,1240.51],[1669939200,1276.4,1297.18,1265.24,1295.59],[1669852800,1294.46,1299.9,1262.77,1276.41],[1669766400,1216.49,1309.77,1212.5,1294.46],[1669680000,1167.77,1228.37,1158.27,1216.49],[1669593600,1193.88,1199.25,1151.02,1167.77],[1669507200,1205.61,1223.33,1188.65,1193.88],[1669420800,1199.29,1235.66,1196.2,1205.6],[1669334400,1203.72,1207.77,1171.2,1199.3],[1669248000,1184.52,1217.71,1180.6,1203.73],[1669161600,1139.59,1190,1127.75,1184.52],[1669075200,1107.34,1146.13,1075,1139.6],[1668988800,1142.21,1146.99,1079.76,1107.34],[1668902400,1217.67,1227.07,1132.65,1142.21],[1668816000,1212.58,1235,1197.67,1217.67],[1668729600,1200.42,1234,1199.18,1212.58],[1668643200,1216.16,1228.22,1181.05,1200.43],[1668556800,1253.22,1268.67,1187.06,1216.17],[1668470400,1243.29,1291,1234.01,1253.23],[1668384000,1221.5,1291.2,1171.13,1243.28],[1668297600,1257.25,1274.23,1200.66,1221.49],[1668211200,1289.35,1292.16,1238.7,1257.25],[1668124800,1299.28,1310,1201.26,1289.28],[1668038400,1102.73,1350,1085.93,1299.28],[1667952000,1334.78,1337.16,1073.53,1102.73],[1667865600,1568.09,1579.98,1233,1334.77],[1667779200,1568.25,1608.04,1545.03,1568.1],[1667692800,1626.98,1639.02,1564.39,1568.29],[1667606400,1644.78,1666.97,1621.42,1626.98],[1667520000,1531.01,1680,1528.4,1644.78],[1667433600,1518.33,1559.01,1515.17,1531.01],[1667347200,1578.47,1621.68,1502.32,1518.34],[1667260800,1572.69,1612.92,1563.69,1578.48],[1667174400,1590.45,1635.8,1545.43,1572.69],[1667088000,1619.55,1640.06,1576.56,1590.44],[1667001600,1554.4,1663.06,1547.66,1619.55],[1666915200,1514.04,1574.9,1479.82,1554.41],[1666828800,1566.11,1578.58,1503.2,1514.05],[1666742400,1459.74,1594.99,1457.44,1566.1],[1666656000,1343.61,1525.16,1334.94,1459.74],[1666569600,1364.19,1370.6,1324.17,1343.61],[1666483200,1313.62,1371.55,1299.44,1364.2],[1666396800,1299.76,1320.2,1294.32,1313.61],[1666310400,1282.57,1306.97,1252.65,1299.75],[1666224000,1285.09,1310.87,1270.36,1282.57],[1666137600,1310.71,1313.5,1280.31,1285.09],[1666051200,1331.39,1341.73,1286.72,1310.71],[1665964800,1305.96,1338.57,1295.64,1331.4],[1665878400,1274.93,1315.35,1274.67,1305.95],[1665792000,1296.26,1301.69,1263.64,1274.92],[1665705600,1287.08,1343.12,1283.39,1296.27],[1665619200,1294.44,1301.58,1190,1287.08],[1665532800,1280.11,1306.87,1275.25,1294.44],[1665446400,1290.03,1298,1267.01,1280.11],[1665360000,1323.13,1338,1288,1290.03],[1665273600,1315.48,1329,1307.26,1323.13],[1665187200,1331.1,1337.35,1303.51,1315.48],[1665100800,1352.07,1361.75,1317.26,1331.1],[1665014400,1352.2,1383.99,1345.01,1352.06],[1664928000,1361.5,1364.77,1316.29,1352.2],[1664841600,1323.1,1369.55,1318.66,1361.49],[1664755200,1276.72,1329.9,1263.04,1323.09],[1664668800,1311.79,1317.93,1270,1276.72],[1664582400,1328.71,1333.69,1302.68,1311.79],[1664496000,1335.69,1373.19,1313.35,1328.72],[1664409600,1337.2,1352.02,1288.52,1335.7],[1664323200,1328.01,1355.7,1253.2,1337.2],[1664236800,1336.17,1400,1303.75,1328.02],[1664150400,1294.62,1340.42,1277.85,1336.17],[1664064000,1317.13,1337,1269.27,1294.63],[1663977600,1327.24,1349.33,1306.52,1317.13],[1663891200,1326.47,1360,1262.15,1327.25],[1663804800,1245.79,1350.08,1237.32,1326.46],[1663718400,1322.94,1408.9,1220,1245.78],[1663632000,1375.98,1384.78,1312.71,1322.93],[1663545600,1334.51,1393.35,1280,1375.98],[1663459200,1468.82,1469.63,1325.55,1334.51],[1663372800,1433.9,1476.13,1409.12,1468.83],[1663286400,1472.76,1483.35,1405.52,1433.9],[1663200000,1638.4,1655.2,1458,1472.75],[1663113600,1574.4,1647.01,1552.38,1638.39],[1663027200,1716.37,1760.51,1560.54,1574.4],[1662940800,1766.12,1783,1693,1716.37],[1662854400,1774.12,1789,1720.1,1766.11],[1662768000,1718.24,1789,1706.03,1774.12],[1662681600,1635.37,1746.13,1630.51,1718.23],[1662595200,1630,1663.56,1595.06,1635.37],[1662508800,1559.01,1657.5,1490.66,1630],[1662422400,1617.8,1687.4,1555,1559.01],[1662336000,1579.29,1631.99,1556.56,1617.8],[1662249600,1557.45,1583.66,1540.66,1579.28],[1662163200,1575.35,1582.71,1534.28,1557.46],[1662076800,1586.17,1650,1546.41,1575.35],[1661990400,1554.11,1599,1512.77,1586.16],[1661904000,1524.59,1619.78,1524.59,1554.1],[1661817600,1551.79,1606.13,1473.61,1524.59],[1661731200,1426.76,1559.99,1422.08,1551.8],[1661644800,1491.06,1511,1424,1426.76],[1661558400,1508.18,1518.42,1447.52,1491.06],[1661472000,1695.11,1706.45,1486.85,1508.18],[1661385600,1656.56,1722,1653.68,1695.11],[1661299200,1665.4,1694.13,1604.92,1656.56],[1661212800,1624.65,1676.07,1563.76,1665.41],[1661126400,1618.13,1629.72,1529.92,1624.66],[1661040000,1576.03,1646.52,1562.34,1618.13],[1660953600,1609,1657.08,1523.67,1576.04],[1660867200,1846.39,1848,1602.37,1609.01],[1660780800,1834.24,1882.37,1821.25,1846.39],[1660694400,1876.67,1959.43,1818.74,1834.25],[1660608000,1899.05,1915,1853,1876.67],[1660521600,1935.32,2012.47,1872.31,1899.06],[1660435200,1983.55,2030,1906,1935.31],[1660348800,1958.28,2020,1946.5,1983.55],[1660262400,1880.19,1964.71,1853.06,1958.28],[1660176000,1853.58,1942,1850.32,1880.19],[1660089600,1702.76,1885,1656.78,1853.57],[1660003200,1777.05,1790.83,1667.93,1702.76],[1659916800,1700.2,1818,1693.87,1777.05],[1659830400,1690.6,1729.79,1668,1700.19],[1659744000,1736.81,1749.93,1685.26,1690.6],[1659657600,1607.97,1742.07,1605.64,1736.81],[1659571200,1618.16,1662.79,1580.39,1607.96],[1659484800,1630.91,1685.03,1589.71,1618.16],[1659398400,1630.28,1678,1559.28,1630.91],[1659312000,1678.12,1704.68,1606.12,1630.28],[1659225600,1697,1754.69,1666,1678.12],[1659139200,1721.68,1744.85,1673.01,1697],[1659052800,1724.52,1765.99,1655.02,1721.68],[1658966400,1635.74,1784.79,1593.27,1724.52],[1658880000,1449.12,1644.44,1420.83,1635.74],[1658793600,1440.79,1454.11,1356.17,1449.12],[1658707200,1597.7,1609.55,1435.58,1440.79],[1658620800,1548.66,1664.34,1545.67,1597.7],[1658534400,1535.27,1596.51,1488,1548.67],[1658448000,1575.45,1650.05,1516.11,1535.27],[1658361600,1521.63,1605.98,1463.56,1575.45],[1658275200,1542.33,1620.4,1484.23,1521.58],[1658188800,1581.03,1631,1493.11,1542.32],[1658102400,1338.65,1597.47,1336.07,1581.04],[1658016000,1355.84,1387,1319.04,1338.65],[1657929600,1231.25,1422.91,1191.23,1355.85],[1657843200,1193.42,1287.82,1181.05,1231.25],[1657756800,1115.01,1214.65,1072.11,1193.42],[1657670400,1038.58,1119.18,1006.32,1115],[1657584000,1096.37,1098.26,1033.46,1038.58],[1657497600,1168.37,1171.29,1091.71,1096.4],[1657411200,1217.02,1219.95,1153,1168.36],[1657324800,1214.03,1235.4,1204.67,1217.02],[1657238400,1237.49,1276.46,1193.15,1214.04],[1657152000,1186.57,1254.29,1163.18,1237.49],[1657065600,1132.51,1205,1111.44,1186.57],[1656979200,1151.01,1174.9,1076.34,1132.5],[1656892800,1074.26,1160.9,1045.37,1151],[1656806400,1067.01,1088.34,1040.78,1074.26],[1656720000,1059.73,1078.88,1028.29,1067.01],[1656633600,1071.02,1117,1033.44,1059.73],[1656547200,1100.21,1106.62,998,1071.01],[1656460800,1144.05,1156.8,1087.42,1100.21],[1656374400,1192.51,1237.99,1136.32,1144.05],[1656288000,1197.79,1238.93,1172.49,1192.51],[1656201600,1242.31,1280,1194.6,1197.79],[1656115200,1225.02,1256.77,1180,1242.36],[1656028800,1144.71,1245.43,1132,1225.02],[1655942400,1050.19,1155,1045.3,1144.72],[1655856000,1125.86,1127.33,1043.65,1050.19],[1655769600,1128.24,1194,1109.23,1125.85],[1655683200,1128.53,1170,1053,1128.24],[1655596800,995.12,1158.62,936.15,1128.53],[1655510400,1086.93,1097.58,881.56,995.13],[1655424000,1068.5,1118,1051.11,1086.94],[1655337600,1237.53,1257.85,1051.55,1068.5],[1655251200,1208.9,1250,1014.4,1237.52],[1655164800,1209.35,1268.45,1075.8,1208.9],[1655078400,1434.84,1455,1165.45,1209.82],[1654992000,1532.89,1547,1423,1434.84],[1654905600,1662.91,1682.21,1496.74,1532.89],[1654819200,1788.8,1804.32,1655.93,1662.91],[1654732800,1791.88,1833,1777.33,1788.81],[1654646400,1813.33,1838.77,1765.28,1791.88],[1654560000,1859.84,1874.98,1725.13,1813.33],[1654473600,1806.22,1920,1804.35,1859.84],[1654387200,1804.58,1830.17,1773.05,1806.23],[1654300800,1775.13,1816,1748.43,1804.58],[1654214400,1834.09,1843.91,1737,1775.12],[1654128000,1817.96,1853.05,1782.42,1834.08],[1654041600,1941.9,1972.58,1763.75,1817.95],[1653955200,1998.78,2016.45,1925,1941.9],[1653868800,1813.64,2013,1803.18,1998.78],[1653782400,1792.21,1827.4,1759.96,1813.64],[1653696000,1727.26,1808.98,1722.26,1792.22],[1653609600,1792.24,1822.26,1703,1727.27],[1653523200,1942.64,1966.01,1735,1792.23],[1653436800,1979.4,2022.34,1934.61,1942.63],[1653350400,1973.33,1993.83,1913.02,1979.41],[1653264000,2043.19,2088.5,1957.12,1973.32],[1653177600,1975.06,2056.41,1966.33,2043.19],[1653091200,1959.08,1990.86,1937.36,1975.07],[1653004800,2019.55,2064,1923,1959.08],[1652918400,1915.11,2040.39,1903.18,2019.55],[1652832000,2090.72,2110.72,1908,1915.11],[1652745600,2023.66,2122.42,2008,2090.72],[1652659200,2145.29,2145.29,1979.12,2023.66],[1652572800,2056.47,2167,2000.68,2145.29],[1652486400,2009.69,2070.06,1951.21,2056.48],[1652400000,1960.22,2147.54,1940.23,2009.69],[1652313600,2084.99,2195,1800,1960.22],[1652227200,2342.04,2451.37,2005,2084.99],[1652140800,2229,2457.34,2200,2342.05],[1652054400,2519.71,2530.78,2225,2228.55],[1651968000,2635.35,2642,2484,2519.71],[1651881600,2692.86,2704.36,2584.75,2635.34],[1651795200,2747.96,2758.18,2632.95,2692.85],[1651708800,2940.65,2954.65,2683,2747.97],[1651622400,2781.7,2965.85,2771.74,2940.64],[1651536000,2856.54,2861.47,2755.19,2781.7],[1651449600,2824.81,2894.22,2778.78,2856.54],[1651363200,2726.67,2849.9,2716.13,2824.81],[1651276800,2817.13,2841.63,2709.26,2726.66],[1651190400,2936.92,2946.46,2776.63,2817.13],[1651104000,2888.95,2980,2853.83,2936.93],[1651017600,2809.68,2919.87,2794.46,2888.96],[1650931200,3006.63,3039.54,2767,2809.67],[1650844800,2920.99,3025.65,2797.01,3006.62],[1650758400,2933.04,2967.06,2912.09,2921],[1650672000,2962.39,2978.03,2913.89,2933.03],[1650585600,2983.57,3034.32,2930.35,2962.39],[1650499200,3076.03,3180,2942.31,2983.58],[1650412800,3101.74,3166.5,3036.45,3076.04],[1650326400,3055.56,3131,3030.34,3101.77],[1650240000,2988.07,3069.6,2883.22,3055.56],[1650153600,3059.3,3083,2981.7,2988.06],[1650067200,3040.57,3086.1,3010.03,3059.3],[1649980800,3021.98,3060.92,2993.13,3040.56],[1649894400,3118.28,3145,2976.3,3021.98],[1649808000,3027.65,3128.97,2996.86,3118.28],[1649721600,2979.75,3085,2950,3027.66],[1649635200,3203.04,3213.63,2950,2979.74],[1649548800,3258.57,3307.22,3193,3203.04],[1649462400,3192.39,3268.4,3181.28,3258.57],[1649376000,3227.2,3314.02,3173.52,3192.39],[1649289600,3168.52,3268.98,3143.15,3227.19],[1649203200,3407,3407.5,3162.39,3168.51],[1649116800,3519.5,3555,3400,3406.99],[1649030400,3521.9,3547,3405.97,3519.5],[1648944000,3443.77,3580.34,3412.11,3521.91],[1648857600,3455.2,3532.2,3433.14,3443.77],[1648771200,3281.51,3481.29,3210.68,3455.21],[1648684800,3385.8,3444.83,3261.35,3281.51],[1648598400,3400.51,3446.9,3331.84,3385.79],[1648512000,3332.91,3481.87,3329.68,3400.51],[1648425600,3295.65,3431.15,3275.01,3332.92],[1648339200,3145.01,3299.37,3126.02,3295.65],[1648252800,3102.13,3153.2,3084.9,3145],[1648166400,3110.75,3193.28,3076,3102.14],[1648080000,3035.99,3129.11,2999.11,3110.76],[1647993600,2969.64,3045.2,2920.65,3036],[1647907200,2890.03,3052.85,2886.43,2969.64],[1647820800,2861.39,2960.57,2829.81,2890.03],[1647734400,2950.85,2964.17,2817.21,2861.38],[1647648000,2938.84,2987.7,2890.86,2950.84],[1647561600,2811.91,2984,2765.59,2938.92],[1647475200,2773.8,2836,2746.42,2811.92],[1647388800,2617.74,2788,2603.38,2773.81],[1647302400,2589.42,2669,2507,2617.73]]}","timestamp":"2024-12-08T10:42:22.266Z"}
{"level":"info","message":"Fetched Arbitrum candlesticks: {\n  \"period\": \"1d\",\n  \"candles\": [\n    [\n      1733616000,\n      4000.01,\n      4012.6,\n      3926.59,\n      3962.91\n    ],\n    [\n      1733529600,\n      4005.13,\n      4030.15,\n      3973.19,\n      4000.01\n    ],\n    [\n      1733443200,\n      3789.41,\n      4095.54,\n      3781.49,\n      4005.13\n    ],\n    [\n      1733356800,\n      3844.04,\n      3958.53,\n      3685.52,\n      3789.41\n    ],\n    [\n      1733270400,\n      3617.25,\n      3896.98,\n      3616.97,\n      3844.04\n    ],\n    [\n      1733184000,\n      3644.6,\n      3670.86,\n      3502.98,\n      3617.25\n    ],\n    [\n      1733097600,\n      3710.08,\n      3762.71,\n      3556.84,\n      3644.6\n    ],\n    [\n      1733011200,\n      3705.93,\n      3748.76,\n      3661.3,\n      3710.08\n    ],\n    [\n      1732924800,\n      3593.55,\n      3740.59,\n      3570.3,\n      3705.93\n    ],\n    [\n      1732838400,\n      3579.25,\n      3649.12,\n      3535.69,\n      3593.55\n    ],\n    [\n      1732752000,\n      3657.1,\n      3665.27,\n      3530.7,\n      3579.25\n    ],\n    [\n      1732665600,\n      3323.31,\n      3688.62,\n      3300.9,\n      3657.1\n    ],\n    [\n      1732579200,\n      3414.64,\n      3462.72,\n      3254.06,\n      3323.31\n    ],\n    [\n      1732492800,\n      3364.68,\n      3546.15,\n      3304.07,\n      3414.64\n    ],\n    [\n      1732406400,\n      3397.3,\n      3453.41,\n      3286.83,\n      3364.68\n    ],\n    [\n      1732320000,\n      3331.44,\n      3500.2,\n      3316.53,\n      3397.3\n    ],\n    [\n      1732233600,\n      3359.82,\n      3429.48,\n      3262.59,\n      3331.44\n    ],\n    [\n      1732147200,\n      3072.04,\n      3390.18,\n      3035.27,\n      3359.82\n    ],\n    [\n      1732060800,\n      3111.66,\n      3161.35,\n      3032.2,\n      3072.04\n    ],\n    [\n      1731974400,\n      3210.05,\n      3223.03,\n      3069.84,\n      3111.66\n    ],\n    [\n      1731888000,\n      3076.46,\n      3225.99,\n      3050.61,\n      3210.05\n    ],\n    [\n      1731801600,\n      3133.75,\n      3161.67,\n      3037.29,\n      3076.46\n    ],\n    [\n      1731715200,\n      3090.85,\n      3220.17,\n      3072.83,\n      3133.75\n    ],\n    [\n      1731628800,\n      3058.84,\n      3131.19,\n      3014.89,\n      3090.85\n    ],\n    [\n      1731542400,\n      3191.23,\n      3242.32,\n      3031.25,\n      3058.84\n    ],\n    [\n      1731456000,\n      3247.23,\n      3338.83,\n      3121.31,\n      3191.23\n    ],\n    [\n      1731369600,\n      3375.65,\n      3445.39,\n      3210.61,\n      3247.23\n    ],\n    [\n      1731283200,\n      3185.9,\n      3391.35,\n      3108.35,\n      3375.65\n    ],\n    [\n      1731196800,\n      3128.03,\n      3251.14,\n      3070.79,\n      3185.9\n    ],\n    [\n      1731110400,\n      2963.81,\n      3158.03,\n      2956.57,\n      3128.03\n    ],\n    [\n      1731024000,\n      2897.19,\n      2985.35,\n      2888.98,\n      2963.81\n    ],\n    [\n      1730937600,\n      2724.34,\n      2920.02,\n      2701.35,\n      2897.19\n    ],\n    [\n      1730851200,\n      2422.37,\n      2746.37,\n      2420.4,\n      2724.34\n    ],\n    [\n      1730764800,\n      2396.96,\n      2479.35,\n      2379.52,\n      2422.37\n    ],\n    [\n      1730678400,\n      2456.53,\n      2489.7,\n      2357.19,\n      2396.96\n    ],\n    [\n      1730592000,\n      2493.15,\n      2495.63,\n      2410.06,\n      2456.53\n    ],\n    [\n      1730505600,\n      2510.43,\n      2522.17,\n      2470,\n      2493.15\n    ],\n    [\n      1730419200,\n      2514.99,\n      2585.01,\n      2466.06,\n      2510.43\n    ],\n    [\n      1730332800,\n      2658.2,\n      2667.91,\n      2500.3,\n      2514.99\n    ],\n    [\n      1730246400,\n      2637.55,\n      2721.01,\n      2598.62,\n      2658.2\n    ],\n    [\n      1730160000,\n      2565.68,\n      2681.21,\n      2559.51,\n      2637.55\n    ],\n    [\n      1730073600,\n      2505.05,\n      2587.63,\n      2468.45,\n      2565.68\n    ],\n    [\n      1729987200,\n      2479.41,\n      2524.41,\n      2461.07,\n      2505.05\n    ],\n    [\n      1729900800,\n      2435.99,\n      2504.16,\n      2425.57,\n      2479.41\n    ],\n    [\n      1729814400,\n      2534.22,\n      2563.99,\n      2379.81,\n      2435.99\n    ],\n    [\n      1729728000,\n      2521.98,\n      2558.88,\n      2505.68,\n      2534.22\n    ],\n    [\n      1729641600,\n      2620.98,\n      2625.11,\n      2453.1,\n      2521.98\n    ],\n    [\n      1729555200,\n      2665.32,\n      2670.33,\n      2604.72,\n      2620.98\n    ],\n    [\n      1729468800,\n      2746.05,\n      2768.25,\n      2654.28,\n      2665.32\n    ],\n    [\n      1729382400,\n      2647.93,\n      2758.11,\n      2635.28,\n      2746.05\n    ],\n    [\n      1729296000,\n      2641.95,\n      2662.93,\n      2630.83,\n      2647.93\n    ],\n    [\n      1729209600,\n      2604.83,\n      2675.38,\n      2595.36,\n      2641.95\n    ],\n    [\n      1729123200,\n      2610.61,\n      2647.31,\n      2574.98,\n      2604.83\n    ],\n    [\n      1729036800,\n      2606.86,\n      2646.7,\n      2588.55,\n      2610.61\n    ],\n    [\n      1728950400,\n      2628.71,\n      2687.19,\n      2537.01,\n      2606.86\n    ],\n    [\n      1728864000,\n      2467.84,\n      2653.11,\n      2442.44,\n      2628.71\n    ],\n    [\n      1728777600,\n      2475.77,\n      2484.21,\n      2435.93,\n      2467.84\n    ],\n    [\n      1728691200,\n      2438.66,\n      2489.49,\n      2433.35,\n      2475.77\n    ],\n    [\n      1728604800,\n      2384.38,\n      2471,\n      2379.87,\n      2438.66\n    ],\n    [\n      1728518400,\n      2368.35,\n      2417.92,\n      2328.36,\n      2384.38\n    ],\n    [\n      1728432000,\n      2439.39,\n      2471.82,\n      2349.38,\n      2368.35\n    ],\n    [\n      1728345600,\n      2422.04,\n      2464.78,\n      2400.13,\n      2439.39\n    ],\n    [\n      1728259200,\n      2439.63,\n      2520.3,\n      2402.93,\n      2422.04\n    ],\n    [\n      1728172800,\n      2414.5,\n      2457.31,\n      2406.81,\n      2439.63\n    ],\n    [\n      1728086400,\n      2414.4,\n      2428.01,\n      2389.72,\n      2414.5\n    ],\n    [\n      1728000000,\n      2349.73,\n      2440.84,\n      2338.97,\n      2414.4\n    ],\n    [\n      1727913600,\n      2363.61,\n      2403.05,\n      2309.58,\n      2349.73\n    ],\n    [\n      1727827200,\n      2447.94,\n      2498.41,\n      2352.45,\n      2363.61\n    ],\n    [\n      1727740800,\n      2601.32,\n      2657.92,\n      2413.22,\n      2447.94\n    ],\n    [\n      1727654400,\n      2658.01,\n      2663.58,\n      2574.13,\n      2601.32\n    ],\n    [\n      1727568000,\n      2675.64,\n      2683.81,\n      2634.68,\n      2658.01\n    ],\n    [\n      1727481600,\n      2695.2,\n      2704.87,\n      2650.56,\n      2675.64\n    ],\n    [\n      1727395200,\n      2632.51,\n      2728.62,\n      2615.51,\n      2695.2\n    ],\n    [\n      1727308800,\n      2579.46,\n      2666.44,\n      2558.88,\n      2632.51\n    ],\n    [\n      1727222400,\n      2653.35,\n      2673.62,\n      2555.32,\n      2579.46\n    ],\n    [\n      1727136000,\n      2647,\n      2671.24,\n      2591.71,\n      2653.35\n    ],\n    [\n      1727049600,\n      2581.12,\n      2703.39,\n      2540.12,\n      2647\n    ],\n    [\n      1726963200,\n      2613.24,\n      2632.26,\n      2525.73,\n      2581.12\n    ],\n    [\n      1726876800,\n      2561.6,\n      2622.26,\n      2529.46,\n      2613.24\n    ],\n    [\n      1726790400,\n      2465.57,\n      2571.94,\n      2438.11,\n      2561.6\n    ],\n    [\n      1726704000,\n      2374.73,\n      2494.38,\n      2372.81,\n      2465.57\n    ],\n    [\n      1726617600,\n      2342.02,\n      2376.07,\n      2277.55,\n      2374.73\n    ],\n    [\n      1726531200,\n      2295.37,\n      2393.82,\n      2263.3,\n      2342.02\n    ],\n    [\n      1726444800,\n      2316.22,\n      2335.32,\n      2252.54,\n      2295.37\n    ],\n    [\n      1726358400,\n      2418.38,\n      2430.94,\n      2285.76,\n      2316.22\n    ],\n    [\n      1726272000,\n      2441.11,\n      2442.5,\n      2380.73,\n      2418.38\n    ],\n    [\n      1726185600,\n      2361.75,\n      2464.46,\n      2337.4,\n      2441.11\n    ],\n    [\n      1726099200,\n      2340.74,\n      2391.83,\n      2315.08,\n      2361.75\n    ],\n    [\n      1726012800,\n      2388.48,\n      2389.54,\n      2277.98,\n      2340.74\n    ],\n    [\n      1725926400,\n      2359.8,\n      2399.02,\n      2321.13,\n      2388.48\n    ],\n    [\n      1725840000,\n      2297.2,\n      2380.05,\n      2272.95,\n      2359.8\n    ],\n    [\n      1725753600,\n      2273.27,\n      2332.41,\n      2241.63,\n      2297.2\n    ],\n    [\n      1725667200,\n      2224.53,\n      2311.01,\n      2221.48,\n      2273.27\n    ],\n    [\n      1725580800,\n      2367.87,\n      2407.54,\n      2150.09,\n      2224.53\n    ],\n    [\n      1725494400,\n      2450.33,\n      2465.82,\n      2347.84,\n      2367.87\n    ],\n    [\n      1725408000,\n      2424.66,\n      2489.54,\n      2308.57,\n      2450.33\n    ],\n    [\n      1725321600,\n      2537.92,\n      2553.28,\n      2415.72,\n      2424.66\n    ],\n    [\n      1725235200,\n      2426.03,\n      2564.12,\n      2423.58,\n      2537.92\n    ],\n    [\n      1725148800,\n      2512.82,\n      2515.91,\n      2400.17,\n      2426.03\n    ],\n    [\n      1725062400,\n      2525.45,\n      2533.44,\n      2492.19,\n      2512.82\n    ],\n    [\n      1724976000,\n      2527.95,\n      2548.9,\n      2432.21,\n      2525.45\n    ],\n    [\n      1724889600,\n      2527.95,\n      2596.4,\n      2506.18,\n      2527.95\n    ],\n    [\n      1724803200,\n      2457.74,\n      2554.98,\n      2420.14,\n      2527.95\n    ],\n    [\n      1724716800,\n      2681.06,\n      2700.19,\n      2399,\n      2457.74\n    ],\n    [\n      1724630400,\n      2747.49,\n      2763.32,\n      2667.78,\n      2681.06\n    ],\n    [\n      1724544000,\n      2769.78,\n      2793.34,\n      2734.98,\n      2747.49\n    ],\n    [\n      1724457600,\n      2764.76,\n      2820.48,\n      2734.88,\n      2769.78\n    ],\n    [\n      1724371200,\n      2623.22,\n      2800.64,\n      2621.54,\n      2764.76\n    ],\n    [\n      1724284800,\n      2631.16,\n      2645.53,\n      2585.18,\n      2623.22\n    ],\n    [\n      1724198400,\n      2573.01,\n      2664.04,\n      2537.37,\n      2631.16\n    ],\n    [\n      1724112000,\n      2637.39,\n      2696.52,\n      2555.51,\n      2573.01\n    ],\n    [\n      1724025600,\n      2612.37,\n      2648.71,\n      2564.66,\n      2637.39\n    ],\n    [\n      1723939200,\n      2614.71,\n      2686.58,\n      2594.86,\n      2612.37\n    ],\n    [\n      1723852800,\n      2593.55,\n      2627.72,\n      2588.07,\n      2614.71\n    ],\n    [\n      1723766400,\n      2570.31,\n      2630.45,\n      2551.94,\n      2593.55\n    ],\n    [\n      1723680000,\n      2661.77,\n      2675.67,\n      2517.99,\n      2570.31\n    ],\n    [\n      1723593600,\n      2703.32,\n      2779.37,\n      2635.5,\n      2661.77\n    ],\n    [\n      1723507200,\n      2723.08,\n      2738.78,\n      2612.03,\n      2703.32\n    ],\n    [\n      1723420800,\n      2555.52,\n      2749.97,\n      2511.29,\n      2723.08\n    ],\n    [\n      1723334400,\n      2610.54,\n      2719.1,\n      2541.26,\n      2555.52\n    ],\n    [\n      1723248000,\n      2599.83,\n      2644.87,\n      2577.6,\n      2610.54\n    ],\n    [\n      1723161600,\n      2683.95,\n      2707.34,\n      2553.69,\n      2599.83\n    ],\n    [\n      1723075200,\n      2343.24,\n      2723.69,\n      2321.07,\n      2683.95\n    ],\n    [\n      1722988800,\n      2462.64,\n      2551.89,\n      2309.39,\n      2343.24\n    ],\n    [\n      1722902400,\n      2419.93,\n      2554.68,\n      2416.49,\n      2462.64\n    ],\n    [\n      1722816000,\n      2688.04,\n      2696.31,\n      2111.95,\n      2419.93\n    ],\n    [\n      1722729600,\n      2901.96,\n      2932.37,\n      2631.09,\n      2688.04\n    ],\n    [\n      1722643200,\n      2985.91,\n      3015.85,\n      2858.77,\n      2901.96\n    ],\n    [\n      1722556800,\n      3200.69,\n      3215.58,\n      2964.51,\n      2985.91\n    ],\n    [\n      1722470400,\n      3231.67,\n      3241.86,\n      3077.7,\n      3200.69\n    ],\n    [\n      1722384000,\n      3278.37,\n      3348.12,\n      3213.44,\n      3231.67\n    ],\n    [\n      1722297600,\n      3317.21,\n      3365.52,\n      3234.02,\n      3278.37\n    ],\n    [\n      1722211200,\n      3270.01,\n      3396.59,\n      3257.23,\n      3317.21\n    ],\n    [\n      1722124800,\n      3249.26,\n      3283.58,\n      3199.18,\n      3270.01\n    ],\n    [\n      1722038400,\n      3274.99,\n      3327.72,\n      3191.97,\n      3249.26\n    ],\n    [\n      1721952000,\n      3174.28,\n      3286.04,\n      3169.78,\n      3274.99\n    ],\n    [\n      1721865600,\n      3335.34,\n      3341.59,\n      3086.87,\n      3174.28\n    ],\n    [\n      1721779200,\n      3482.88,\n      3487.84,\n      3302.8,\n      3335.34\n    ],\n    [\n      1721692800,\n      3440.84,\n      3540.22,\n      3391.71,\n      3482.88\n    ],\n    [\n      1721606400,\n      3536.06,\n      3562.4,\n      3424.58,\n      3440.84\n    ],\n    [\n      1721520000,\n      3518.61,\n      3547.21,\n      3413.61,\n      3536.06\n    ],\n    [\n      1721433600,\n      3505.7,\n      3540.62,\n      3482.01,\n      3518.61\n    ],\n    [\n      1721347200,\n      3425.71,\n      3541.45,\n      3376.49,\n      3505.7\n    ],\n    [\n      1721260800,\n      3387.31,\n      3489.65,\n      3368.21,\n      3425.71\n    ],\n    [\n      1721174400,\n      3446.25,\n      3517.78,\n      3377.38,\n      3387.31\n    ],\n    [\n      1721088000,\n      3485.49,\n      3499.11,\n      3348.35,\n      3446.25\n    ],\n    [\n      1721001600,\n      3246.12,\n      3495.59,\n      3234.74,\n      3485.49\n    ],\n    [\n      1720915200,\n      3176.72,\n      3268.45,\n      3164.62,\n      3246.12\n    ],\n    [\n      1720828800,\n      3134.78,\n      3202.62,\n      3114.35,\n      3176.72\n    ],\n    [\n      1720742400,\n      3099.42,\n      3158.07,\n      3047.57,\n      3134.78\n    ],\n    [\n      1720656000,\n      3100.57,\n      3215.09,\n      3054.85,\n      3099.42\n    ],\n    [\n      1720569600,\n      3066.45,\n      3150.39,\n      3024.64,\n      3100.57\n    ],\n    [\n      1720483200,\n      3018.45,\n      3112.67,\n      3003.89,\n      3066.45\n    ],\n    [\n      1720396800,\n      2930.82,\n      3093.18,\n      2824.04,\n      3018.45\n    ],\n    [\n      1720310400,\n      3067.35,\n      3073.75,\n      2922.33,\n      2930.82\n    ],\n    [\n      1720224000,\n      2981.85,\n      3081.1,\n      2955.87,\n      3067.35\n    ],\n    [\n      1720137600,\n      3058.7,\n      3107.97,\n      2820.35,\n      2981.85\n    ],\n    [\n      1720051200,\n      3292.05,\n      3309.7,\n      3050.36,\n      3058.7\n    ],\n    [\n      1719964800,\n      3416.24,\n      3426.91,\n      3249.98,\n      3292.05\n    ],\n    [\n      1719878400,\n      3438.62,\n      3460.05,\n      3397.62,\n      3416.24\n    ],\n    [\n      1719792000,\n      3432.44,\n      3518.42,\n      3422.19,\n      3438.62\n    ],\n    [\n      1719705600,\n      3373.31,\n      3454.11,\n      3350.01,\n      3432.44\n    ],\n    [\n      1719619200,\n      3373.74,\n      3402.92,\n      3366.83,\n      3373.31\n    ],\n    [\n      1719532800,\n      3445.56,\n      3483.91,\n      3362.31,\n      3373.74\n    ],\n    [\n      1719446400,\n      3368.98,\n      3473.55,\n      3360.07,\n      3445.56\n    ],\n    [\n      1719360000,\n      3393.26,\n      3424.34,\n      3324.61,\n      3368.98\n    ],\n    [\n      1719273600,\n      3350.92,\n      3427.09,\n      3335.28,\n      3393.26\n    ],\n    [\n      1719187200,\n      3418.54,\n      3433.31,\n      3241.05,\n      3350.92\n    ],\n    [\n      1719100800,\n      3494.07,\n      3519.75,\n      3405.76,\n      3418.54\n    ],\n    [\n      1719014400,\n      3516.65,\n      3519.24,\n      3473.87,\n      3494.07\n    ],\n    [\n      1718928000,\n      3512.1,\n      3545.24,\n      3445.77,\n      3516.65\n    ],\n    [\n      1718841600,\n      3559.08,\n      3624.24,\n      3484.84,\n      3512.1\n    ],\n    [\n      1718755200,\n      3482.71,\n      3586.47,\n      3464.95,\n      3559.08\n    ],\n    [\n      1718668800,\n      3509.05,\n      3514.27,\n      3353.88,\n      3482.71\n    ],\n    [\n      1718582400,\n      3621.7,\n      3635.65,\n      3463.8,\n      3509.05\n    ],\n    [\n      1718496000,\n      3566.65,\n      3650.94,\n      3538.98,\n      3621.7\n    ],\n    [\n      1718409600,\n      3479.73,\n      3591.5,\n      3471.23,\n      3566.65\n    ],\n    [\n      1718323200,\n      3469.06,\n      3531.04,\n      3360.85,\n      3479.73\n    ],\n    [\n      1718236800,\n      3559.93,\n      3561.58,\n      3428.21,\n      3469.06\n    ],\n    [\n      1718150400,\n      3496.14,\n      3654.64,\n      3461.17,\n      3559.93\n    ],\n    [\n      1718064000,\n      3666.82,\n      3671.69,\n      3430.43,\n      3496.14\n    ],\n    [\n      1717977600,\n      3706.08,\n      3712.62,\n      3644.15,\n      3666.82\n    ],\n    [\n      1717891200,\n      3680.26,\n      3721.19,\n      3665.58,\n      3706.08\n    ],\n    [\n      1717804800,\n      3676.09,\n      3707.18,\n      3660.55,\n      3680.26\n    ],\n    [\n      1717718400,\n      3812.1,\n      3840.02,\n      3585.93,\n      3676.09\n    ],\n    [\n      1717632000,\n      3864.91,\n      3877.51,\n      3760.41,\n      3812.1\n    ],\n    [\n      1717545600,\n      3809.85,\n      3886.37,\n      3777.32,\n      3864.91\n    ],\n    [\n      1717459200,\n      3766.57,\n      3831.2,\n      3731.32,\n      3809.85\n    ],\n    [\n      1717372800,\n      3778.79,\n      3849.45,\n      3758.51,\n      3766.57\n    ],\n    [\n      1717286400,\n      3812.5,\n      3835.02,\n      3750.59,\n      3778.79\n    ],\n    [\n      1717200000,\n      3760.27,\n      3829.96,\n      3750.62,\n      3812.5\n    ],\n    [\n      1717113600,\n      3746.06,\n      3843.82,\n      3722.47,\n      3760.28\n    ],\n    [\n      1717027200,\n      3764.42,\n      3823.21,\n      3700.41,\n      3746.36\n    ],\n    [\n      1716940800,\n      3840.71,\n      3883.73,\n      3741.69,\n      3764.42\n    ],\n    [\n      1716854400,\n      3891.81,\n      3928.61,\n      3770.13,\n      3840.71\n    ],\n    [\n      1716768000,\n      3825.26,\n      3974.53,\n      3822.18,\n      3891.81\n    ],\n    [\n      1716681600,\n      3749.23,\n      3881,\n      3731.24,\n      3825.26\n    ],\n    [\n      1716595200,\n      3726.44,\n      3777.3,\n      3707.32,\n      3749.23\n    ],\n    [\n      1716508800,\n      3782.52,\n      3827.82,\n      3628.55,\n      3726.44\n    ],\n    [\n      1716422400,\n      3737.36,\n      3946.84,\n      3533.36,\n      3782.52\n    ],\n    [\n      1716336000,\n      3789.26,\n      3812.89,\n      3653.19,\n      3737.36\n    ],\n    [\n      1716249600,\n      3661.79,\n      3839.36,\n      3625.74,\n      3789.26\n    ],\n    [\n      1716163200,\n      3071.54,\n      3692.61,\n      3048.58,\n      3661.79\n    ],\n    [\n      1716076800,\n      3124.05,\n      3137.76,\n      3053.87,\n      3071.54\n    ],\n    [\n      1715990400,\n      3092.78,\n      3147.33,\n      3084.76,\n      3124.05\n    ],\n    [\n      1715904000,\n      2945.56,\n      3120.2,\n      2933.91,\n      3092.78\n    ],\n    [\n      1715817600,\n      3032.87,\n      3041.04,\n      2924.04,\n      2945.55\n    ],\n    [\n      1715731200,\n      2880.39,\n      3041.2,\n      2862.26,\n      3032.87\n    ],\n    [\n      1715644800,\n      2949.78,\n      2959.58,\n      2860.08,\n      2880.39\n    ],\n    [\n      1715558400,\n      2927.99,\n      2994.75,\n      2863.75,\n      2949.78\n    ],\n    [\n      1715472000,\n      2911.48,\n      2953.77,\n      2900.74,\n      2927.99\n    ],\n    [\n      1715385600,\n      2909.99,\n      2944.43,\n      2886.92,\n      2911.48\n    ],\n    [\n      1715299200,\n      3035.51,\n      3052.69,\n      2879.6,\n      2909.99\n    ],\n    [\n      1715212800,\n      2973.81,\n      3058.05,\n      2950.2,\n      3035.51\n    ],\n    [\n      1715126400,\n      3005.75,\n      3038.14,\n      2936.99,\n      2973.81\n    ],\n    [\n      1715040000,\n      3062.9,\n      3130.16,\n      3000.71,\n      3005.75\n    ],\n    [\n      1714953600,\n      3136.97,\n      3221.78,\n      3046.65,\n      3062.91\n    ],\n    [\n      1714867200,\n      3117.79,\n      3172.08,\n      3073.91,\n      3136.97\n    ],\n    [\n      1714780800,\n      3103.27,\n      3167.6,\n      3093.49,\n      3117.79\n    ],\n    [\n      1714694400,\n      2985.9,\n      3126.79,\n      2958.42,\n      3103.27\n    ],\n    [\n      1714608000,\n      2968.99,\n      3016.02,\n      2890.87,\n      2985.9\n    ],\n    [\n      1714521600,\n      3010.33,\n      3019.66,\n      2813.74,\n      2968.99\n    ],\n    [\n      1714435200,\n      3216.21,\n      3250.27,\n      2916.94,\n      3010.33\n    ],\n    [\n      1714348800,\n      3262.2,\n      3285.39,\n      3115.3,\n      3216.22\n    ],\n    [\n      1714262400,\n      3254.75,\n      3355.35,\n      3249.66,\n      3262.2\n    ],\n    [\n      1714176000,\n      3131.29,\n      3283.18,\n      3069.67,\n      3254.75\n    ],\n    [\n      1714089600,\n      3155.27,\n      3167.67,\n      3102.49,\n      3131.28\n    ],\n    [\n      1714003200,\n      3140.74,\n      3191.01,\n      3072.6,\n      3155.27\n    ],\n    [\n      1713916800,\n      3221.2,\n      3292.85,\n      3105.45,\n      3140.74\n    ],\n    [\n      1713830400,\n      3201.04,\n      3264.83,\n      3154.14,\n      3221.2\n    ],\n    [\n      1713744000,\n      3149.13,\n      3236.01,\n      3130.73,\n      3201.15\n    ],\n    [\n      1713657600,\n      3157.15,\n      3198.51,\n      3118.37,\n      3149.13\n    ],\n    [\n      1713571200,\n      3057.42,\n      3171.05,\n      3019.71,\n      3157.15\n    ],\n    [\n      1713484800,\n      3064.57,\n      3129.18,\n      2866.1,\n      3057.42\n    ],\n    [\n      1713398400,\n      2985.78,\n      3094.29,\n      2953.41,\n      3064.57\n    ],\n    [\n      1713312000,\n      3085.43,\n      3123.91,\n      2916.61,\n      2985.78\n    ],\n    [\n      1713225600,\n      3105.04,\n      3127.98,\n      2990.31,\n      3085.43\n    ],\n    [\n      1713139200,\n      3156.19,\n      3280.76,\n      3026.13,\n      3105.04\n    ],\n    [\n      1713052800,\n      3011.16,\n      3175.39,\n      2912.36,\n      3156.19\n    ],\n    [\n      1712966400,\n      3236.45,\n      3303.21,\n      2856.47,\n      3011.16\n    ],\n    [\n      1712880000,\n      3502.51,\n      3552.05,\n      3101.99,\n      3236.45\n    ],\n    [\n      1712793600,\n      3545.79,\n      3618.16,\n      3474.05,\n      3502.51\n    ],\n    [\n      1712707200,\n      3506.19,\n      3563.09,\n      3414.74,\n      3545.79\n    ],\n    [\n      1712620800,\n      3694.26,\n      3725.29,\n      3454.44,\n      3506.19\n    ],\n    [\n      1712534400,\n      3454.63,\n      3729.14,\n      3407.83,\n      3694.26\n    ],\n    [\n      1712448000,\n      3352.79,\n      3459.95,\n      3345.33,\n      3454.63\n    ],\n    [\n      1712361600,\n      3318.13,\n      3399.17,\n      3307.75,\n      3352.79\n    ],\n    [\n      1712275200,\n      3328.52,\n      3346.52,\n      3211.76,\n      3318.12\n    ],\n    [\n      1712188800,\n      3312.43,\n      3442.99,\n      3252.76,\n      3328.52\n    ],\n    [\n      1712102400,\n      3279.1,\n      3368.89,\n      3203.33,\n      3312.43\n    ],\n    [\n      1712016000,\n      3504.56,\n      3506.13,\n      3212.56,\n      3279.1\n    ],\n    [\n      1711929600,\n      3645.65,\n      3646.32,\n      3414.93,\n      3504.56\n    ],\n    [\n      1711843200,\n      3508.03,\n      3655.68,\n      3507.47,\n      3645.65\n    ],\n    [\n      1711756800,\n      3510.71,\n      3566.15,\n      3487.57,\n      3508.16\n    ],\n    [\n      1711670400,\n      3561.1,\n      3584.94,\n      3473.06,\n      3510.71\n    ],\n    [\n      1711584000,\n      3499.78,\n      3609.67,\n      3463.05,\n      3561.1\n    ],\n    [\n      1711497600,\n      3587.56,\n      3665.68,\n      3458.19,\n      3499.78\n    ],\n    [\n      1711411200,\n      3591.4,\n      3679.73,\n      3543.74,\n      3587.56\n    ],\n    [\n      1711324800,\n      3454.8,\n      3658.98,\n      3419.85,\n      3591.4\n    ],\n    [\n      1711238400,\n      3330.02,\n      3471.03,\n      3300.01,\n      3454.8\n    ],\n    [\n      1711152000,\n      3336.77,\n      3435.23,\n      3271.37,\n      3330.02\n    ],\n    [\n      1711065600,\n      3492.6,\n      3542.26,\n      3252.57,\n      3336.77\n    ],\n    [\n      1710979200,\n      3516.76,\n      3586.64,\n      3411.94,\n      3492.6\n    ],\n    [\n      1710892800,\n      3158.02,\n      3535.25,\n      3059.05,\n      3516.76\n    ],\n    [\n      1710806400,\n      3519.85,\n      3545.98,\n      3150.26,\n      3157.81\n    ],\n    [\n      1710720000,\n      3644.02,\n      3644.54,\n      3454.52,\n      3519.85\n    ],\n    [\n      1710633600,\n      3521.75,\n      3678.2,\n      3412.76,\n      3644.02\n    ],\n    [\n      1710547200,\n      3742.16,\n      3781.33,\n      3468.51,\n      3521.75\n    ],\n    [\n      1710460800,\n      3879.73,\n      3930.26,\n      3566.59,\n      3742.16\n    ],\n    [\n      1710374400,\n      4008.56,\n      4014.38,\n      3720.94,\n      3879.73\n    ],\n    [\n      1710288000,\n      3980.84,\n      4083.44,\n      3932.96,\n      4008.56\n    ],\n    [\n      1710201600,\n      4067.85,\n      4093.48,\n      3830.66,\n      3980.84\n    ],\n    [\n      1710115200,\n      3884.15,\n      4089.86,\n      3739.83,\n      4067.85\n    ],\n    [\n      1710028800,\n      3912.17,\n      3972.08,\n      3800.17,\n      3884.15\n    ],\n    [\n      1709942400,\n      3893.34,\n      3948.7,\n      3877.13,\n      3912.17\n    ],\n    [\n      1709856000,\n      3873.91,\n      3998.81,\n      3829.07,\n      3893.34\n    ],\n    [\n      1709769600,\n      3823.12,\n      3938.17,\n      3736.26,\n      3873.91\n    ],\n    [\n      1709683200,\n      3557.18,\n      3902.95,\n      3502.19,\n      3823.12\n    ],\n    [\n      1709596800,\n      3633.23,\n      3827.93,\n      3206.8,\n      3557.18\n    ],\n    [\n      1709510400,\n      3489.63,\n      3645.61,\n      3437.51,\n      3632.96\n    ],\n    [\n      1709424000,\n      3423.88,\n      3493.47,\n      3363.65,\n      3489.63\n    ],\n    [\n      1709337600,\n      3436.98,\n      3463.29,\n      3398.77,\n      3423.88\n    ],\n    [\n      1709251200,\n      3341.66,\n      3454.13,\n      3340.22,\n      3436.98\n    ],\n    [\n      1709164800,\n      3385.08,\n      3523.22,\n      3301.26,\n      3341.66\n    ],\n    [\n      1709078400,\n      3243.74,\n      3489.85,\n      3186.69,\n      3385.08\n    ],\n    [\n      1708992000,\n      3177.01,\n      3288.9,\n      3166.63,\n      3243.74\n    ],\n    [\n      1708905600,\n      3112.57,\n      3196.73,\n      3036.9,\n      3177.01\n    ],\n    [\n      1708819200,\n      2992.28,\n      3120.55,\n      2983.45,\n      3112.57\n    ],\n    [\n      1708732800,\n      2921.8,\n      3005.61,\n      2906.16,\n      2992.28\n    ],\n    [\n      1708646400,\n      2970.38,\n      2992.59,\n      2905.65,\n      2921.8\n    ],\n    [\n      1708560000,\n      2968.1,\n      3035.05,\n      2906.28,\n      2970.38\n    ],\n    [\n      1708473600,\n      3015.48,\n      3017.74,\n      2869.59,\n      2968.3\n    ],\n    [\n      1708387200,\n      2944.93,\n      3033.6,\n      2876,\n      3015.48\n    ],\n    [\n      1708300800,\n      2881.91,\n      2984.6,\n      2858.18,\n      2944.93\n    ],\n    [\n      1708214400,\n      2786.77,\n      2895.75,\n      2766.01,\n      2881.91\n    ],\n    [\n      1708128000,\n      2803.12,\n      2805.47,\n      2720.47,\n      2786.77\n    ],\n    [\n      1708041600,\n      2823.49,\n      2858.23,\n      2750.4,\n      2803.12\n    ],\n    [\n      1707955200,\n      2776.75,\n      2869.05,\n      2762.05,\n      2823.49\n    ],\n    [\n      1707868800,\n      2641.06,\n      2787.9,\n      2619.1,\n      2776.75\n    ],\n    [\n      1707782400,\n      2661.21,\n      2687.45,\n      2592.87,\n      2641.06\n    ],\n    [\n      1707696000,\n      2507.92,\n      2666.85,\n      2473,\n      2661.21\n    ],\n    [\n      1707609600,\n      2501.36,\n      2540.67,\n      2494.41,\n      2507.91\n    ],\n    [\n      1707523200,\n      2487.05,\n      2517.58,\n      2472.71,\n      2501.36\n    ],\n    [\n      1707436800,\n      2419.61,\n      2523.71,\n      2419.1,\n      2487.05\n    ],\n    [\n      1707350400,\n      2423.71,\n      2461.39,\n      2410.75,\n      2419.61\n    ],\n    [\n      1707264000,\n      2371.46,\n      2443.08,\n      2352.34,\n      2423.71\n    ],\n    [\n      1707177600,\n      2298.96,\n      2390.49,\n      2296.08,\n      2371.46\n    ],\n    [\n      1707091200,\n      2289.11,\n      2337.68,\n      2268.5,\n      2298.96\n    ],\n    [\n      1707004800,\n      2295.95,\n      2310.19,\n      2267.55,\n      2289.11\n    ],\n    [\n      1706918400,\n      2308.07,\n      2328.81,\n      2292.11,\n      2295.95\n    ],\n    [\n      1706832000,\n      2303.78,\n      2324.18,\n      2281.7,\n      2308.07\n    ],\n    [\n      1706745600,\n      2282.01,\n      2310.66,\n      2240.12,\n      2303.78\n    ],\n    [\n      1706659200,\n      2342.94,\n      2351.53,\n      2263.53,\n      2282.01\n    ],\n    [\n      1706572800,\n      2317.56,\n      2391.62,\n      2297.15,\n      2342.94\n    ],\n    [\n      1706486400,\n      2256.83,\n      2322.25,\n      2234.27,\n      2317.56\n    ],\n    [\n      1706400000,\n      2268.07,\n      2308,\n      2239.96,\n      2256.83\n    ],\n    [\n      1706313600,\n      2267.45,\n      2282.69,\n      2251.2,\n      2268.07\n    ],\n    [\n      1706227200,\n      2217.69,\n      2281.4,\n      2195.03,\n      2267.44\n    ],\n    [\n      1706140800,\n      2234.09,\n      2241.7,\n      2170.6,\n      2217.69\n    ],\n    [\n      1706054400,\n      2241.04,\n      2262.57,\n      2194.98,\n      2234.09\n    ],\n    [\n      1705968000,\n      2311.9,\n      2349.31,\n      2165.92,\n      2241.04\n    ],\n    [\n      1705881600,\n      2455.72,\n      2464.69,\n      2301.31,\n      2311.9\n    ],\n    [\n      1705795200,\n      2470.35,\n      2480.46,\n      2452.15,\n      2455.72\n    ],\n    [\n      1705708800,\n      2489.88,\n      2489.88,\n      2452.17,\n      2470.35\n    ],\n    [\n      1705622400,\n      2469.07,\n      2502.24,\n      2413.47,\n      2489.88\n    ],\n    [\n      1705536000,\n      2529.68,\n      2547.14,\n      2424.14,\n      2469.07\n    ],\n    [\n      1705449600,\n      2586.08,\n      2592.45,\n      2506.25,\n      2529.68\n    ],\n    [\n      1705363200,\n      2510.51,\n      2613.02,\n      2498.55,\n      2586.08\n    ],\n    [\n      1705276800,\n      2472.72,\n      2552.35,\n      2470.78,\n      2510.51\n    ],\n    [\n      1705190400,\n      2578.12,\n      2578.62,\n      2469.87,\n      2472.72\n    ],\n    [\n      1705104000,\n      2521,\n      2589.73,\n      2497.45,\n      2578.12\n    ],\n    [\n      1705017600,\n      2618.88,\n      2717.19,\n      2457.98,\n      2521\n    ],\n    [\n      1704931200,\n      2585.3,\n      2690.04,\n      2567.32,\n      2618.88\n    ],\n    [\n      1704844800,\n      2345.25,\n      2642.17,\n      2341.05,\n      2585.2\n    ],\n    [\n      1704758400,\n      2332.35,\n      2372.67,\n      2228.68,\n      2345.26\n    ],\n    [\n      1704672000,\n      2222.59,\n      2359.61,\n      2167.73,\n      2332.35\n    ],\n    [\n      1704585600,\n      2242.14,\n      2258.62,\n      2206.61,\n      2222.59\n    ],\n    [\n      1704499200,\n      2270.09,\n      2271.57,\n      2217.92,\n      2242.14\n    ],\n    [\n      1704412800,\n      2269.16,\n      2278.73,\n      2207.83,\n      2270.09\n    ],\n    [\n      1704326400,\n      2212,\n      2296.26,\n      2204.39,\n      2269.16\n    ],\n    [\n      1704240000,\n      2356.33,\n      2385.86,\n      2103.12,\n      2212\n    ],\n    [\n      1704153600,\n      2352.41,\n      2432.31,\n      2346.1,\n      2356.33\n    ],\n    [\n      1704067200,\n      2282.24,\n      2352.41,\n      2265.36,\n      2352.41\n    ],\n    [\n      1703980800,\n      2292.04,\n      2321.58,\n      2260.3,\n      2282.24\n    ],\n    [\n      1703894400,\n      2300.6,\n      2323.08,\n      2268.39,\n      2292.06\n    ],\n    [\n      1703808000,\n      2346.56,\n      2386.84,\n      2258.01,\n      2300.6\n    ],\n    [\n      1703721600,\n      2379.06,\n      2448.12,\n      2338.18,\n      2346.56\n    ],\n    [\n      1703635200,\n      2231.52,\n      2392.74,\n      2212.23,\n      2379.06\n    ],\n    [\n      1703548800,\n      2272.76,\n      2276.23,\n      2180.68,\n      2231.52\n    ],\n    [\n      1703462400,\n      2265.09,\n      2306.13,\n      2254.15,\n      2272.79\n    ],\n    [\n      1703376000,\n      2310.65,\n      2328.36,\n      2246.03,\n      2265.09\n    ],\n    [\n      1703289600,\n      2325.93,\n      2331.11,\n      2267.76,\n      2310.65\n    ],\n    [\n      1703203200,\n      2239.72,\n      2343.18,\n      2230.87,\n      2325.93\n    ],\n    [\n      1703116800,\n      2201.84,\n      2279.28,\n      2182.95,\n      2239.72\n    ],\n    [\n      1703030400,\n      2177.53,\n      2265.5,\n      2157.3,\n      2201.84\n    ],\n    [\n      1702944000,\n      2218.31,\n      2254.46,\n      2135.6,\n      2177.53\n    ],\n    [\n      1702857600,\n      2193.69,\n      2222.65,\n      2117.29,\n      2218.31\n    ],\n    [\n      1702771200,\n      2228.13,\n      2245.28,\n      2190,\n      2193.69\n    ],\n    [\n      1702684800,\n      2220.55,\n      2263.21,\n      2210.51,\n      2228.03\n    ],\n    [\n      1702598400,\n      2315.98,\n      2318.34,\n      2202.36,\n      2220.55\n    ],\n    [\n      1702512000,\n      2260.26,\n      2332.48,\n      2231.44,\n      2315.99\n    ],\n    [\n      1702425600,\n      2202.24,\n      2283.97,\n      2145.25,\n      2260.26\n    ],\n    [\n      1702339200,\n      2223.65,\n      2242,\n      2165.44,\n      2202.24\n    ],\n    [\n      1702252800,\n      2352.58,\n      2355.16,\n      2139.02,\n      2223.65\n    ],\n    [\n      1702166400,\n      2341.3,\n      2377.81,\n      2322.65,\n      2352.58\n    ],\n    [\n      1702080000,\n      2358.99,\n      2403.49,\n      2329.72,\n      2341.3\n    ],\n    [\n      1701993600,\n      2356.36,\n      2391.79,\n      2339.76,\n      2359.2\n    ],\n    [\n      1701907200,\n      2233.23,\n      2383.24,\n      2222.55,\n      2356.36\n    ],\n    [\n      1701820800,\n      2293.97,\n      2311.93,\n      2220.52,\n      2233.24\n    ],\n    [\n      1701734400,\n      2243.29,\n      2309.62,\n      2188.84,\n      2293.97\n    ],\n    [\n      1701648000,\n      2193.72,\n      2274.6,\n      2191.98,\n      2243.29\n    ],\n    [\n      1701561600,\n      2165.79,\n      2217.18,\n      2150.47,\n      2193.72\n    ],\n    [\n      1701475200,\n      2087.96,\n      2186.05,\n      2086.98,\n      2165.79\n    ],\n    [\n      1701388800,\n      2052.77,\n      2111.08,\n      2045.92,\n      2087.96\n    ],\n    [\n      1701302400,\n      2028.99,\n      2055.38,\n      2021.03,\n      2052.77\n    ],\n    [\n      1701216000,\n      2049.54,\n      2075.9,\n      2020.69,\n      2028.99\n    ],\n    [\n      1701129600,\n      2027.46,\n      2075.02,\n      1995.27,\n      2049.54\n    ],\n    [\n      1701043200,\n      2062.99,\n      2071.9,\n      1986.4,\n      2027.46\n    ],\n    [\n      1700956800,\n      2084.21,\n      2095.16,\n      2037.67,\n      2062.99\n    ],\n    [\n      1700870400,\n      2082.19,\n      2091.68,\n      2066.71,\n      2084.21\n    ],\n    [\n      1700784000,\n      2062.55,\n      2133.32,\n      2059.71,\n      2082.19\n    ],\n    [\n      1700697600,\n      2064.05,\n      2089.32,\n      2041,\n      2062.55\n    ],\n    [\n      1700611200,\n      1933.72,\n      2092.42,\n      1930.32,\n      2064.05\n    ],\n    [\n      1700524800,\n      2022.98,\n      2036.14,\n      1932.9,\n      1933.72\n    ],\n    [\n      1700438400,\n      2012.69,\n      2067.53,\n      1995.24,\n      2022.98\n    ],\n    [\n      1700352000,\n      1963.79,\n      2016.38,\n      1944.7,\n      2012.69\n    ],\n    [\n      1700265600,\n      1961.45,\n      1971.86,\n      1918.38,\n      1963.8\n    ],\n    [\n      1700179200,\n      1961.96,\n      1991.55,\n      1906.92,\n      1961.45\n    ],\n    [\n      1700092800,\n      2059.97,\n      2091.91,\n      1940.25,\n      1961.96\n    ],\n    [\n      1700006400,\n      1979.51,\n      2062.56,\n      1967.33,\n      2059.96\n    ],\n    [\n      1699920000,\n      2054.18,\n      2065.27,\n      1935.88,\n      1979.51\n    ],\n    [\n      1699833600,\n      2045.53,\n      2118.68,\n      2029.33,\n      2054.18\n    ],\n    [\n      1699747200,\n      2053.78,\n      2066.9,\n      2014.06,\n      2045.53\n    ],\n    [\n      1699660800,\n      2078.59,\n      2090.6,\n      2031.58,\n      2053.78\n    ],\n    [\n      1699574400,\n      2121.52,\n      2136.59,\n      2065.71,\n      2078.59\n    ],\n    [\n      1699488000,\n      1888.86,\n      2131.91,\n      1883.08,\n      2121.52\n    ],\n    [\n      1699401600,\n      1886.54,\n      1905.14,\n      1873.93,\n      1888.86\n    ],\n    [\n      1699315200,\n      1901.31,\n      1907.37,\n      1850.83,\n      1886.54\n    ],\n    [\n      1699228800,\n      1893.85,\n      1915.65,\n      1871.37,\n      1901.31\n    ],\n    [\n      1699142400,\n      1857.18,\n      1914.24,\n      1847.97,\n      1893.85\n    ],\n    [\n      1699056000,\n      1833.64,\n      1871.26,\n      1825.11,\n      1857.18\n    ],\n    [\n      1698969600,\n      1801.01,\n      1835.43,\n      1777.52,\n      1833.64\n    ],\n    [\n      1698883200,\n      1847.79,\n      1875.05,\n      1785.81,\n      1801.01\n    ],\n    [\n      1698796800,\n      1815.38,\n      1858.12,\n      1784.16,\n      1847.79\n    ],\n    [\n      1698710400,\n      1809.75,\n      1820.13,\n      1782.16,\n      1815.38\n    ],\n    [\n      1698624000,\n      1795.98,\n      1830.46,\n      1778.61,\n      1809.75\n    ],\n    [\n      1698537600,\n      1776.52,\n      1812.12,\n      1763.18,\n      1795.95\n    ],\n    [\n      1698451200,\n      1779.79,\n      1803.36,\n      1771.64,\n      1776.52\n    ],\n    [\n      1698364800,\n      1803.54,\n      1804.06,\n      1746.51,\n      1779.79\n    ],\n    [\n      1698278400,\n      1787.73,\n      1865.98,\n      1763.77,\n      1803.54\n    ],\n    [\n      1698192000,\n      1784.83,\n      1817.54,\n      1760.44,\n      1787.73\n    ],\n    [\n      1698105600,\n      1766.27,\n      1855.36,\n      1757.18,\n      1784.83\n    ],\n    [\n      1698019200,\n      1664.19,\n      1799.92,\n      1657.84,\n      1766.27\n    ],\n    [\n      1697932800,\n      1629.53,\n      1668.27,\n      1622.24,\n      1664.19\n    ],\n    [\n      1697846400,\n      1604.63,\n      1644.65,\n      1593.15,\n      1629.53\n    ],\n    [\n      1697760000,\n      1567.41,\n      1630.97,\n      1561.95,\n      1604.63\n    ],\n    [\n      1697673600,\n      1563.79,\n      1574.74,\n      1542.39,\n      1567.41\n    ],\n    [\n      1697587200,\n      1565.53,\n      1586,\n      1556.45,\n      1563.79\n    ],\n    [\n      1697500800,\n      1600.11,\n      1601.28,\n      1553.12,\n      1565.53\n    ],\n    [\n      1697414400,\n      1558,\n      1640.38,\n      1555.25,\n      1600.11\n    ],\n    [\n      1697328000,\n      1554.95,\n      1566.46,\n      1549.72,\n      1558\n    ],\n    [\n      1697241600,\n      1552.03,\n      1561.23,\n      1544.79,\n      1554.96\n    ],\n    [\n      1697155200,\n      1539.24,\n      1574.13,\n      1537.35,\n      1552.03\n    ],\n    [\n      1697068800,\n      1566.62,\n      1568.32,\n      1521.73,\n      1539.24\n    ],\n    [\n      1696982400,\n      1567.8,\n      1578.6,\n      1545.7,\n      1566.63\n    ],\n    [\n      1696896000,\n      1580.29,\n      1595.14,\n      1551.98,\n      1567.79\n    ],\n    [\n      1696809600,\n      1633.75,\n      1636.45,\n      1548.45,\n      1580.29\n    ],\n    [\n      1696723200,\n      1634.58,\n      1642.27,\n      1617.22,\n      1633.76\n    ],\n    [\n      1696636800,\n      1645.81,\n      1648.43,\n      1630.9,\n      1634.58\n    ],\n    [\n      1696550400,\n      1612.03,\n      1662.29,\n      1612.03,\n      1645.81\n    ],\n    [\n      1696464000,\n      1646.73,\n      1655.17,\n      1607.76,\n      1612.03\n    ],\n    [\n      1696377600,\n      1657.02,\n      1657.84,\n      1625.39,\n      1646.73\n    ],\n    [\n      1696291200,\n      1662.78,\n      1670.78,\n      1643.98,\n      1657.02\n    ],\n    [\n      1696204800,\n      1734.08,\n      1743.86,\n      1637.94,\n      1662.78\n    ],\n    [\n      1696118400,\n      1671.17,\n      1753.01,\n      1668.63,\n      1734.09\n    ],\n    [\n      1696032000,\n      1667.44,\n      1694.27,\n      1666.17,\n      1671.17\n    ],\n    [\n      1695945600,\n      1653.07,\n      1688.13,\n      1648.51,\n      1667.43\n    ],\n    [\n      1695859200,\n      1597.65,\n      1667.46,\n      1597.17,\n      1653.07\n    ],\n    [\n      1695772800,\n      1593.43,\n      1633.5,\n      1583.05,\n      1597.65\n    ],\n    [\n      1695686400,\n      1588.32,\n      1599.28,\n      1580.34,\n      1593.43\n    ],\n    [\n      1695600000,\n      1580.77,\n      1597.47,\n      1563.55,\n      1588.32\n    ],\n    [\n      1695513600,\n      1594.06,\n      1601.36,\n      1570.24,\n      1580.77\n    ],\n    [\n      1695427200,\n      1593.35,\n      1598.37,\n      1587.98,\n      1594.06\n    ],\n    [\n      1695340800,\n      1583.98,\n      1602.62,\n      1576.93,\n      1593.35\n    ],\n    [\n      1695254400,\n      1622.37,\n      1625.38,\n      1568.39,\n      1583.98\n    ],\n    [\n      1695168000,\n      1643.45,\n      1649.68,\n      1605.87,\n      1622.37\n    ],\n    [\n      1695081600,\n      1636.99,\n      1661.29,\n      1626.94,\n      1643.45\n    ],\n    [\n      1694995200,\n      1622.97,\n      1669.62,\n      1605.6,\n      1636.99\n    ],\n    [\n      1694908800,\n      1634.82,\n      1635.53,\n      1612.38,\n      1622.97\n    ],\n    [\n      1694822400,\n      1641.39,\n      1652.35,\n      1631.82,\n      1634.82\n    ],\n    [\n      1694736000,\n      1626.94,\n      1653.59,\n      1611.88,\n      1641.39\n    ],\n    [\n      1694649600,\n      1608.14,\n      1644.68,\n      1607.57,\n      1626.94\n    ],\n    [\n      1694563200,\n      1592.95,\n      1618.82,\n      1581.87,\n      1608.14\n    ],\n    [\n      1694476800,\n      1551.37,\n      1624.46,\n      1549.21,\n      1592.95\n    ],\n    [\n      1694390400,\n      1616.83,\n      1618.4,\n      1531.36,\n      1551.37\n    ],\n    [\n      1694304000,\n      1635.23,\n      1635.62,\n      1599.01,\n      1616.83\n    ],\n    [\n      1694217600,\n      1636.68,\n      1637.65,\n      1630.15,\n      1635.23\n    ],\n    [\n      1694131200,\n      1647.44,\n      1658.21,\n      1615.9,\n      1636.68\n    ],\n    [\n      1694044800,\n      1632.39,\n      1658.86,\n      1622.91,\n      1647.44\n    ],\n    [\n      1693958400,\n      1633.61,\n      1669.11,\n      1608.87,\n      1632.39\n    ],\n    [\n      1693872000,\n      1630.02,\n      1647.22,\n      1609.52,\n      1633.61\n    ],\n    [\n      1693785600,\n      1635.69,\n      1644.61,\n      1616.25,\n      1630.02\n    ],\n    [\n      1693699200,\n      1637,\n      1647.2,\n      1625.21,\n      1635.69\n    ],\n    [\n      1693612800,\n      1628.59,\n      1644.51,\n      1627.51,\n      1637\n    ],\n    [\n      1693526400,\n      1645.61,\n      1654.14,\n      1602.34,\n      1628.59\n    ],\n    [\n      1693440000,\n      1705.23,\n      1725.48,\n      1630.09,\n      1645.61\n    ],\n    [\n      1693353600,\n      1729.63,\n      1731.14,\n      1696.19,\n      1705.23\n    ],\n    [\n      1693267200,\n      1652.52,\n      1744.81,\n      1639.44,\n      1729.63\n    ],\n    [\n      1693180800,\n      1657.67,\n      1663.06,\n      1623.18,\n      1652.52\n    ],\n    [\n      1693094400,\n      1646.26,\n      1659.41,\n      1645.52,\n      1657.66\n    ],\n    [\n      1693008000,\n      1653.03,\n      1654.81,\n      1643.26,\n      1646.26\n    ],\n    [\n      1692921600,\n      1660.51,\n      1675.73,\n      1634.9,\n      1653.03\n    ],\n    [\n      1692835200,\n      1679.17,\n      1682.93,\n      1635.92,\n      1660.51\n    ],\n    [\n      1692748800,\n      1634.52,\n      1700.78,\n      1628.96,\n      1679.17\n    ],\n    [\n      1692662400,\n      1667.36,\n      1669.18,\n      1581.83,\n      1634.54\n    ],\n    [\n      1692576000,\n      1685.29,\n      1688.23,\n      1649.42,\n      1667.36\n    ],\n    [\n      1692489600,\n      1669.64,\n      1694.42,\n      1662.08,\n      1685.29\n    ],\n    [\n      1692403200,\n      1661.19,\n      1695.94,\n      1653.84,\n      1669.64\n    ],\n    [\n      1692316800,\n      1681.2,\n      1699,\n      1641.63,\n      1661.19\n    ],\n    [\n      1692230400,\n      1805.82,\n      1808.05,\n      1545.67,\n      1681.2\n    ],\n    [\n      1692144000,\n      1826.68,\n      1829,\n      1796.19,\n      1805.82\n    ],\n    [\n      1692057600,\n      1842.78,\n      1844.8,\n      1811.37,\n      1826.68\n    ],\n    [\n      1691971200,\n      1839.75,\n      1853.61,\n      1834.02,\n      1842.78\n    ],\n    [\n      1691884800,\n      1849.6,\n      1860.93,\n      1833.53,\n      1839.75\n    ],\n    [\n      1691798400,\n      1846.92,\n      1852.04,\n      1845.23,\n      1849.6\n    ],\n    [\n      1691712000,\n      1850.25,\n      1854.95,\n      1836.68,\n      1846.92\n    ],\n    [\n      1691625600,\n      1853.94,\n      1864.31,\n      1844.52,\n      1850.25\n    ],\n    [\n      1691539200,\n      1855.74,\n      1871.13,\n      1845.74,\n      1853.94\n    ],\n    [\n      1691452800,\n      1827.01,\n      1875.57,\n      1824.24,\n      1855.74\n    ],\n    [\n      1691366400,\n      1827.84,\n      1844.53,\n      1800.55,\n      1827.01\n    ],\n    [\n      1691280000,\n      1834.54,\n      1836.59,\n      1823.89,\n      1827.85\n    ],\n    [\n      1691193600,\n      1828.04,\n      1836.82,\n      1825.33,\n      1834.54\n    ],\n    [\n      1691107200,\n      1834.34,\n      1849.67,\n      1813.63,\n      1828.04\n    ],\n    [\n      1691020800,\n      1839.13,\n      1858.28,\n      1825.24,\n      1834.34\n    ],\n    [\n      1690934400,\n      1872.75,\n      1878.88,\n      1820.65,\n      1839.13\n    ],\n    [\n      1690848000,\n      1855.96,\n      1874.79,\n      1814.22,\n      1872.75\n    ],\n    [\n      1690761600,\n      1861.78,\n      1877.33,\n      1850.67,\n      1856\n    ],\n    [\n      1690675200,\n      1880.7,\n      1885.5,\n      1849.3,\n      1861.78\n    ],\n    [\n      1690588800,\n      1874.01,\n      1886.68,\n      1869.6,\n      1880.7\n    ],\n    [\n      1690502400,\n      1860.83,\n      1882.47,\n      1856.18,\n      1874.01\n    ],\n    [\n      1690416000,\n      1871.93,\n      1886.03,\n      1854.39,\n      1860.83\n    ],\n    [\n      1690329600,\n      1857.66,\n      1887.74,\n      1848.66,\n      1871.93\n    ],\n    [\n      1690243200,\n      1849.63,\n      1868.21,\n      1845.26,\n      1857.66\n    ],\n    [\n      1690156800,\n      1888.66,\n      1890.8,\n      1833.87,\n      1849.6\n    ],\n    [\n      1690070400,\n      1866.65,\n      1905.07,\n      1858.35,\n      1888.66\n    ],\n    [\n      1689984000,\n      1891.8,\n      1897.32,\n      1852.57,\n      1866.65\n    ],\n    [\n      1689897600,\n      1891.38,\n      1905.33,\n      1884.46,\n      1891.83\n    ],\n    [\n      1689811200,\n      1919.11,\n      1923.04,\n      1878.15,\n      1891.38\n    ],\n    [\n      1689724800,\n      1897.21,\n      1922.04,\n      1882.17,\n      1888.63\n    ],\n    [\n      1689638400,\n      1911.21,\n      1917.19,\n      1875.73,\n      1897.21\n    ],\n    [\n      1689552000,\n      1922.12,\n      1936.18,\n      1873.26,\n      1911.2\n    ],\n    [\n      1689465600,\n      1931.41,\n      1943.55,\n      1914,\n      1922.11\n    ],\n    [\n      1689379200,\n      1937.82,\n      1946.37,\n      1926.23,\n      1931.41\n    ],\n    [\n      1689292800,\n      2004.49,\n      2029.11,\n      1898.39,\n      1937.83\n    ],\n    [\n      1689206400,\n      1871.82,\n      2012.63,\n      1862.59,\n      2004.49\n    ],\n    [\n      1689120000,\n      1878.31,\n      1902,\n      1864.37,\n      1871.82\n    ],\n    [\n      1689033600,\n      1880.41,\n      1891.99,\n      1862.38,\n      1878.3\n    ],\n    [\n      1688947200,\n      1862.81,\n      1905.5,\n      1846.63,\n      1880.4\n    ],\n    [\n      1688860800,\n      1865.24,\n      1879.36,\n      1856.15,\n      1862.8\n    ],\n    [\n      1688774400,\n      1870.92,\n      1876,\n      1842.8,\n      1865.24\n    ],\n    [\n      1688688000,\n      1846.17,\n      1878,\n      1826,\n      1870.91\n    ],\n    [\n      1688601600,\n      1910.35,\n      1958,\n      1846,\n      1846.17\n    ],\n    [\n      1688515200,\n      1936.19,\n      1942.5,\n      1894.51,\n      1910.36\n    ],\n    [\n      1688428800,\n      1955.55,\n      1967.08,\n      1931.58,\n      1936.2\n    ],\n    [\n      1688342400,\n      1937.49,\n      1976.16,\n      1933.55,\n      1955.54\n    ],\n    [\n      1688256000,\n      1924.5,\n      1959.2,\n      1885.75,\n      1937.48\n    ],\n    [\n      1688169600,\n      1933.8,\n      1944.56,\n      1909.44,\n      1924.5\n    ],\n    [\n      1688083200,\n      1851.99,\n      1948.6,\n      1825.01,\n      1933.79\n    ],\n    [\n      1687996800,\n      1828.03,\n      1880,\n      1827.84,\n      1851.99\n    ],\n    [\n      1687910400,\n      1889.58,\n      1890.19,\n      1816.56,\n      1828.02\n    ],\n    [\n      1687824000,\n      1858.97,\n      1912.53,\n      1855.19,\n      1889.58\n    ],\n    [\n      1687737600,\n      1898.8,\n      1909.1,\n      1837.18,\n      1858.97\n    ],\n    [\n      1687651200,\n      1874.95,\n      1930,\n      1868.83,\n      1898.8\n    ],\n    [\n      1687564800,\n      1892.63,\n      1906,\n      1864.77,\n      1874.96\n    ],\n    [\n      1687478400,\n      1872,\n      1936.42,\n      1861.01,\n      1892.63\n    ],\n    [\n      1687392000,\n      1889.1,\n      1933.17,\n      1865.98,\n      1872.01\n    ],\n    [\n      1687305600,\n      1791.99,\n      1901,\n      1787.38,\n      1889.11\n    ],\n    [\n      1687219200,\n      1737.1,\n      1796.99,\n      1714.72,\n      1791.99\n    ],\n    [\n      1687132800,\n      1720.95,\n      1752.19,\n      1698,\n      1737.11\n    ],\n    [\n      1687046400,\n      1727.75,\n      1747.84,\n      1712,\n      1720.95\n    ],\n    [\n      1686960000,\n      1717.91,\n      1770,\n      1714.26,\n      1727.76\n    ],\n    [\n      1686873600,\n      1666.96,\n      1729.5,\n      1649.86,\n      1717.92\n    ],\n    [\n      1686787200,\n      1650.95,\n      1680.91,\n      1626.01,\n      1666.96\n    ],\n    [\n      1686700800,\n      1740.12,\n      1750.03,\n      1630.43,\n      1650.95\n    ],\n    [\n      1686614400,\n      1742.57,\n      1770.13,\n      1724.22,\n      1740.12\n    ],\n    [\n      1686528000,\n      1752.77,\n      1759.33,\n      1720,\n      1742.57\n    ],\n    [\n      1686441600,\n      1751.52,\n      1778.25,\n      1738.72,\n      1752.76\n    ],\n    [\n      1686355200,\n      1840.37,\n      1844.99,\n      1715.03,\n      1751.53\n    ],\n    [\n      1686268800,\n      1845.65,\n      1855,\n      1827,\n      1840.37\n    ],\n    [\n      1686182400,\n      1832.12,\n      1861.28,\n      1828.31,\n      1845.64\n    ],\n    [\n      1686096000,\n      1884.65,\n      1897.8,\n      1821.18,\n      1832.13\n    ],\n    [\n      1686009600,\n      1810.49,\n      1898.29,\n      1797.18,\n      1884.64\n    ],\n    [\n      1685923200,\n      1890,\n      1890.63,\n      1778,\n      1810.5\n    ],\n    [\n      1685836800,\n      1892.05,\n      1914.63,\n      1884.22,\n      1890.01\n    ],\n    [\n      1685750400,\n      1906.69,\n      1907.92,\n      1881.6,\n      1892.06\n    ],\n    [\n      1685664000,\n      1861.78,\n      1910,\n      1847.51,\n      1906.68\n    ],\n    [\n      1685577600,\n      1873.63,\n      1889.2,\n      1840,\n      1861.78\n    ],\n    [\n      1685491200,\n      1900.58,\n      1907.13,\n      1846.95,\n      1873.63\n    ],\n    [\n      1685404800,\n      1892.6,\n      1917,\n      1881.19,\n      1900.59\n    ],\n    [\n      1685318400,\n      1908.64,\n      1927.62,\n      1873.65,\n      1892.6\n    ],\n    [\n      1685232000,\n      1829.89,\n      1918.65,\n      1823.6,\n      1908.64\n    ],\n    [\n      1685145600,\n      1827.8,\n      1836.12,\n      1812.18,\n      1829.89\n    ],\n    [\n      1685059200,\n      1805.61,\n      1838.2,\n      1796.99,\n      1827.79\n    ],\n    [\n      1684972800,\n      1799.89,\n      1818.81,\n      1761.41,\n      1805.6\n    ],\n    [\n      1684886400,\n      1854.06,\n      1854.09,\n      1777.6,\n      1799.89\n    ],\n    [\n      1684800000,\n      1817.36,\n      1872.5,\n      1815.24,\n      1854.05\n    ],\n    [\n      1684713600,\n      1804.91,\n      1828.27,\n      1792.01,\n      1817.35\n    ],\n    [\n      1684627200,\n      1819.42,\n      1828.98,\n      1797.21,\n      1804.91\n    ],\n    [\n      1684540800,\n      1812.31,\n      1828.87,\n      1807.06,\n      1819.42\n    ],\n    [\n      1684454400,\n      1800.56,\n      1829.54,\n      1796.81,\n      1812.32\n    ],\n    [\n      1684368000,\n      1822.12,\n      1831.92,\n      1771.12,\n      1800.56\n    ],\n    [\n      1684281600,\n      1824.21,\n      1837.5,\n      1783.68,\n      1822.12\n    ],\n    [\n      1684195200,\n      1816.21,\n      1832.64,\n      1796.2,\n      1824.21\n    ],\n    [\n      1684108800,\n      1799.2,\n      1846.7,\n      1785.05,\n      1816.2\n    ],\n    [\n      1684022400,\n      1795.12,\n      1824,\n      1789.82,\n      1799.21\n    ],\n    [\n      1683936000,\n      1807.45,\n      1817.03,\n      1785.23,\n      1795.11\n    ],\n    [\n      1683849600,\n      1794.31,\n      1818.63,\n      1740,\n      1807.45\n    ],\n    [\n      1683763200,\n      1840.83,\n      1842.02,\n      1772.68,\n      1794.3\n    ],\n    [\n      1683676800,\n      1846.53,\n      1887.47,\n      1790.51,\n      1840.84\n    ],\n    [\n      1683590400,\n      1847.55,\n      1861.88,\n      1830.99,\n      1846.52\n    ],\n    [\n      1683504000,\n      1870.41,\n      1883.97,\n      1810.73,\n      1847.56\n    ],\n    [\n      1683417600,\n      1896.33,\n      1933.33,\n      1867.59,\n      1870.4\n    ],\n    [\n      1683331200,\n      1993.3,\n      2019,\n      1860,\n      1896.33\n    ],\n    [\n      1683244800,\n      1877.07,\n      1998.36,\n      1875.65,\n      1993.3\n    ],\n    [\n      1683158400,\n      1905.12,\n      1918.26,\n      1866.71,\n      1877.07\n    ],\n    [\n      1683072000,\n      1870.09,\n      1916.52,\n      1842.64,\n      1905.12\n    ],\n    [\n      1682985600,\n      1830.73,\n      1881.87,\n      1822.94,\n      1870.08\n    ],\n    [\n      1682899200,\n      1870.08,\n      1886.49,\n      1806.12,\n      1830.73\n    ],\n    [\n      1682812800,\n      1907.79,\n      1939,\n      1866.16,\n      1870.09\n    ],\n    [\n      1682726400,\n      1890.93,\n      1918,\n      1883.05,\n      1907.8\n    ],\n    [\n      1682640000,\n      1908.68,\n      1923.88,\n      1873.94,\n      1890.94\n    ],\n    [\n      1682553600,\n      1866.01,\n      1940.96,\n      1861.19,\n      1908.68\n    ],\n    [\n      1682467200,\n      1866.1,\n      1964.72,\n      1785,\n      1866.01\n    ],\n    [\n      1682380800,\n      1841.84,\n      1877.86,\n      1801.66,\n      1866.1\n    ],\n    [\n      1682294400,\n      1862.01,\n      1890,\n      1806,\n      1841.84\n    ],\n    [\n      1682208000,\n      1874.17,\n      1882.01,\n      1836.37,\n      1862\n    ],\n    [\n      1682121600,\n      1848.77,\n      1887.31,\n      1841.64,\n      1874.16\n    ],\n    [\n      1682035200,\n      1942.98,\n      1957.27,\n      1825,\n      1848.78\n    ],\n    [\n      1681948800,\n      1933.74,\n      1982.99,\n      1914.43,\n      1942.98\n    ],\n    [\n      1681862400,\n      2103.51,\n      2104.6,\n      1923.03,\n      1933.73\n    ],\n    [\n      1681776000,\n      2073.99,\n      2125,\n      2051,\n      2103.5\n    ],\n    [\n      1681689600,\n      2118.66,\n      2120.51,\n      2056.25,\n      2074\n    ],\n    [\n      1681603200,\n      2090.61,\n      2141.54,\n      2072.72,\n      2118.67\n    ],\n    [\n      1681516800,\n      2099.99,\n      2111.85,\n      2071.13,\n      2090.6\n    ],\n    [\n      1681430400,\n      2012,\n      2128.76,\n      2009.22,\n      2099.99\n    ],\n    [\n      1681344000,\n      1917.4,\n      2023,\n      1899.55,\n      2012.01\n    ],\n    [\n      1681257600,\n      1889.86,\n      1933,\n      1852.65,\n      1917.39\n    ],\n    [\n      1681171200,\n      1910.21,\n      1937.37,\n      1881.11,\n      1889.86\n    ],\n    [\n      1681084800,\n      1858.91,\n      1918.79,\n      1846.4,\n      1910.2\n    ],\n    [\n      1680998400,\n      1848.82,\n      1873.99,\n      1824.01,\n      1858.92\n    ],\n    [\n      1680912000,\n      1863.73,\n      1879.38,\n      1847,\n      1848.82\n    ],\n    [\n      1680825600,\n      1872.41,\n      1882.61,\n      1841.46,\n      1863.72\n    ],\n    [\n      1680739200,\n      1908.68,\n      1909.91,\n      1853.7,\n      1872.41\n    ],\n    [\n      1680652800,\n      1870.38,\n      1942.98,\n      1864.58,\n      1908.69\n    ],\n    [\n      1680566400,\n      1810.51,\n      1891.91,\n      1802.01,\n      1870.37\n    ],\n    [\n      1680480000,\n      1794.51,\n      1839.99,\n      1762.77,\n      1810.51\n    ],\n    [\n      1680393600,\n      1820.8,\n      1824.81,\n      1771.7,\n      1794.51\n    ],\n    [\n      1680307200,\n      1821.52,\n      1842.83,\n      1807.81,\n      1820.79\n    ],\n    [\n      1680220800,\n      1793.6,\n      1847.28,\n      1777.91,\n      1821.52\n    ],\n    [\n      1680134400,\n      1793.06,\n      1829.69,\n      1763,\n      1793.61\n    ],\n    [\n      1680048000,\n      1773,\n      1827.99,\n      1772.48,\n      1793.07\n    ],\n    [\n      1679961600,\n      1715.21,\n      1795.73,\n      1701.13,\n      1772.99\n    ],\n    [\n      1679875200,\n      1773.88,\n      1780.48,\n      1686.13,\n      1715.22\n    ],\n    [\n      1679788800,\n      1741.88,\n      1801,\n      1739.31,\n      1773.88\n    ],\n    [\n      1679702400,\n      1749.57,\n      1763.23,\n      1713.09,\n      1741.88\n    ],\n    [\n      1679616000,\n      1813.78,\n      1818.99,\n      1726.4,\n      1749.57\n    ],\n    [\n      1679529600,\n      1734.34,\n      1857.16,\n      1729.35,\n      1813.79\n    ],\n    [\n      1679443200,\n      1801.23,\n      1819.98,\n      1710.12,\n      1734.33\n    ],\n    [\n      1679356800,\n      1732.77,\n      1835,\n      1717.01,\n      1801.23\n    ],\n    [\n      1679270400,\n      1780.67,\n      1803.05,\n      1722,\n      1732.78\n    ],\n    [\n      1679184000,\n      1758.84,\n      1841.36,\n      1757.92,\n      1780.68\n    ],\n    [\n      1679097600,\n      1789.26,\n      1841,\n      1747.47,\n      1758.84\n    ],\n    [\n      1679011200,\n      1673.73,\n      1800,\n      1662.65,\n      1789.27\n    ],\n    [\n      1678924800,\n      1649.95,\n      1691.42,\n      1632.18,\n      1673.73\n    ],\n    [\n      1678838400,\n      1699.41,\n      1716.9,\n      1611,\n      1649.96\n    ],\n    [\n      1678752000,\n      1673.44,\n      1780.02,\n      1655.24,\n      1699.4\n    ],\n    [\n      1678665600,\n      1580.33,\n      1693.49,\n      1565,\n      1673.45\n    ],\n    [\n      1678579200,\n      1471.93,\n      1594.19,\n      1448.3,\n      1580.33\n    ],\n    [\n      1678492800,\n      1426.43,\n      1478.07,\n      1408.4,\n      1471.97\n    ],\n    [\n      1678406400,\n      1437.32,\n      1439.43,\n      1368.39,\n      1426.44\n    ],\n    [\n      1678320000,\n      1532.38,\n      1546.45,\n      1408,\n      1437.32\n    ],\n    [\n      1678233600,\n      1561.95,\n      1570.89,\n      1523.61,\n      1532.38\n    ],\n    [\n      1678147200,\n      1565.84,\n      1584.49,\n      1536.14,\n      1561.96\n    ],\n    [\n      1678060800,\n      1564.57,\n      1583.49,\n      1554.44,\n      1565.84\n    ],\n    [\n      1677974400,\n      1566.74,\n      1588.77,\n      1553.05,\n      1564.58\n    ],\n    [\n      1677888000,\n      1569.45,\n      1577.53,\n      1549.12,\n      1566.73\n    ],\n    [\n      1677801600,\n      1647.86,\n      1649.25,\n      1544.39,\n      1569.45\n    ],\n    [\n      1677715200,\n      1665.23,\n      1677.86,\n      1619.18,\n      1647.86\n    ],\n    [\n      1677628800,\n      1605.24,\n      1669.72,\n      1595,\n      1665.22\n    ],\n    [\n      1677542400,\n      1633.45,\n      1647.52,\n      1596.66,\n      1605.23\n    ],\n    [\n      1677456000,\n      1641.37,\n      1665.22,\n      1608,\n      1633.45\n    ],\n    [\n      1677369600,\n      1594.58,\n      1651.26,\n      1587.76,\n      1641.36\n    ],\n    [\n      1677283200,\n      1607.8,\n      1608.98,\n      1557.33,\n      1594.58\n    ],\n    [\n      1677196800,\n      1650.52,\n      1664.66,\n      1575.64,\n      1607.8\n    ],\n    [\n      1677110400,\n      1643.15,\n      1679,\n      1628.75,\n      1650.53\n    ],\n    [\n      1677024000,\n      1659.77,\n      1666.95,\n      1595.07,\n      1643.14\n    ],\n    [\n      1676937600,\n      1703.27,\n      1716.66,\n      1636.3,\n      1659.76\n    ],\n    [\n      1676851200,\n      1679.74,\n      1719.89,\n      1650.56,\n      1703.27\n    ],\n    [\n      1676764800,\n      1691.62,\n      1726.59,\n      1666.14,\n      1679.75\n    ],\n    [\n      1676678400,\n      1693.81,\n      1713.13,\n      1679.77,\n      1691.62\n    ],\n    [\n      1676592000,\n      1637.83,\n      1722,\n      1630.51,\n      1693.87\n    ],\n    [\n      1676505600,\n      1674.92,\n      1742.97,\n      1633.72,\n      1637.84\n    ],\n    [\n      1676419200,\n      1555.7,\n      1680,\n      1542.55,\n      1674.92\n    ],\n    [\n      1676332800,\n      1505.25,\n      1569,\n      1482.66,\n      1555.71\n    ],\n    [\n      1676246400,\n      1514.82,\n      1526.1,\n      1461.93,\n      1505.24\n    ],\n    [\n      1676160000,\n      1538.5,\n      1548.02,\n      1493.08,\n      1514.83\n    ],\n    [\n      1676073600,\n      1513.05,\n      1543,\n      1505,\n      1538.51\n    ],\n    [\n      1675987200,\n      1545.35,\n      1555.01,\n      1490,\n      1513.06\n    ],\n    [\n      1675900800,\n      1650.42,\n      1656.17,\n      1524.4,\n      1545.35\n    ],\n    [\n      1675814400,\n      1671.03,\n      1697.91,\n      1630.47,\n      1650.43\n    ],\n    [\n      1675728000,\n      1614.28,\n      1678.37,\n      1613.14,\n      1671.03\n    ],\n    [\n      1675641600,\n      1629.01,\n      1658.56,\n      1605.01,\n      1614.29\n    ],\n    [\n      1675555200,\n      1666.39,\n      1673.81,\n      1609.3,\n      1629.02\n    ],\n    [\n      1675468800,\n      1663.52,\n      1695.29,\n      1645.43,\n      1666.38\n    ],\n    [\n      1675382400,\n      1643.12,\n      1676,\n      1625.93,\n      1663.52\n    ],\n    [\n      1675296000,\n      1641.67,\n      1714.68,\n      1626.85,\n      1643.12\n    ],\n    [\n      1675209600,\n      1585.32,\n      1647.77,\n      1555.18,\n      1641.68\n    ],\n    [\n      1675123200,\n      1566.21,\n      1605.18,\n      1561.63,\n      1585.33\n    ],\n    [\n      1675036800,\n      1644.73,\n      1647.53,\n      1535,\n      1566.2\n    ],\n    [\n      1674950400,\n      1572.1,\n      1660,\n      1566.33,\n      1644.72\n    ],\n    [\n      1674864000,\n      1597.61,\n      1606.83,\n      1555.99,\n      1572.1\n    ],\n    [\n      1674777600,\n      1601.08,\n      1621,\n      1552.54,\n      1597.62\n    ],\n    [\n      1674691200,\n      1611.95,\n      1632.84,\n      1577.43,\n      1601.09\n    ],\n    [\n      1674604800,\n      1555.97,\n      1641,\n      1518,\n      1611.94\n    ],\n    [\n      1674518400,\n      1626.28,\n      1641.46,\n      1535,\n      1555.97\n    ],\n    [\n      1674432000,\n      1627.43,\n      1648.09,\n      1585.29,\n      1626.29\n    ],\n    [\n      1674345600,\n      1626.65,\n      1663.89,\n      1604,\n      1627.44\n    ],\n    [\n      1674259200,\n      1658.53,\n      1679.26,\n      1616.21,\n      1626.66\n    ],\n    [\n      1674172800,\n      1551.09,\n      1669.9,\n      1542.02,\n      1658.52\n    ],\n    [\n      1674086400,\n      1511.44,\n      1564.43,\n      1509.15,\n      1551.09\n    ],\n    [\n      1674000000,\n      1565.56,\n      1610,\n      1501.39,\n      1511.43\n    ],\n    [\n      1673913600,\n      1576.94,\n      1609,\n      1541.15,\n      1565.57\n    ],\n    [\n      1673827200,\n      1552.52,\n      1604.5,\n      1521.31,\n      1576.94\n    ],\n    [\n      1673740800,\n      1549.91,\n      1566.66,\n      1516.03,\n      1552.52\n    ],\n    [\n      1673654400,\n      1451.21,\n      1599.98,\n      1449.14,\n      1549.9\n    ],\n    [\n      1673568000,\n      1415.91,\n      1464,\n      1401.03,\n      1451.2\n    ],\n    [\n      1673481600,\n      1389.4,\n      1438,\n      1361.92,\n      1415.92\n    ],\n    [\n      1673395200,\n      1335.63,\n      1398,\n      1321.04,\n      1389.39\n    ],\n    [\n      1673308800,\n      1320.4,\n      1347.69,\n      1316.8,\n      1335.62\n    ],\n    [\n      1673222400,\n      1290.15,\n      1344.91,\n      1285.44,\n      1320.39\n    ],\n    [\n      1673136000,\n      1264.06,\n      1296,\n      1257.77,\n      1290.16\n    ],\n    [\n      1673049600,\n      1269.13,\n      1271.09,\n      1261.3,\n      1264.07\n    ],\n    [\n      1672963200,\n      1251.25,\n      1276.7,\n      1236,\n      1269.14\n    ],\n    [\n      1672876800,\n      1256.91,\n      1259.95,\n      1242.81,\n      1251.24\n    ],\n    [\n      1672790400,\n      1214.56,\n      1272.6,\n      1212.71,\n      1256.9\n    ],\n    [\n      1672704000,\n      1213.99,\n      1219.89,\n      1204.93,\n      1214.55\n    ],\n    [\n      1672617600,\n      1200.33,\n      1224.29,\n      1193,\n      1214\n    ],\n    [\n      1672531200,\n      1196.13,\n      1204.67,\n      1190.57,\n      1200.34\n    ],\n    [\n      1672444800,\n      1199.98,\n      1208.46,\n      1191.66,\n      1196.13\n    ],\n    [\n      1672358400,\n      1200.48,\n      1202.15,\n      1181.08,\n      1199.99\n    ],\n    [\n      1672272000,\n      1190.15,\n      1206.57,\n      1186.77,\n      1200.49\n    ],\n    [\n      1672185600,\n      1211.55,\n      1215.78,\n      1181.06,\n      1190.15\n    ],\n    [\n      1672099200,\n      1228.12,\n      1233.73,\n      1200.58,\n      1211.55\n    ],\n    [\n      1672012800,\n      1218.52,\n      1231.09,\n      1211.67,\n      1228.11\n    ],\n    [\n      1671926400,\n      1220.42,\n      1225,\n      1193.18,\n      1218.51\n    ],\n    [\n      1671840000,\n      1219.98,\n      1227.99,\n      1214.69,\n      1220.41\n    ],\n    [\n      1671753600,\n      1217.72,\n      1231.99,\n      1210,\n      1219.99\n    ],\n    [\n      1671667200,\n      1213.78,\n      1237.99,\n      1182.54,\n      1217.71\n    ],\n    [\n      1671580800,\n      1216.95,\n      1223.39,\n      1203.02,\n      1213.78\n    ],\n    [\n      1671494400,\n      1167.82,\n      1230.47,\n      1163.12,\n      1216.94\n    ],\n    [\n      1671408000,\n      1183.06,\n      1195,\n      1150.51,\n      1167.82\n    ],\n    [\n      1671321600,\n      1187.16,\n      1199.54,\n      1170.32,\n      1183.06\n    ],\n    [\n      1671235200,\n      1166.82,\n      1190.03,\n      1161.92,\n      1187.16\n    ],\n    [\n      1671148800,\n      1266.53,\n      1280.06,\n      1155.32,\n      1166.83\n    ],\n    [\n      1671062400,\n      1307.45,\n      1311.14,\n      1259.27,\n      1266.54\n    ],\n    [\n      1670976000,\n      1320.69,\n      1352.72,\n      1301,\n      1307.44\n    ],\n    [\n      1670889600,\n      1275.41,\n      1349,\n      1255.1,\n      1320.69\n    ],\n    [\n      1670803200,\n      1263,\n      1278.9,\n      1240.03,\n      1275.4\n    ],\n    [\n      1670716800,\n      1266.35,\n      1284.75,\n      1255.85,\n      1263.01\n    ],\n    [\n      1670630400,\n      1263.11,\n      1283.61,\n      1259.6,\n      1266.35\n    ],\n    [\n      1670544000,\n      1280.18,\n      1296.64,\n      1250,\n      1263.1\n    ],\n    [\n      1670457600,\n      1231.18,\n      1292.58,\n      1222.01,\n      1280.18\n    ],\n    [\n      1670371200,\n      1271.31,\n      1278.69,\n      1218.01,\n      1231.18\n    ],\n    [\n      1670284800,\n      1259.41,\n      1274.76,\n      1241.56,\n      1271.32\n    ],\n    [\n      1670198400,\n      1279.4,\n      1305.11,\n      1246.61,\n      1259.41\n    ],\n    [\n      1670112000,\n      1240.5,\n      1287.19,\n      1240.1,\n      1279.41\n    ],\n    [\n      1670025600,\n      1295.58,\n      1309,\n      1236.26,\n      1240.51\n    ],\n    [\n      1669939200,\n      1276.4,\n      1297.18,\n      1265.24,\n      1295.59\n    ],\n    [\n      1669852800,\n      1294.46,\n      1299.9,\n      1262.77,\n      1276.41\n    ],\n    [\n      1669766400,\n      1216.49,\n      1309.77,\n      1212.5,\n      1294.46\n    ],\n    [\n      1669680000,\n      1167.77,\n      1228.37,\n      1158.27,\n      1216.49\n    ],\n    [\n      1669593600,\n      1193.88,\n      1199.25,\n      1151.02,\n      1167.77\n    ],\n    [\n      1669507200,\n      1205.61,\n      1223.33,\n      1188.65,\n      1193.88\n    ],\n    [\n      1669420800,\n      1199.29,\n      1235.66,\n      1196.2,\n      1205.6\n    ],\n    [\n      1669334400,\n      1203.72,\n      1207.77,\n      1171.2,\n      1199.3\n    ],\n    [\n      1669248000,\n      1184.52,\n      1217.71,\n      1180.6,\n      1203.73\n    ],\n    [\n      1669161600,\n      1139.59,\n      1190,\n      1127.75,\n      1184.52\n    ],\n    [\n      1669075200,\n      1107.34,\n      1146.13,\n      1075,\n      1139.6\n    ],\n    [\n      1668988800,\n      1142.21,\n      1146.99,\n      1079.76,\n      1107.34\n    ],\n    [\n      1668902400,\n      1217.67,\n      1227.07,\n      1132.65,\n      1142.21\n    ],\n    [\n      1668816000,\n      1212.58,\n      1235,\n      1197.67,\n      1217.67\n    ],\n    [\n      1668729600,\n      1200.42,\n      1234,\n      1199.18,\n      1212.58\n    ],\n    [\n      1668643200,\n      1216.16,\n      1228.22,\n      1181.05,\n      1200.43\n    ],\n    [\n      1668556800,\n      1253.22,\n      1268.67,\n      1187.06,\n      1216.17\n    ],\n    [\n      1668470400,\n      1243.29,\n      1291,\n      1234.01,\n      1253.23\n    ],\n    [\n      1668384000,\n      1221.5,\n      1291.2,\n      1171.13,\n      1243.28\n    ],\n    [\n      1668297600,\n      1257.25,\n      1274.23,\n      1200.66,\n      1221.49\n    ],\n    [\n      1668211200,\n      1289.35,\n      1292.16,\n      1238.7,\n      1257.25\n    ],\n    [\n      1668124800,\n      1299.28,\n      1310,\n      1201.26,\n      1289.28\n    ],\n    [\n      1668038400,\n      1102.73,\n      1350,\n      1085.93,\n      1299.28\n    ],\n    [\n      1667952000,\n      1334.78,\n      1337.16,\n      1073.53,\n      1102.73\n    ],\n    [\n      1667865600,\n      1568.09,\n      1579.98,\n      1233,\n      1334.77\n    ],\n    [\n      1667779200,\n      1568.25,\n      1608.04,\n      1545.03,\n      1568.1\n    ],\n    [\n      1667692800,\n      1626.98,\n      1639.02,\n      1564.39,\n      1568.29\n    ],\n    [\n      1667606400,\n      1644.78,\n      1666.97,\n      1621.42,\n      1626.98\n    ],\n    [\n      1667520000,\n      1531.01,\n      1680,\n      1528.4,\n      1644.78\n    ],\n    [\n      1667433600,\n      1518.33,\n      1559.01,\n      1515.17,\n      1531.01\n    ],\n    [\n      1667347200,\n      1578.47,\n      1621.68,\n      1502.32,\n      1518.34\n    ],\n    [\n      1667260800,\n      1572.69,\n      1612.92,\n      1563.69,\n      1578.48\n    ],\n    [\n      1667174400,\n      1590.45,\n      1635.8,\n      1545.43,\n      1572.69\n    ],\n    [\n      1667088000,\n      1619.55,\n      1640.06,\n      1576.56,\n      1590.44\n    ],\n    [\n      1667001600,\n      1554.4,\n      1663.06,\n      1547.66,\n      1619.55\n    ],\n    [\n      1666915200,\n      1514.04,\n      1574.9,\n      1479.82,\n      1554.41\n    ],\n    [\n      1666828800,\n      1566.11,\n      1578.58,\n      1503.2,\n      1514.05\n    ],\n    [\n      1666742400,\n      1459.74,\n      1594.99,\n      1457.44,\n      1566.1\n    ],\n    [\n      1666656000,\n      1343.61,\n      1525.16,\n      1334.94,\n      1459.74\n    ],\n    [\n      1666569600,\n      1364.19,\n      1370.6,\n      1324.17,\n      1343.61\n    ],\n    [\n      1666483200,\n      1313.62,\n      1371.55,\n      1299.44,\n      1364.2\n    ],\n    [\n      1666396800,\n      1299.76,\n      1320.2,\n      1294.32,\n      1313.61\n    ],\n    [\n      1666310400,\n      1282.57,\n      1306.97,\n      1252.65,\n      1299.75\n    ],\n    [\n      1666224000,\n      1285.09,\n      1310.87,\n      1270.36,\n      1282.57\n    ],\n    [\n      1666137600,\n      1310.71,\n      1313.5,\n      1280.31,\n      1285.09\n    ],\n    [\n      1666051200,\n      1331.39,\n      1341.73,\n      1286.72,\n      1310.71\n    ],\n    [\n      1665964800,\n      1305.96,\n      1338.57,\n      1295.64,\n      1331.4\n    ],\n    [\n      1665878400,\n      1274.93,\n      1315.35,\n      1274.67,\n      1305.95\n    ],\n    [\n      1665792000,\n      1296.26,\n      1301.69,\n      1263.64,\n      1274.92\n    ],\n    [\n      1665705600,\n      1287.08,\n      1343.12,\n      1283.39,\n      1296.27\n    ],\n    [\n      1665619200,\n      1294.44,\n      1301.58,\n      1190,\n      1287.08\n    ],\n    [\n      1665532800,\n      1280.11,\n      1306.87,\n      1275.25,\n      1294.44\n    ],\n    [\n      1665446400,\n      1290.03,\n      1298,\n      1267.01,\n      1280.11\n    ],\n    [\n      1665360000,\n      1323.13,\n      1338,\n      1288,\n      1290.03\n    ],\n    [\n      1665273600,\n      1315.48,\n      1329,\n      1307.26,\n      1323.13\n    ],\n    [\n      1665187200,\n      1331.1,\n      1337.35,\n      1303.51,\n      1315.48\n    ],\n    [\n      1665100800,\n      1352.07,\n      1361.75,\n      1317.26,\n      1331.1\n    ],\n    [\n      1665014400,\n      1352.2,\n      1383.99,\n      1345.01,\n      1352.06\n    ],\n    [\n      1664928000,\n      1361.5,\n      1364.77,\n      1316.29,\n      1352.2\n    ],\n    [\n      1664841600,\n      1323.1,\n      1369.55,\n      1318.66,\n      1361.49\n    ],\n    [\n      1664755200,\n      1276.72,\n      1329.9,\n      1263.04,\n      1323.09\n    ],\n    [\n      1664668800,\n      1311.79,\n      1317.93,\n      1270,\n      1276.72\n    ],\n    [\n      1664582400,\n      1328.71,\n      1333.69,\n      1302.68,\n      1311.79\n    ],\n    [\n      1664496000,\n      1335.69,\n      1373.19,\n      1313.35,\n      1328.72\n    ],\n    [\n      1664409600,\n      1337.2,\n      1352.02,\n      1288.52,\n      1335.7\n    ],\n    [\n      1664323200,\n      1328.01,\n      1355.7,\n      1253.2,\n      1337.2\n    ],\n    [\n      1664236800,\n      1336.17,\n      1400,\n      1303.75,\n      1328.02\n    ],\n    [\n      1664150400,\n      1294.62,\n      1340.42,\n      1277.85,\n      1336.17\n    ],\n    [\n      1664064000,\n      1317.13,\n      1337,\n      1269.27,\n      1294.63\n    ],\n    [\n      1663977600,\n      1327.24,\n      1349.33,\n      1306.52,\n      1317.13\n    ],\n    [\n      1663891200,\n      1326.47,\n      1360,\n      1262.15,\n      1327.25\n    ],\n    [\n      1663804800,\n      1245.79,\n      1350.08,\n      1237.32,\n      1326.46\n    ],\n    [\n      1663718400,\n      1322.94,\n      1408.9,\n      1220,\n      1245.78\n    ],\n    [\n      1663632000,\n      1375.98,\n      1384.78,\n      1312.71,\n      1322.93\n    ],\n    [\n      1663545600,\n      1334.51,\n      1393.35,\n      1280,\n      1375.98\n    ],\n    [\n      1663459200,\n      1468.82,\n      1469.63,\n      1325.55,\n      1334.51\n    ],\n    [\n      1663372800,\n      1433.9,\n      1476.13,\n      1409.12,\n      1468.83\n    ],\n    [\n      1663286400,\n      1472.76,\n      1483.35,\n      1405.52,\n      1433.9\n    ],\n    [\n      1663200000,\n      1638.4,\n      1655.2,\n      1458,\n      1472.75\n    ],\n    [\n      1663113600,\n      1574.4,\n      1647.01,\n      1552.38,\n      1638.39\n    ],\n    [\n      1663027200,\n      1716.37,\n      1760.51,\n      1560.54,\n      1574.4\n    ],\n    [\n      1662940800,\n      1766.12,\n      1783,\n      1693,\n      1716.37\n    ],\n    [\n      1662854400,\n      1774.12,\n      1789,\n      1720.1,\n      1766.11\n    ],\n    [\n      1662768000,\n      1718.24,\n      1789,\n      1706.03,\n      1774.12\n    ],\n    [\n      1662681600,\n      1635.37,\n      1746.13,\n      1630.51,\n      1718.23\n    ],\n    [\n      1662595200,\n      1630,\n      1663.56,\n      1595.06,\n      1635.37\n    ],\n    [\n      1662508800,\n      1559.01,\n      1657.5,\n      1490.66,\n      1630\n    ],\n    [\n      1662422400,\n      1617.8,\n      1687.4,\n      1555,\n      1559.01\n    ],\n    [\n      1662336000,\n      1579.29,\n      1631.99,\n      1556.56,\n      1617.8\n    ],\n    [\n      1662249600,\n      1557.45,\n      1583.66,\n      1540.66,\n      1579.28\n    ],\n    [\n      1662163200,\n      1575.35,\n      1582.71,\n      1534.28,\n      1557.46\n    ],\n    [\n      1662076800,\n      1586.17,\n      1650,\n      1546.41,\n      1575.35\n    ],\n    [\n      1661990400,\n      1554.11,\n      1599,\n      1512.77,\n      1586.16\n    ],\n    [\n      1661904000,\n      1524.59,\n      1619.78,\n      1524.59,\n      1554.1\n    ],\n    [\n      1661817600,\n      1551.79,\n      1606.13,\n      1473.61,\n      1524.59\n    ],\n    [\n      1661731200,\n      1426.76,\n      1559.99,\n      1422.08,\n      1551.8\n    ],\n    [\n      1661644800,\n      1491.06,\n      1511,\n      1424,\n      1426.76\n    ],\n    [\n      1661558400,\n      1508.18,\n      1518.42,\n      1447.52,\n      1491.06\n    ],\n    [\n      1661472000,\n      1695.11,\n      1706.45,\n      1486.85,\n      1508.18\n    ],\n    [\n      1661385600,\n      1656.56,\n      1722,\n      1653.68,\n      1695.11\n    ],\n    [\n      1661299200,\n      1665.4,\n      1694.13,\n      1604.92,\n      1656.56\n    ],\n    [\n      1661212800,\n      1624.65,\n      1676.07,\n      1563.76,\n      1665.41\n    ],\n    [\n      1661126400,\n      1618.13,\n      1629.72,\n      1529.92,\n      1624.66\n    ],\n    [\n      1661040000,\n      1576.03,\n      1646.52,\n      1562.34,\n      1618.13\n    ],\n    [\n      1660953600,\n      1609,\n      1657.08,\n      1523.67,\n      1576.04\n    ],\n    [\n      1660867200,\n      1846.39,\n      1848,\n      1602.37,\n      1609.01\n    ],\n    [\n      1660780800,\n      1834.24,\n      1882.37,\n      1821.25,\n      1846.39\n    ],\n    [\n      1660694400,\n      1876.67,\n      1959.43,\n      1818.74,\n      1834.25\n    ],\n    [\n      1660608000,\n      1899.05,\n      1915,\n      1853,\n      1876.67\n    ],\n    [\n      1660521600,\n      1935.32,\n      2012.47,\n      1872.31,\n      1899.06\n    ],\n    [\n      1660435200,\n      1983.55,\n      2030,\n      1906,\n      1935.31\n    ],\n    [\n      1660348800,\n      1958.28,\n      2020,\n      1946.5,\n      1983.55\n    ],\n    [\n      1660262400,\n      1880.19,\n      1964.71,\n      1853.06,\n      1958.28\n    ],\n    [\n      1660176000,\n      1853.58,\n      1942,\n      1850.32,\n      1880.19\n    ],\n    [\n      1660089600,\n      1702.76,\n      1885,\n      1656.78,\n      1853.57\n    ],\n    [\n      1660003200,\n      1777.05,\n      1790.83,\n      1667.93,\n      1702.76\n    ],\n    [\n      1659916800,\n      1700.2,\n      1818,\n      1693.87,\n      1777.05\n    ],\n    [\n      1659830400,\n      1690.6,\n      1729.79,\n      1668,\n      1700.19\n    ],\n    [\n      1659744000,\n      1736.81,\n      1749.93,\n      1685.26,\n      1690.6\n    ],\n    [\n      1659657600,\n      1607.97,\n      1742.07,\n      1605.64,\n      1736.81\n    ],\n    [\n      1659571200,\n      1618.16,\n      1662.79,\n      1580.39,\n      1607.96\n    ],\n    [\n      1659484800,\n      1630.91,\n      1685.03,\n      1589.71,\n      1618.16\n    ],\n    [\n      1659398400,\n      1630.28,\n      1678,\n      1559.28,\n      1630.91\n    ],\n    [\n      1659312000,\n      1678.12,\n      1704.68,\n      1606.12,\n      1630.28\n    ],\n    [\n      1659225600,\n      1697,\n      1754.69,\n      1666,\n      1678.12\n    ],\n    [\n      1659139200,\n      1721.68,\n      1744.85,\n      1673.01,\n      1697\n    ],\n    [\n      1659052800,\n      1724.52,\n      1765.99,\n      1655.02,\n      1721.68\n    ],\n    [\n      1658966400,\n      1635.74,\n      1784.79,\n      1593.27,\n      1724.52\n    ],\n    [\n      1658880000,\n      1449.12,\n      1644.44,\n      1420.83,\n      1635.74\n    ],\n    [\n      1658793600,\n      1440.79,\n      1454.11,\n      1356.17,\n      1449.12\n    ],\n    [\n      1658707200,\n      1597.7,\n      1609.55,\n      1435.58,\n      1440.79\n    ],\n    [\n      1658620800,\n      1548.66,\n      1664.34,\n      1545.67,\n      1597.7\n    ],\n    [\n      1658534400,\n      1535.27,\n      1596.51,\n      1488,\n      1548.67\n    ],\n    [\n      1658448000,\n      1575.45,\n      1650.05,\n      1516.11,\n      1535.27\n    ],\n    [\n      1658361600,\n      1521.63,\n      1605.98,\n      1463.56,\n      1575.45\n    ],\n    [\n      1658275200,\n      1542.33,\n      1620.4,\n      1484.23,\n      1521.58\n    ],\n    [\n      1658188800,\n      1581.03,\n      1631,\n      1493.11,\n      1542.32\n    ],\n    [\n      1658102400,\n      1338.65,\n      1597.47,\n      1336.07,\n      1581.04\n    ],\n    [\n      1658016000,\n      1355.84,\n      1387,\n      1319.04,\n      1338.65\n    ],\n    [\n      1657929600,\n      1231.25,\n      1422.91,\n      1191.23,\n      1355.85\n    ],\n    [\n      1657843200,\n      1193.42,\n      1287.82,\n      1181.05,\n      1231.25\n    ],\n    [\n      1657756800,\n      1115.01,\n      1214.65,\n      1072.11,\n      1193.42\n    ],\n    [\n      1657670400,\n      1038.58,\n      1119.18,\n      1006.32,\n      1115\n    ],\n    [\n      1657584000,\n      1096.37,\n      1098.26,\n      1033.46,\n      1038.58\n    ],\n    [\n      1657497600,\n      1168.37,\n      1171.29,\n      1091.71,\n      1096.4\n    ],\n    [\n      1657411200,\n      1217.02,\n      1219.95,\n      1153,\n      1168.36\n    ],\n    [\n      1657324800,\n      1214.03,\n      1235.4,\n      1204.67,\n      1217.02\n    ],\n    [\n      1657238400,\n      1237.49,\n      1276.46,\n      1193.15,\n      1214.04\n    ],\n    [\n      1657152000,\n      1186.57,\n      1254.29,\n      1163.18,\n      1237.49\n    ],\n    [\n      1657065600,\n      1132.51,\n      1205,\n      1111.44,\n      1186.57\n    ],\n    [\n      1656979200,\n      1151.01,\n      1174.9,\n      1076.34,\n      1132.5\n    ],\n    [\n      1656892800,\n      1074.26,\n      1160.9,\n      1045.37,\n      1151\n    ],\n    [\n      1656806400,\n      1067.01,\n      1088.34,\n      1040.78,\n      1074.26\n    ],\n    [\n      1656720000,\n      1059.73,\n      1078.88,\n      1028.29,\n      1067.01\n    ],\n    [\n      1656633600,\n      1071.02,\n      1117,\n      1033.44,\n      1059.73\n    ],\n    [\n      1656547200,\n      1100.21,\n      1106.62,\n      998,\n      1071.01\n    ],\n    [\n      1656460800,\n      1144.05,\n      1156.8,\n      1087.42,\n      1100.21\n    ],\n    [\n      1656374400,\n      1192.51,\n      1237.99,\n      1136.32,\n      1144.05\n    ],\n    [\n      1656288000,\n      1197.79,\n      1238.93,\n      1172.49,\n      1192.51\n    ],\n    [\n      1656201600,\n      1242.31,\n      1280,\n      1194.6,\n      1197.79\n    ],\n    [\n      1656115200,\n      1225.02,\n      1256.77,\n      1180,\n      1242.36\n    ],\n    [\n      1656028800,\n      1144.71,\n      1245.43,\n      1132,\n      1225.02\n    ],\n    [\n      1655942400,\n      1050.19,\n      1155,\n      1045.3,\n      1144.72\n    ],\n    [\n      1655856000,\n      1125.86,\n      1127.33,\n      1043.65,\n      1050.19\n    ],\n    [\n      1655769600,\n      1128.24,\n      1194,\n      1109.23,\n      1125.85\n    ],\n    [\n      1655683200,\n      1128.53,\n      1170,\n      1053,\n      1128.24\n    ],\n    [\n      1655596800,\n      995.12,\n      1158.62,\n      936.15,\n      1128.53\n    ],\n    [\n      1655510400,\n      1086.93,\n      1097.58,\n      881.56,\n      995.13\n    ],\n    [\n      1655424000,\n      1068.5,\n      1118,\n      1051.11,\n      1086.94\n    ],\n    [\n      1655337600,\n      1237.53,\n      1257.85,\n      1051.55,\n      1068.5\n    ],\n    [\n      1655251200,\n      1208.9,\n      1250,\n      1014.4,\n      1237.52\n    ],\n    [\n      1655164800,\n      1209.35,\n      1268.45,\n      1075.8,\n      1208.9\n    ],\n    [\n      1655078400,\n      1434.84,\n      1455,\n      1165.45,\n      1209.82\n    ],\n    [\n      1654992000,\n      1532.89,\n      1547,\n      1423,\n      1434.84\n    ],\n    [\n      1654905600,\n      1662.91,\n      1682.21,\n      1496.74,\n      1532.89\n    ],\n    [\n      1654819200,\n      1788.8,\n      1804.32,\n      1655.93,\n      1662.91\n    ],\n    [\n      1654732800,\n      1791.88,\n      1833,\n      1777.33,\n      1788.81\n    ],\n    [\n      1654646400,\n      1813.33,\n      1838.77,\n      1765.28,\n      1791.88\n    ],\n    [\n      1654560000,\n      1859.84,\n      1874.98,\n      1725.13,\n      1813.33\n    ],\n    [\n      1654473600,\n      1806.22,\n      1920,\n      1804.35,\n      1859.84\n    ],\n    [\n      1654387200,\n      1804.58,\n      1830.17,\n      1773.05,\n      1806.23\n    ],\n    [\n      1654300800,\n      1775.13,\n      1816,\n      1748.43,\n      1804.58\n    ],\n    [\n      1654214400,\n      1834.09,\n      1843.91,\n      1737,\n      1775.12\n    ],\n    [\n      1654128000,\n      1817.96,\n      1853.05,\n      1782.42,\n      1834.08\n    ],\n    [\n      1654041600,\n      1941.9,\n      1972.58,\n      1763.75,\n      1817.95\n    ],\n    [\n      1653955200,\n      1998.78,\n      2016.45,\n      1925,\n      1941.9\n    ],\n    [\n      1653868800,\n      1813.64,\n      2013,\n      1803.18,\n      1998.78\n    ],\n    [\n      1653782400,\n      1792.21,\n      1827.4,\n      1759.96,\n      1813.64\n    ],\n    [\n      1653696000,\n      1727.26,\n      1808.98,\n      1722.26,\n      1792.22\n    ],\n    [\n      1653609600,\n      1792.24,\n      1822.26,\n      1703,\n      1727.27\n    ],\n    [\n      1653523200,\n      1942.64,\n      1966.01,\n      1735,\n      1792.23\n    ],\n    [\n      1653436800,\n      1979.4,\n      2022.34,\n      1934.61,\n      1942.63\n    ],\n    [\n      1653350400,\n      1973.33,\n      1993.83,\n      1913.02,\n      1979.41\n    ],\n    [\n      1653264000,\n      2043.19,\n      2088.5,\n      1957.12,\n      1973.32\n    ],\n    [\n      1653177600,\n      1975.06,\n      2056.41,\n      1966.33,\n      2043.19\n    ],\n    [\n      1653091200,\n      1959.08,\n      1990.86,\n      1937.36,\n      1975.07\n    ],\n    [\n      1653004800,\n      2019.55,\n      2064,\n      1923,\n      1959.08\n    ],\n    [\n      1652918400,\n      1915.11,\n      2040.39,\n      1903.18,\n      2019.55\n    ],\n    [\n      1652832000,\n      2090.72,\n      2110.72,\n      1908,\n      1915.11\n    ],\n    [\n      1652745600,\n      2023.66,\n      2122.42,\n      2008,\n      2090.72\n    ],\n    [\n      1652659200,\n      2145.29,\n      2145.29,\n      1979.12,\n      2023.66\n    ],\n    [\n      1652572800,\n      2056.47,\n      2167,\n      2000.68,\n      2145.29\n    ],\n    [\n      1652486400,\n      2009.69,\n      2070.06,\n      1951.21,\n      2056.48\n    ],\n    [\n      1652400000,\n      1960.22,\n      2147.54,\n      1940.23,\n      2009.69\n    ],\n    [\n      1652313600,\n      2084.99,\n      2195,\n      1800,\n      1960.22\n    ],\n    [\n      1652227200,\n      2342.04,\n      2451.37,\n      2005,\n      2084.99\n    ],\n    [\n      1652140800,\n      2229,\n      2457.34,\n      2200,\n      2342.05\n    ],\n    [\n      1652054400,\n      2519.71,\n      2530.78,\n      2225,\n      2228.55\n    ],\n    [\n      1651968000,\n      2635.35,\n      2642,\n      2484,\n      2519.71\n    ],\n    [\n      1651881600,\n      2692.86,\n      2704.36,\n      2584.75,\n      2635.34\n    ],\n    [\n      1651795200,\n      2747.96,\n      2758.18,\n      2632.95,\n      2692.85\n    ],\n    [\n      1651708800,\n      2940.65,\n      2954.65,\n      2683,\n      2747.97\n    ],\n    [\n      1651622400,\n      2781.7,\n      2965.85,\n      2771.74,\n      2940.64\n    ],\n    [\n      1651536000,\n      2856.54,\n      2861.47,\n      2755.19,\n      2781.7\n    ],\n    [\n      1651449600,\n      2824.81,\n      2894.22,\n      2778.78,\n      2856.54\n    ],\n    [\n      1651363200,\n      2726.67,\n      2849.9,\n      2716.13,\n      2824.81\n    ],\n    [\n      1651276800,\n      2817.13,\n      2841.63,\n      2709.26,\n      2726.66\n    ],\n    [\n      1651190400,\n      2936.92,\n      2946.46,\n      2776.63,\n      2817.13\n    ],\n    [\n      1651104000,\n      2888.95,\n      2980,\n      2853.83,\n      2936.93\n    ],\n    [\n      1651017600,\n      2809.68,\n      2919.87,\n      2794.46,\n      2888.96\n    ],\n    [\n      1650931200,\n      3006.63,\n      3039.54,\n      2767,\n      2809.67\n    ],\n    [\n      1650844800,\n      2920.99,\n      3025.65,\n      2797.01,\n      3006.62\n    ],\n    [\n      1650758400,\n      2933.04,\n      2967.06,\n      2912.09,\n      2921\n    ],\n    [\n      1650672000,\n      2962.39,\n      2978.03,\n      2913.89,\n      2933.03\n    ],\n    [\n      1650585600,\n      2983.57,\n      3034.32,\n      2930.35,\n      2962.39\n    ],\n    [\n      1650499200,\n      3076.03,\n      3180,\n      2942.31,\n      2983.58\n    ],\n    [\n      1650412800,\n      3101.74,\n      3166.5,\n      3036.45,\n      3076.04\n    ],\n    [\n      1650326400,\n      3055.56,\n      3131,\n      3030.34,\n      3101.77\n    ],\n    [\n      1650240000,\n      2988.07,\n      3069.6,\n      2883.22,\n      3055.56\n    ],\n    [\n      1650153600,\n      3059.3,\n      3083,\n      2981.7,\n      2988.06\n    ],\n    [\n      1650067200,\n      3040.57,\n      3086.1,\n      3010.03,\n      3059.3\n    ],\n    [\n      1649980800,\n      3021.98,\n      3060.92,\n      2993.13,\n      3040.56\n    ],\n    [\n      1649894400,\n      3118.28,\n      3145,\n      2976.3,\n      3021.98\n    ],\n    [\n      1649808000,\n      3027.65,\n      3128.97,\n      2996.86,\n      3118.28\n    ],\n    [\n      1649721600,\n      2979.75,\n      3085,\n      2950,\n      3027.66\n    ],\n    [\n      1649635200,\n      3203.04,\n      3213.63,\n      2950,\n      2979.74\n    ],\n    [\n      1649548800,\n      3258.57,\n      3307.22,\n      3193,\n      3203.04\n    ],\n    [\n      1649462400,\n      3192.39,\n      3268.4,\n      3181.28,\n      3258.57\n    ],\n    [\n      1649376000,\n      3227.2,\n      3314.02,\n      3173.52,\n      3192.39\n    ],\n    [\n      1649289600,\n      3168.52,\n      3268.98,\n      3143.15,\n      3227.19\n    ],\n    [\n      1649203200,\n      3407,\n      3407.5,\n      3162.39,\n      3168.51\n    ],\n    [\n      1649116800,\n      3519.5,\n      3555,\n      3400,\n      3406.99\n    ],\n    [\n      1649030400,\n      3521.9,\n      3547,\n      3405.97,\n      3519.5\n    ],\n    [\n      1648944000,\n      3443.77,\n      3580.34,\n      3412.11,\n      3521.91\n    ],\n    [\n      1648857600,\n      3455.2,\n      3532.2,\n      3433.14,\n      3443.77\n    ],\n    [\n      1648771200,\n      3281.51,\n      3481.29,\n      3210.68,\n      3455.21\n    ],\n    [\n      1648684800,\n      3385.8,\n      3444.83,\n      3261.35,\n      3281.51\n    ],\n    [\n      1648598400,\n      3400.51,\n      3446.9,\n      3331.84,\n      3385.79\n    ],\n    [\n      1648512000,\n      3332.91,\n      3481.87,\n      3329.68,\n      3400.51\n    ],\n    [\n      1648425600,\n      3295.65,\n      3431.15,\n      3275.01,\n      3332.92\n    ],\n    [\n      1648339200,\n      3145.01,\n      3299.37,\n      3126.02,\n      3295.65\n    ],\n    [\n      1648252800,\n      3102.13,\n      3153.2,\n      3084.9,\n      3145\n    ],\n    [\n      1648166400,\n      3110.75,\n      3193.28,\n      3076,\n      3102.14\n    ],\n    [\n      1648080000,\n      3035.99,\n      3129.11,\n      2999.11,\n      3110.76\n    ],\n    [\n      1647993600,\n      2969.64,\n      3045.2,\n      2920.65,\n      3036\n    ],\n    [\n      1647907200,\n      2890.03,\n      3052.85,\n      2886.43,\n      2969.64\n    ],\n    [\n      1647820800,\n      2861.39,\n      2960.57,\n      2829.81,\n      2890.03\n    ],\n    [\n      1647734400,\n      2950.85,\n      2964.17,\n      2817.21,\n      2861.38\n    ],\n    [\n      1647648000,\n      2938.84,\n      2987.7,\n      2890.86,\n      2950.84\n    ],\n    [\n      1647561600,\n      2811.91,\n      2984,\n      2765.59,\n      2938.92\n    ],\n    [\n      1647475200,\n      2773.8,\n      2836,\n      2746.42,\n      2811.92\n    ],\n    [\n      1647388800,\n      2617.74,\n      2788,\n      2603.38,\n      2773.81\n    ],\n    [\n      1647302400,\n      2589.42,\n      2669,\n      2507,\n      2617.73\n    ]\n  ]\n}","timestamp":"2024-12-08T10:42:22.274Z"}
{"level":"info","message":"Fetching GMX candlesticks for Avalanche (AVAX, 1d)...","timestamp":"2024-12-08T10:42:22.279Z"}
{"level":"info","message":"Fetching GMX data for avalanche (candles) with params: {\"tokenSymbol\":\"AVAX\",\"period\":\"1d\"}","timestamp":"2024-12-08T10:42:22.279Z"}
{"level":"info","message":"Fetched GMX data: {\"period\":\"1d\",\"candles\":[[1733616000,51.64,52.1534,50.3766,51.1309],[1733529600,52.5546,53.127,51.2614,51.64],[1733443200,50.3499,53.5869,49.6468,52.5546],[1733356800,52.8498,53.653,49.4357,50.3499],[1733270400,50.9324,55.8484,50.8713,52.8498],[1733184000,52.2915,53.9402,47.8697,50.9324],[1733097600,45.124,52.504,45.0192,52.2915],[1733011200,44.8376,45.8071,43.7191,45.124],[1732924800,44.8756,46.2763,43.7089,44.8376],[1732838400,42.7783,45.0828,42.5366,44.8756],[1732752000,43.8251,44.2843,41.5161,42.7783],[1732665600,42.6884,44.4637,41.9368,43.8251],[1732579200,41.3167,43.3335,38.5043,42.6884],[1732492800,42.0871,47.9641,40.0713,41.3167],[1732406400,41.4717,43.1764,38.3505,42.0871],[1732320000,43.2468,45.3246,40.7297,41.4717],[1732233600,35.7947,43.5771,35.2106,43.2468],[1732147200,33.6123,36.2311,32.3445,35.7947],[1732060800,34.2709,35.7778,32.7985,33.6123],[1731974400,35.4962,35.6546,33.5651,34.2709],[1731888000,34.7209,36.1475,34.0948,35.4962],[1731801600,35.159,37.2697,33.1072,34.7209],[1731715200,33.1336,35.7407,32.8006,35.159],[1731628800,31.2026,33.3151,30.5978,33.1336],[1731542400,33.1544,34.7366,30.6812,31.2026],[1731456000,33.9755,35.1269,31.2452,33.1544],[1731369600,35.7556,37.7096,32.6893,33.9755],[1731283200,31.9072,35.8302,30.7295,35.7556],[1731196800,30.3815,33.3242,29.7074,31.9072],[1731110400,28.7978,30.4976,28.5059,30.3815],[1731024000,27.4035,28.81,27.1239,28.7978],[1730937600,27.0291,28.02,26.546,27.4035],[1730851200,23.9937,27.3201,23.9882,27.0291],[1730764800,22.7146,24.4765,22.5824,23.9937],[1730678400,23.525,23.9228,22.3342,22.7146],[1730592000,24.1177,24.2025,22.5935,23.525],[1730505600,24.7743,25.0092,23.963,24.1177],[1730419200,24.9886,25.7024,24.3839,24.7743],[1730332800,26.1664,26.22,24.6448,24.9886],[1730246400,26.8634,26.8997,25.989,26.1664],[1730160000,26.2381,27.1568,26.1539,26.8634],[1730073600,25.7417,26.5189,25.0188,26.2381],[1729987200,25.3727,25.9079,25.2134,25.7417],[1729900800,24.8844,25.6479,24.5123,25.3727],[1729814400,26.8148,26.8727,23.9925,24.8844],[1729728000,26.7285,27.2208,26.3555,26.8148],[1729641600,27.6237,27.6897,25.8545,26.7285],[1729555200,27.7426,28.2093,27.2276,27.6237],[1729468800,28.9585,29.3113,27.3691,27.7426],[1729382400,28.0949,28.9909,27.7576,28.9585],[1729296000,28.0926,28.4521,27.7109,28.0949],[1729209600,27.2931,28.1694,27.088,28.0926],[1729123200,28.0175,28.2617,26.8085,27.2931],[1729036800,28.2193,28.2229,27.2444,28.0175],[1728950400,29.0525,29.6103,27.5314,28.2193],[1728864000,29.0408,29.8504,28.6396,29.0525],[1728777600,28.6271,29.349,28.2901,29.0408],[1728691200,27.4443,29.3641,27.3805,28.6271],[1728604800,25.836,27.5849,25.7295,27.4443],[1728518400,25.7506,26.3422,25.0293,25.836],[1728432000,26.3325,26.6817,25.6585,25.7506],[1728345600,26.5562,27.179,26.0259,26.3325],[1728259200,26.9318,27.7313,26.5111,26.5562],[1728172800,25.6648,27.0789,25.4916,26.9318],[1728086400,26.2658,26.4186,25.0996,25.6648],[1728000000,24.6602,26.5004,24.4284,26.2658],[1727913600,25.3296,25.6647,23.8925,24.6602],[1727827200,25.818,26.7753,25.033,25.3296],[1727740800,27.7055,28.8857,25.0156,25.818],[1727654400,29.0412,29.1234,27.5529,27.7055],[1727568000,29.2899,29.4809,28.2455,29.0412],[1727481600,30.4396,30.7623,29.0349,29.2899],[1727395200,29.16,30.8615,28.9327,30.4396],[1727308800,27.2774,29.4289,26.9573,29.16],[1727222400,28.4666,28.4992,27.1472,27.2774],[1727136000,27.3847,28.5464,26.8367,28.4666],[1727049600,27.298,28.1735,26.5628,27.3847],[1726963200,27.7885,27.8064,26.4528,27.298],[1726876800,27.6758,28.1313,27.0062,27.7885],[1726790400,26.6678,28.7546,26.4752,27.6758],[1726704000,24.7037,26.793,24.6947,26.6678],[1726617600,23.7772,24.7429,22.7892,24.7037],[1726531200,23.5126,24.4917,23.1554,23.7772],[1726444800,23.7933,24.2361,23.2141,23.5126],[1726358400,25.3311,25.3876,23.6423,23.7933],[1726272000,24.9232,25.6649,24.6201,25.3311],[1726185600,24.0148,25.112,23.6676,24.9232],[1726099200,23.2799,24.1062,23.2632,24.0148],[1726012800,24.3539,24.5187,22.8697,23.2799],[1725926400,23.8473,24.5835,23.5708,24.3539],[1725840000,23.2436,24.3892,23.1322,23.8473],[1725753600,21.7939,23.5089,21.7089,23.2436],[1725667200,21.1581,22.0086,21.0448,21.7939],[1725580800,21.3665,22.1905,20.4682,21.1581],[1725494400,21.9053,22.1881,21.2151,21.3665],[1725408000,21.3813,22.321,20.4978,21.9053],[1725321600,22.3641,22.7268,21.3408,21.3813],[1725235200,21.4247,22.5671,21.3681,22.3641],[1725148800,22.8008,22.8376,21.1466,21.4247],[1725062400,23.2827,23.3947,22.4711,22.8008],[1724976000,22.8968,23.6406,22.1938,23.2827],[1724889600,23.4462,24.6874,22.7799,22.8968],[1724803200,24.0966,24.8391,23.1934,23.4462],[1724716800,25.9431,26.8126,23.6706,24.0966],[1724630400,26.9359,27.2132,25.8963,25.9431],[1724544000,27.1314,27.6908,26.1429,26.9359],[1724457600,26.5162,28.0103,26.2061,27.1314],[1724371200,25.2245,27.0335,25.2185,26.5162],[1724284800,23.5399,25.3013,23.0531,25.2245],[1724198400,22.265,23.8093,22.2469,23.5399],[1724112000,21.2195,22.7906,21.1668,22.265],[1724025600,20.8217,21.2566,20.3878,21.2195],[1723939200,20.7056,21.5188,20.5442,20.8217],[1723852800,20.3725,20.7116,20.2364,20.7056],[1723766400,20.1345,20.6902,19.7881,20.3725],[1723680000,20.9524,21.1539,19.8515,20.1345],[1723593600,21.384,21.8861,20.7783,20.9524],[1723507200,21.2714,21.631,20.602,21.384],[1723420800,20.4041,21.717,20.3012,21.2714],[1723334400,21.5876,22.3694,20.3879,20.4041],[1723248000,21.7508,22.0592,21.4078,21.5876],[1723161600,22.7461,22.8089,21.3032,21.7508],[1723075200,19.8537,22.8068,19.5257,22.7461],[1722988800,20.8966,21.7073,19.7032,19.8537],[1722902400,19.5416,21.4674,19.5175,20.8966],[1722816000,21.2374,21.3701,17.3316,19.5416],[1722729600,22.6622,22.9487,20.5887,21.2374],[1722643200,23.5735,24.0979,22.1836,22.6622],[1722556800,25.6864,25.8985,23.3296,23.5735],[1722470400,25.7011,25.9193,24.002,25.6864],[1722384000,26.3187,26.8612,25.4319,25.7011],[1722297600,26.9963,27.3119,26.0269,26.3187],[1722211200,27.3981,28.8482,26.9706,26.9963],[1722124800,28.0434,28.1789,27.1019,27.3981],[1722038400,28.7258,29.5215,27.5832,28.0434],[1721952000,27.2306,28.8647,27.1629,28.7258],[1721865600,28.3704,28.5836,26.2589,27.2306],[1721779200,29.8169,30.5526,28.2622,28.3704],[1721692800,31.8785,32.6338,29.4468,29.8169],[1721606400,32.6382,32.9525,31.3239,31.8785],[1721520000,29.1076,33.0037,28.5592,32.6382],[1721433600,28.1808,29.1895,27.7973,29.1076],[1721347200,27.1283,28.4283,26.6494,28.1808],[1721260800,27.2359,27.938,26.5919,27.1283],[1721174400,28.0186,29.0395,27.2122,27.2359],[1721088000,27.8427,29.2617,26.4785,28.0186],[1721001600,26.3597,27.9026,26.2719,27.8427],[1720915200,25.8636,26.6747,25.6117,26.3597],[1720828800,25.9734,26.3482,25.5374,25.8636],[1720742400,25.2032,26.1046,24.8163,25.9734],[1720656000,25.7534,26.3718,25.0194,25.2032],[1720569600,26.4344,27.4213,25.6265,25.7534],[1720483200,25.2033,26.5093,24.6978,26.4344],[1720396800,25.7416,27.2045,24.5444,25.2033],[1720310400,27.4075,27.4944,25.4698,25.7416],[1720224000,25.1355,27.6114,24.8771,27.4075],[1720137600,24.4392,25.4446,21.873,25.1355],[1720051200,26.4779,26.6694,24.2958,24.4392],[1719964800,28.6631,28.9252,26.4048,26.4779],[1719878400,28.7938,28.8779,28.0545,28.6631],[1719792000,29.3127,30.0777,28.7811,28.7938],[1719705600,27.7208,29.5215,27.3638,29.3127],[1719619200,27.902,28.6281,27.5342,27.7208],[1719532800,27.8773,29.0523,27.6334,27.902],[1719446400,25.8008,28.3467,25.3312,27.8773],[1719360000,25.3951,26.7238,25.2753,25.8008],[1719273600,24.779,25.77,24.5996,25.3951],[1719187200,25.0713,25.2226,23.5396,24.779],[1719100800,25.6096,25.997,24.1233,25.0713],[1719014400,27.466,27.4854,24.5139,25.6096],[1718928000,27.5727,28.0206,26.9223,27.466],[1718841600,26.9295,28.8662,26.68,27.5727],[1718755200,26.5942,27.6486,26.3842,26.9295],[1718668800,28.4482,28.5163,25.1591,26.5942],[1718582400,30.058,30.3278,27.3187,28.4482],[1718496000,29.991,30.4607,29.6572,30.058],[1718409600,30.2784,30.6303,29.9011,29.991],[1718323200,30.9835,32.0938,29.2943,30.2784],[1718236800,33.2693,33.4247,30.9269,30.9835],[1718150400,31.5407,33.9817,30.7909,33.2693],[1718064000,32.2712,32.3631,30.582,31.5407],[1717977600,32.9773,33.4611,32.03,32.2712],[1717891200,32.2762,33.0173,32.0387,32.9773],[1717804800,33.4964,33.7047,31.9387,32.2762],[1717718400,35.88,36.8527,30.9234,33.4964],[1717632000,36.5612,37.187,35.7172,35.88],[1717545600,36.06,36.8906,35.9254,36.5612],[1717459200,35.017,36.271,34.5005,36.06],[1717372800,34.8885,36.246,34.5471,35.017],[1717286400,35.7286,36.1482,34.757,34.8885],[1717200000,36.0008,36.1941,35.6687,35.7286],[1717113600,35.9597,36.7593,35.1912,36.0008],[1717027200,36.1679,37.0591,35.283,35.9597],[1716940800,36.9855,37.45,36.1224,36.1679],[1716854400,38.2332,38.3761,36.5132,36.9855],[1716768000,36.7484,38.9129,36.6385,38.2332],[1716681600,38.2762,38.3,36.4813,36.7484],[1716595200,37.9912,38.6883,37.7162,38.2762],[1716508800,38.5,38.9787,36.9093,37.9912],[1716422400,40.0027,40.4531,36.4787,38.5],[1716336000,41.1921,41.78,39.1925,40.0027],[1716249600,40.1312,41.3701,39.6756,41.1921],[1716163200,35.6042,40.29,35.1641,40.1312],[1716076800,37.2538,37.764,35.3942,35.6042],[1715990400,36.4339,37.6666,36.35,37.2538],[1715904000,34.4684,37.5892,34.2692,36.4339],[1715817600,34.6661,35.0046,33.7591,34.4684],[1715731200,31.5599,34.7791,31.365,34.6661],[1715644800,32.4493,33.2875,31.4644,31.5599],[1715558400,33.1243,33.8005,31.9179,32.4493],[1715472000,33.4775,33.9837,32.8422,33.1243],[1715385600,33.7093,34.0243,33.0593,33.4775],[1715299200,35.0645,36.0961,33.2387,33.7093],[1715212800,34.0132,35.3632,33.7333,35.0645],[1715126400,35.3016,35.5008,33.6433,34.0132],[1715040000,37.1138,37.6038,35.2716,35.3016],[1714953600,37.3668,39.8731,36.7837,37.1138],[1714867200,37.3693,37.9944,36.6885,37.3668],[1714780800,35.5609,37.6787,35.1874,37.3693],[1714694400,33.58,35.9394,33.31,35.5609],[1714608000,33.2908,34.1129,32.2629,33.58],[1714521600,32.6773,33.9114,30.5687,33.2908],[1714435200,35.2776,35.6987,31.8856,32.6773],[1714348800,33.9393,35.8574,32.8398,35.2776],[1714262400,34.4505,35.37,33.7897,33.9393],[1714176000,34.4134,35.1131,33.1336,34.4505],[1714089600,35.5872,35.8736,34.2667,34.4134],[1714003200,36.3386,36.7169,34.6874,35.5872],[1713916800,38.3026,39.8327,36.0138,36.3386],[1713830400,39.2134,39.9236,38.003,38.3026],[1713744000,37.1529,39.7235,36.7864,39.2034],[1713657600,38.3229,38.7731,36.3891,37.1529],[1713571200,34.6731,38.503,34.1565,38.3229],[1713484800,34.8566,36.1431,31.9638,34.6731],[1713398400,33.582,35.5974,32.8076,34.8566],[1713312000,34.7661,35.3562,32.2456,33.582],[1713225600,35.1727,35.9165,32.7159,34.7661],[1713139200,37.2839,38.6144,34.1414,35.1713],[1713052800,33.946,37.9141,32.68,37.2839],[1712966400,39.3673,39.3628,29.4449,33.946],[1712880000,46.0299,46.8697,35.88,39.3673],[1712793600,47.304,47.494,45.61,46.0299],[1712707200,46.4565,48.004,45.1368,47.304],[1712620800,49.8592,49.9641,46.3465,46.4565],[1712534400,49.32,50.8035,48.2645,49.8592],[1712448000,48.1992,49.4845,47.9095,49.32],[1712361600,45.33,48.8363,45.0725,48.1992],[1712275200,46.5221,46.6121,44.0009,45.33],[1712188800,45.8997,48.1829,45.4388,46.5221],[1712102400,46.8643,48.3145,44.9963,45.8997],[1712016000,51.3966,51.3916,46.3,46.8643],[1711929600,54.08,54.1494,50.2716,51.3966],[1711843200,52.9622,54.2725,52.9021,54.08],[1711756800,53.3649,54.637,52.8021,52.9622],[1711670400,54.6396,54.6596,52.5449,53.3649],[1711584000,54.0749,55.0145,53.1639,54.6396],[1711497600,55.7915,56.7316,53.0209,54.0749],[1711411200,57.7685,59.31,55.3514,55.7915],[1711324800,55.6945,59.1924,54.9451,57.7685],[1711238400,53.4586,55.822,52.4427,55.6945],[1711152000,53.4405,55.9506,52.6353,53.4586],[1711065600,53.8226,57.8085,51.6405,53.4405],[1710979200,57.07,57.8684,52.7774,53.8226],[1710892800,53.6042,58.1484,50.4145,57.07],[1710806400,60.617,61.8433,53.1671,53.6042],[1710720000,58.3935,65.3543,55.2583,60.617],[1710633600,53.4124,58.4236,50.0635,58.3935],[1710547200,58.3701,61.4306,51.9964,53.4124],[1710460800,53.9338,58.8608,48.34,58.3701],[1710374400,54.8456,59.295,50.474,53.9338],[1710288000,55.495,55.5251,52.2653,54.8456],[1710201600,49.1202,57.3527,46.4213,55.495],[1710115200,42.107,49.5623,40.089,49.1202],[1710028800,43.01,43.9993,40.996,42.107],[1709942400,42.7259,43.6484,42.4476,43.01],[1709856000,43.2641,44.0294,41.1603,42.7259],[1709769600,41.5812,44.5137,41.5712,43.2641],[1709683200,39.4903,42.1614,37.9655,41.5812],[1709596800,43.1434,45.1726,35,39.4903],[1709510400,42.61,44.0113,41.4564,43.1434],[1709424000,44.4019,44.9124,40.4091,42.61],[1709337600,42.7077,44.571,42.0168,44.4019],[1709251200,40.9736,43.37,40.9936,42.7077],[1709164800,40.3646,44.6448,39.6566,40.9736],[1709078400,39.2848,41.3189,36.4322,40.3646],[1708992000,39.2904,39.9264,38.3544,39.2848],[1708905600,37.4585,39.3504,36.2985,39.2904],[1708819200,36.7571,37.4885,36.425,37.4585],[1708732800,35.9108,36.9371,35.1959,36.7571],[1708646400,36.767,36.9315,35.3075,35.9108],[1708560000,37.6043,38.2006,36.5144,36.767],[1708473600,38.5073,38.5457,35.9045,37.6043],[1708387200,39.51,39.705,36.902,38.5073],[1708300800,40.3003,40.6404,39.1207,39.51],[1708214400,39.7708,40.7508,39.0006,40.3003],[1708128000,40.2788,40.4576,38.4134,39.7708],[1708041600,41.568,41.8051,39.4821,40.2788],[1707955200,42.2517,43.6248,40.9648,41.568],[1707868800,39.7474,42.4388,39.1473,42.2517],[1707782400,40.9921,41.7053,38.8947,39.7474],[1707696000,39.7371,41.1861,38.4,40.9921],[1707609600,40.2196,41.2096,39.381,39.7371],[1707523200,38.0121,41.2397,38.0121,40.2196],[1707436800,35.4214,38.6064,35.4157,38.0121],[1707350400,35.2711,36.1147,35.0727,35.4214],[1707264000,34.1354,35.4776,33.6251,35.2711],[1707177600,34.4946,34.6944,33.6914,34.1354],[1707091200,34.8435,35.8792,34.0841,34.5],[1707004800,35.9406,36.521,34.6777,34.8435],[1706918400,36.7502,37.562,35.3975,35.9406],[1706832000,33.8415,36.9254,33.7526,36.7502],[1706745600,33.1536,33.93,32.294,33.8415],[1706659200,35.2185,35.4885,33.1136,33.1536],[1706572800,36.0662,37.1412,35.0065,35.2185],[1706486400,34.8226,36.5329,34.3526,36.0662],[1706400000,33.2829,36.7,33.2065,34.8226],[1706313600,32.2575,33.3029,31.8648,33.2829],[1706227200,30.4953,33.0889,30.1189,32.2575],[1706140800,31.1865,31.3432,29.61,30.4953],[1706054400,30.609,31.8814,29.48,31.1865],[1705968000,29.501,30.67,27.22,30.609],[1705881600,32.5234,32.7117,29.3151,29.501],[1705795200,32.8618,33.4616,32.44,32.5234],[1705708800,32.7102,32.962,32.0176,32.8618],[1705622400,33.5652,33.7201,31.177,32.7102],[1705536000,36.0536,36.1668,32.6938,33.5652],[1705449600,35.5626,36.4843,35.2519,36.0536],[1705363200,35.5937,36.5143,34.7698,35.5611],[1705276800,35.2878,36.7754,35.1416,35.5937],[1705190400,36.4889,37.8576,35.2778,35.2878],[1705104000,35.9007,36.6279,34.708,36.4889],[1705017600,39.3072,39.58,34.6491,35.9007],[1704931200,38.5425,41.7747,37.5622,39.3072],[1704844800,34.6631,39.5514,33.3854,38.5425],[1704758400,36.0959,37.6165,33.8028,34.6631],[1704672000,33.67,36.436,31.1793,36.0959],[1704585600,34.6469,35.7978,33.1398,33.67],[1704499200,36.4794,36.5294,33.4559,34.6469],[1704412800,38.7799,38.9546,35.0261,36.4794],[1704326400,36.8133,39.4605,36.12,38.7799],[1704240000,40.625,41.4336,33.0722,36.8133],[1704153600,41.9499,43.4303,40.3449,40.625],[1704067200,38.5501,42,38.0463,41.9499],[1703980800,39.3257,40.5155,37.6132,38.5501],[1703894400,40.18,40.3645,38.1685,39.3257],[1703808000,39.8481,42.1593,38.5298,40.18],[1703721600,42.4343,43.4147,39.258,39.8481],[1703635200,44.3986,44.93,41.8845,42.4343],[1703548800,48.1874,48.3348,40.7656,44.3986],[1703462400,47.71,48.9204,45.9995,48.1874],[1703376000,48.0723,49.9136,46.4215,47.71],[1703289600,45.3788,48.2824,43.4538,48.0723],[1703203200,45.9665,48.8663,43.6784,45.3788],[1703116800,43.4688,47.37,43.0682,45.9665],[1703030400,39.7314,44.4796,39.0829,43.4688],[1702944000,41.1386,42.1284,38.7493,39.73],[1702857600,40.5741,41.3832,36.4854,41.1386],[1702771200,42.19,43.9945,40.25,40.5741],[1702684800,39.7116,45.3111,38.5134,42.19],[1702598400,39.2943,42.2527,38.5316,39.7116],[1702512000,38.9754,40.3421,36.7593,39.2943],[1702425600,37.4489,41.4583,34.0589,38.9754],[1702339200,38.0065,42.8478,35.9775,37.4489],[1702252800,37.1557,39.3708,32.1406,38.0065],[1702166400,31.91,37.9695,31.5579,37.1557],[1702080000,30.4599,34.262,30.4698,31.91],[1701993600,26.2801,30.7984,26.0602,30.4599],[1701907200,26.2035,27.8837,25.7535,26.2801],[1701820800,24.5474,27.6566,24.4699,26.2035],[1701734400,22.6819,24.826,21.8109,24.5474],[1701648000,21.9477,23.1981,20.6836,22.6819],[1701561600,22.25,22.75,21.6097,21.9477],[1701475200,21.8638,22.4394,21.7585,22.25],[1701388800,21.393,22.6363,21.1159,21.8638],[1701302400,21.1152,21.5017,20.8236,21.393],[1701216000,20.6904,21.5756,20.5654,21.1152],[1701129600,20.3593,20.8542,19.5268,20.6904],[1701043200,21.0709,21.308,19.8374,20.3593],[1700956800,21.3707,21.5143,20.1217,21.0709],[1700870400,20.9082,21.4887,20.658,21.3707],[1700784000,20.6415,21.8733,20.4531,20.9082],[1700697600,20.79,21.4883,20.4479,20.6415],[1700611200,19.0152,21.2458,18.9951,20.79],[1700524800,20.8617,22.2822,18.9291,19.0152],[1700438400,22.8539,23.2595,20.7285,20.8617],[1700352000,22.0025,23.0494,20.7718,22.8539],[1700265600,21.9483,22.6886,20.1877,22.0025],[1700179200,21.71,24.67,20,21.9483],[1700092800,20.7042,24.05,20.2549,21.71],[1700006400,17.0509,20.9406,17.0209,20.7042],[1699920000,16.1185,18.1079,15.5789,17.0509],[1699833600,18.9873,19.7376,16.116,16.1235],[1699747200,16.8019,19.7376,15.9003,18.9873],[1699660800,14.7493,16.9939,14.0091,16.8019],[1699574400,12.9712,14.8588,12.9022,14.7493],[1699488000,12.994,13.9553,11.9823,12.9712],[1699401600,12.8166,13.15,12.67,12.994],[1699315200,13.0804,13.1014,12.3013,12.8166],[1699228800,12.3583,13.1688,12.2491,13.0804],[1699142400,12.2254,12.6792,12.1108,12.3583],[1699056000,12.1137,12.333,11.9317,12.2254],[1698969600,11.8811,12.19,11.451,12.1137],[1698883200,12.2336,12.5457,11.4383,11.8811],[1698796800,11.3366,12.3272,10.884,12.2342],[1698710400,11.4633,11.7634,11.0163,11.3366],[1698624000,11.3746,11.6847,11.0692,11.4633],[1698537600,10.9722,11.44,10.7922,11.3746],[1698451200,10.5938,11.0809,10.5518,10.9722],[1698364800,11.0508,11.0608,10.4022,10.5938],[1698278400,10.5237,11.472,10.3715,11.0508],[1698192000,10.32,10.632,10.1696,10.5237],[1698105600,10.5878,10.8057,10.0958,10.32],[1698019200,10.08456,10.67283,9.87153,10.5878],[1697932800,9.63736,10.09312,9.54448,10.08456],[1697846400,9.22378,9.81402,9.18,9.63736],[1697760000,9.07,9.38587,9.03324,9.22378],[1697673600,8.91138,9.12,8.65615,9.07],[1697587200,9.10993,9.21095,8.84548,8.91138],[1697500800,9.40256,9.41128,9.01623,9.10993],[1697414400,9.17046,9.81025,9.17,9.40256],[1697328000,9.14834,9.26234,9.07828,9.17046],[1697241600,9.1498,9.2474,9.12057,9.14834],[1697155200,9.11836,9.33707,9.02675,9.1498],[1697068800,9.3,9.31531,8.88848,9.11836],[1696982400,9.53063,9.57063,9.21861,9.3],[1696896000,9.5403,9.85,9.42217,9.53063],[1696809600,10.0863,10.09,9.30516,9.5403],[1696723200,10.35772,10.53554,9.97262,10.0863],[1696636800,10.6602,11.863,10.26,10.3577],[1696550400,10.1413,10.83,10.1308,10.6602],[1696464000,10.10484,10.32035,9.82653,10.14125],[1696377600,9.42,10.28035,9.12507,10.10484],[1696291200,9.31723,9.47507,9.23172,9.42],[1696204800,9.75155,9.83078,9.175,9.31723],[1696118400,9.24187,9.82578,9.21897,9.75155],[1696032000,9.17932,9.29482,9.11732,9.24187],[1695945600,9.27,9.36,9.07849,9.17932],[1695859200,8.92223,9.35145,8.90375,9.27],[1695772800,9.04,9.18278,8.82573,8.92],[1695686400,8.94852,9.0652,8.85786,9.04],[1695600000,8.78176,8.95886,8.63086,8.94852],[1695513600,8.90178,9.0517,8.75,8.78176],[1695427200,8.86609,8.9816,8.83009,8.90178],[1695340800,8.82996,8.91996,8.73991,8.86609],[1695254400,9.04991,9.10991,8.77991,8.82996],[1695168000,9.21184,9.24,8.87177,9.04991],[1695081600,9.11045,9.30789,9.04184,9.21184],[1694995200,9.10115,9.31236,8.82112,9.11045],[1694908800,9.38244,9.38244,9.02229,9.10115],[1694822400,9.43017,9.61008,9.36016,9.38244],[1694736000,9.40132,9.51133,9.18814,9.43017],[1694649600,9.29077,9.47039,9.25077,9.40132],[1694563200,9.21963,9.44924,9.10664,9.29077],[1694476800,9.23,9.57856,9.2,9.21963],[1694390400,9.45844,9.51,9.06,9.23],[1694304000,9.83827,9.83827,9.21838,9.45844],[1694217600,9.92085,9.92085,9.82914,9.83827],[1694131200,10.09,10.14247,9.8351,9.92085],[1694044800,9.94461,10.13495,9.83467,10.09],[1693958400,9.90942,10.04578,9.77295,9.94461],[1693872000,9.80173,9.95841,9.65845,9.90942],[1693785600,9.87749,10.03872,9.6869,9.80173],[1693699200,9.91268,9.98993,9.82994,9.87749],[1693612800,9.92327,9.96056,9.75912,9.91268],[1693526400,9.97955,10.05955,9.75815,9.92327],[1693440000,10.41137,10.54138,9.83129,9.97955],[1693353600,10.8174,10.8279,10.3308,10.4114],[1693267200,10.3648,11.1943,10.3248,10.8109],[1693180800,10.2,10.43977,9.91788,10.36476],[1693094400,10.0854,10.2754,10.0697,10.2],[1693008000,10.04,10.1254,10.0044,10.0854],[1692921600,10.11457,10.12707,9.8847,10.04],[1692835200,10.33878,10.35939,9.97232,10.11457],[1692748800,10.1459,10.4658,10.058,10.3388],[1692662400,10.35949,10.37949,9.7361,10.14594],[1692576000,10.8651,10.878,10.1751,10.3595],[1692489600,10.81,10.92,10.7389,10.8651],[1692403200,10.8058,10.8858,10.56,10.81],[1692316800,10.5786,10.997,10.5386,10.8058],[1692230400,11.36703,11.49688,9.9886,10.57857],[1692144000,11.8146,11.8581,11.0837,11.367],[1692057600,12.3528,12.3628,11.3121,11.8146],[1691971200,12.2613,12.4456,12.1707,12.3528],[1691884800,12.3839,12.4212,12.1913,12.2613],[1691798400,12.4326,12.48,12.3439,12.3839],[1691712000,12.4727,12.5352,12.34,12.4326],[1691625600,12.6196,12.6591,12.4553,12.4727],[1691539200,12.68,12.7981,12.4896,12.6196],[1691452800,12.4493,12.7881,12.3688,12.68],[1691366400,12.5788,12.7391,12.2046,12.4493],[1691280000,12.4326,12.6544,12.4113,12.5788],[1691193600,12.4011,12.4363,12.2728,12.4326],[1691107200,12.4315,12.6005,12.2612,12.4011],[1691020800,12.5427,12.6307,12.39,12.4315],[1690934400,12.88,12.9579,12.4255,12.5427],[1690848000,12.8193,12.8886,12.4086,12.88],[1690761600,13.1205,13.2753,12.7086,12.8193],[1690675200,13.2392,13.4105,12.9203,13.1205],[1690588800,13.2232,13.2896,13.1592,13.2392],[1690502400,13.1498,13.2912,13.0165,13.2232],[1690416000,13.2687,13.4298,13.0249,13.1498],[1690329600,13.3396,13.4587,13.0887,13.2687],[1690243200,13.11,13.5345,13.04,13.3396],[1690156800,13.5427,13.6,12.815,13.11],[1690070400,13.5213,13.7514,13.4056,13.5427],[1689984000,13.9798,14.0503,13.3213,13.5213],[1689897600,13.8694,14.0694,13.7347,13.9798],[1689811200,13.9902,14.4202,13.6901,13.8694],[1689724800,13.8027,14.2728,13.7627,13.9902],[1689638400,14.4022,14.5811,13.616,13.8027],[1689552000,14.293,14.6262,13.8709,14.4022],[1689465600,14.842,14.932,14.176,14.293],[1689379200,14.649,15.3495,14.4195,14.842],[1689292800,14.1142,15.9674,14.0542,14.649],[1689206400,13.0147,14.1894,12.8995,14.1142],[1689120000,13.2701,13.3501,12.8602,13.0147],[1689033600,13.3908,13.6904,13.1608,13.2701],[1688947200,13.5841,13.8542,13.174,13.3908],[1688860800,13.6432,14.2133,13.5741,13.5841],[1688774400,12.741,13.8756,12.73,13.6432],[1688688000,12.3748,12.751,12.2698,12.741],[1688601600,12.6714,13.1115,12.2514,12.3748],[1688515200,13.0374,13.1518,12.5009,12.6714],[1688428800,13.2501,13.4002,13.0118,13.0374],[1688342400,13.1254,13.4509,13.0708,13.2501],[1688256000,13,13.2154,12.7104,13.1254],[1688169600,13.0231,13.1541,12.8381,13],[1688083200,12.6698,13.3248,12.1396,13.0231],[1687996800,12.3394,12.95,12.27,12.6698],[1687910400,13.2011,13.2111,12.1155,12.3394],[1687824000,13.3113,13.4713,13.13,13.2011]]}","timestamp":"2024-12-08T10:42:23.492Z"}
{"level":"info","message":"Fetched Avalanche candlesticks: {\n  \"period\": \"1d\",\n  \"candles\": [\n    [\n      1733616000,\n      51.64,\n      52.1534,\n      50.3766,\n      51.1309\n    ],\n    [\n      1733529600,\n      52.5546,\n      53.127,\n      51.2614,\n      51.64\n    ],\n    [\n      1733443200,\n      50.3499,\n      53.5869,\n      49.6468,\n      52.5546\n    ],\n    [\n      1733356800,\n      52.8498,\n      53.653,\n      49.4357,\n      50.3499\n    ],\n    [\n      1733270400,\n      50.9324,\n      55.8484,\n      50.8713,\n      52.8498\n    ],\n    [\n      1733184000,\n      52.2915,\n      53.9402,\n      47.8697,\n      50.9324\n    ],\n    [\n      1733097600,\n      45.124,\n      52.504,\n      45.0192,\n      52.2915\n    ],\n    [\n      1733011200,\n      44.8376,\n      45.8071,\n      43.7191,\n      45.124\n    ],\n    [\n      1732924800,\n      44.8756,\n      46.2763,\n      43.7089,\n      44.8376\n    ],\n    [\n      1732838400,\n      42.7783,\n      45.0828,\n      42.5366,\n      44.8756\n    ],\n    [\n      1732752000,\n      43.8251,\n      44.2843,\n      41.5161,\n      42.7783\n    ],\n    [\n      1732665600,\n      42.6884,\n      44.4637,\n      41.9368,\n      43.8251\n    ],\n    [\n      1732579200,\n      41.3167,\n      43.3335,\n      38.5043,\n      42.6884\n    ],\n    [\n      1732492800,\n      42.0871,\n      47.9641,\n      40.0713,\n      41.3167\n    ],\n    [\n      1732406400,\n      41.4717,\n      43.1764,\n      38.3505,\n      42.0871\n    ],\n    [\n      1732320000,\n      43.2468,\n      45.3246,\n      40.7297,\n      41.4717\n    ],\n    [\n      1732233600,\n      35.7947,\n      43.5771,\n      35.2106,\n      43.2468\n    ],\n    [\n      1732147200,\n      33.6123,\n      36.2311,\n      32.3445,\n      35.7947\n    ],\n    [\n      1732060800,\n      34.2709,\n      35.7778,\n      32.7985,\n      33.6123\n    ],\n    [\n      1731974400,\n      35.4962,\n      35.6546,\n      33.5651,\n      34.2709\n    ],\n    [\n      1731888000,\n      34.7209,\n      36.1475,\n      34.0948,\n      35.4962\n    ],\n    [\n      1731801600,\n      35.159,\n      37.2697,\n      33.1072,\n      34.7209\n    ],\n    [\n      1731715200,\n      33.1336,\n      35.7407,\n      32.8006,\n      35.159\n    ],\n    [\n      1731628800,\n      31.2026,\n      33.3151,\n      30.5978,\n      33.1336\n    ],\n    [\n      1731542400,\n      33.1544,\n      34.7366,\n      30.6812,\n      31.2026\n    ],\n    [\n      1731456000,\n      33.9755,\n      35.1269,\n      31.2452,\n      33.1544\n    ],\n    [\n      1731369600,\n      35.7556,\n      37.7096,\n      32.6893,\n      33.9755\n    ],\n    [\n      1731283200,\n      31.9072,\n      35.8302,\n      30.7295,\n      35.7556\n    ],\n    [\n      1731196800,\n      30.3815,\n      33.3242,\n      29.7074,\n      31.9072\n    ],\n    [\n      1731110400,\n      28.7978,\n      30.4976,\n      28.5059,\n      30.3815\n    ],\n    [\n      1731024000,\n      27.4035,\n      28.81,\n      27.1239,\n      28.7978\n    ],\n    [\n      1730937600,\n      27.0291,\n      28.02,\n      26.546,\n      27.4035\n    ],\n    [\n      1730851200,\n      23.9937,\n      27.3201,\n      23.9882,\n      27.0291\n    ],\n    [\n      1730764800,\n      22.7146,\n      24.4765,\n      22.5824,\n      23.9937\n    ],\n    [\n      1730678400,\n      23.525,\n      23.9228,\n      22.3342,\n      22.7146\n    ],\n    [\n      1730592000,\n      24.1177,\n      24.2025,\n      22.5935,\n      23.525\n    ],\n    [\n      1730505600,\n      24.7743,\n      25.0092,\n      23.963,\n      24.1177\n    ],\n    [\n      1730419200,\n      24.9886,\n      25.7024,\n      24.3839,\n      24.7743\n    ],\n    [\n      1730332800,\n      26.1664,\n      26.22,\n      24.6448,\n      24.9886\n    ],\n    [\n      1730246400,\n      26.8634,\n      26.8997,\n      25.989,\n      26.1664\n    ],\n    [\n      1730160000,\n      26.2381,\n      27.1568,\n      26.1539,\n      26.8634\n    ],\n    [\n      1730073600,\n      25.7417,\n      26.5189,\n      25.0188,\n      26.2381\n    ],\n    [\n      1729987200,\n      25.3727,\n      25.9079,\n      25.2134,\n      25.7417\n    ],\n    [\n      1729900800,\n      24.8844,\n      25.6479,\n      24.5123,\n      25.3727\n    ],\n    [\n      1729814400,\n      26.8148,\n      26.8727,\n      23.9925,\n      24.8844\n    ],\n    [\n      1729728000,\n      26.7285,\n      27.2208,\n      26.3555,\n      26.8148\n    ],\n    [\n      1729641600,\n      27.6237,\n      27.6897,\n      25.8545,\n      26.7285\n    ],\n    [\n      1729555200,\n      27.7426,\n      28.2093,\n      27.2276,\n      27.6237\n    ],\n    [\n      1729468800,\n      28.9585,\n      29.3113,\n      27.3691,\n      27.7426\n    ],\n    [\n      1729382400,\n      28.0949,\n      28.9909,\n      27.7576,\n      28.9585\n    ],\n    [\n      1729296000,\n      28.0926,\n      28.4521,\n      27.7109,\n      28.0949\n    ],\n    [\n      1729209600,\n      27.2931,\n      28.1694,\n      27.088,\n      28.0926\n    ],\n    [\n      1729123200,\n      28.0175,\n      28.2617,\n      26.8085,\n      27.2931\n    ],\n    [\n      1729036800,\n      28.2193,\n      28.2229,\n      27.2444,\n      28.0175\n    ],\n    [\n      1728950400,\n      29.0525,\n      29.6103,\n      27.5314,\n      28.2193\n    ],\n    [\n      1728864000,\n      29.0408,\n      29.8504,\n      28.6396,\n      29.0525\n    ],\n    [\n      1728777600,\n      28.6271,\n      29.349,\n      28.2901,\n      29.0408\n    ],\n    [\n      1728691200,\n      27.4443,\n      29.3641,\n      27.3805,\n      28.6271\n    ],\n    [\n      1728604800,\n      25.836,\n      27.5849,\n      25.7295,\n      27.4443\n    ],\n    [\n      1728518400,\n      25.7506,\n      26.3422,\n      25.0293,\n      25.836\n    ],\n    [\n      1728432000,\n      26.3325,\n      26.6817,\n      25.6585,\n      25.7506\n    ],\n    [\n      1728345600,\n      26.5562,\n      27.179,\n      26.0259,\n      26.3325\n    ],\n    [\n      1728259200,\n      26.9318,\n      27.7313,\n      26.5111,\n      26.5562\n    ],\n    [\n      1728172800,\n      25.6648,\n      27.0789,\n      25.4916,\n      26.9318\n    ],\n    [\n      1728086400,\n      26.2658,\n      26.4186,\n      25.0996,\n      25.6648\n    ],\n    [\n      1728000000,\n      24.6602,\n      26.5004,\n      24.4284,\n      26.2658\n    ],\n    [\n      1727913600,\n      25.3296,\n      25.6647,\n      23.8925,\n      24.6602\n    ],\n    [\n      1727827200,\n      25.818,\n      26.7753,\n      25.033,\n      25.3296\n    ],\n    [\n      1727740800,\n      27.7055,\n      28.8857,\n      25.0156,\n      25.818\n    ],\n    [\n      1727654400,\n      29.0412,\n      29.1234,\n      27.5529,\n      27.7055\n    ],\n    [\n      1727568000,\n      29.2899,\n      29.4809,\n      28.2455,\n      29.0412\n    ],\n    [\n      1727481600,\n      30.4396,\n      30.7623,\n      29.0349,\n      29.2899\n    ],\n    [\n      1727395200,\n      29.16,\n      30.8615,\n      28.9327,\n      30.4396\n    ],\n    [\n      1727308800,\n      27.2774,\n      29.4289,\n      26.9573,\n      29.16\n    ],\n    [\n      1727222400,\n      28.4666,\n      28.4992,\n      27.1472,\n      27.2774\n    ],\n    [\n      1727136000,\n      27.3847,\n      28.5464,\n      26.8367,\n      28.4666\n    ],\n    [\n      1727049600,\n      27.298,\n      28.1735,\n      26.5628,\n      27.3847\n    ],\n    [\n      1726963200,\n      27.7885,\n      27.8064,\n      26.4528,\n      27.298\n    ],\n    [\n      1726876800,\n      27.6758,\n      28.1313,\n      27.0062,\n      27.7885\n    ],\n    [\n      1726790400,\n      26.6678,\n      28.7546,\n      26.4752,\n      27.6758\n    ],\n    [\n      1726704000,\n      24.7037,\n      26.793,\n      24.6947,\n      26.6678\n    ],\n    [\n      1726617600,\n      23.7772,\n      24.7429,\n      22.7892,\n      24.7037\n    ],\n    [\n      1726531200,\n      23.5126,\n      24.4917,\n      23.1554,\n      23.7772\n    ],\n    [\n      1726444800,\n      23.7933,\n      24.2361,\n      23.2141,\n      23.5126\n    ],\n    [\n      1726358400,\n      25.3311,\n      25.3876,\n      23.6423,\n      23.7933\n    ],\n    [\n      1726272000,\n      24.9232,\n      25.6649,\n      24.6201,\n      25.3311\n    ],\n    [\n      1726185600,\n      24.0148,\n      25.112,\n      23.6676,\n      24.9232\n    ],\n    [\n      1726099200,\n      23.2799,\n      24.1062,\n      23.2632,\n      24.0148\n    ],\n    [\n      1726012800,\n      24.3539,\n      24.5187,\n      22.8697,\n      23.2799\n    ],\n    [\n      1725926400,\n      23.8473,\n      24.5835,\n      23.5708,\n      24.3539\n    ],\n    [\n      1725840000,\n      23.2436,\n      24.3892,\n      23.1322,\n      23.8473\n    ],\n    [\n      1725753600,\n      21.7939,\n      23.5089,\n      21.7089,\n      23.2436\n    ],\n    [\n      1725667200,\n      21.1581,\n      22.0086,\n      21.0448,\n      21.7939\n    ],\n    [\n      1725580800,\n      21.3665,\n      22.1905,\n      20.4682,\n      21.1581\n    ],\n    [\n      1725494400,\n      21.9053,\n      22.1881,\n      21.2151,\n      21.3665\n    ],\n    [\n      1725408000,\n      21.3813,\n      22.321,\n      20.4978,\n      21.9053\n    ],\n    [\n      1725321600,\n      22.3641,\n      22.7268,\n      21.3408,\n      21.3813\n    ],\n    [\n      1725235200,\n      21.4247,\n      22.5671,\n      21.3681,\n      22.3641\n    ],\n    [\n      1725148800,\n      22.8008,\n      22.8376,\n      21.1466,\n      21.4247\n    ],\n    [\n      1725062400,\n      23.2827,\n      23.3947,\n      22.4711,\n      22.8008\n    ],\n    [\n      1724976000,\n      22.8968,\n      23.6406,\n      22.1938,\n      23.2827\n    ],\n    [\n      1724889600,\n      23.4462,\n      24.6874,\n      22.7799,\n      22.8968\n    ],\n    [\n      1724803200,\n      24.0966,\n      24.8391,\n      23.1934,\n      23.4462\n    ],\n    [\n      1724716800,\n      25.9431,\n      26.8126,\n      23.6706,\n      24.0966\n    ],\n    [\n      1724630400,\n      26.9359,\n      27.2132,\n      25.8963,\n      25.9431\n    ],\n    [\n      1724544000,\n      27.1314,\n      27.6908,\n      26.1429,\n      26.9359\n    ],\n    [\n      1724457600,\n      26.5162,\n      28.0103,\n      26.2061,\n      27.1314\n    ],\n    [\n      1724371200,\n      25.2245,\n      27.0335,\n      25.2185,\n      26.5162\n    ],\n    [\n      1724284800,\n      23.5399,\n      25.3013,\n      23.0531,\n      25.2245\n    ],\n    [\n      1724198400,\n      22.265,\n      23.8093,\n      22.2469,\n      23.5399\n    ],\n    [\n      1724112000,\n      21.2195,\n      22.7906,\n      21.1668,\n      22.265\n    ],\n    [\n      1724025600,\n      20.8217,\n      21.2566,\n      20.3878,\n      21.2195\n    ],\n    [\n      1723939200,\n      20.7056,\n      21.5188,\n      20.5442,\n      20.8217\n    ],\n    [\n      1723852800,\n      20.3725,\n      20.7116,\n      20.2364,\n      20.7056\n    ],\n    [\n      1723766400,\n      20.1345,\n      20.6902,\n      19.7881,\n      20.3725\n    ],\n    [\n      1723680000,\n      20.9524,\n      21.1539,\n      19.8515,\n      20.1345\n    ],\n    [\n      1723593600,\n      21.384,\n      21.8861,\n      20.7783,\n      20.9524\n    ],\n    [\n      1723507200,\n      21.2714,\n      21.631,\n      20.602,\n      21.384\n    ],\n    [\n      1723420800,\n      20.4041,\n      21.717,\n      20.3012,\n      21.2714\n    ],\n    [\n      1723334400,\n      21.5876,\n      22.3694,\n      20.3879,\n      20.4041\n    ],\n    [\n      1723248000,\n      21.7508,\n      22.0592,\n      21.4078,\n      21.5876\n    ],\n    [\n      1723161600,\n      22.7461,\n      22.8089,\n      21.3032,\n      21.7508\n    ],\n    [\n      1723075200,\n      19.8537,\n      22.8068,\n      19.5257,\n      22.7461\n    ],\n    [\n      1722988800,\n      20.8966,\n      21.7073,\n      19.7032,\n      19.8537\n    ],\n    [\n      1722902400,\n      19.5416,\n      21.4674,\n      19.5175,\n      20.8966\n    ],\n    [\n      1722816000,\n      21.2374,\n      21.3701,\n      17.3316,\n      19.5416\n    ],\n    [\n      1722729600,\n      22.6622,\n      22.9487,\n      20.5887,\n      21.2374\n    ],\n    [\n      1722643200,\n      23.5735,\n      24.0979,\n      22.1836,\n      22.6622\n    ],\n    [\n      1722556800,\n      25.6864,\n      25.8985,\n      23.3296,\n      23.5735\n    ],\n    [\n      1722470400,\n      25.7011,\n      25.9193,\n      24.002,\n      25.6864\n    ],\n    [\n      1722384000,\n      26.3187,\n      26.8612,\n      25.4319,\n      25.7011\n    ],\n    [\n      1722297600,\n      26.9963,\n      27.3119,\n      26.0269,\n      26.3187\n    ],\n    [\n      1722211200,\n      27.3981,\n      28.8482,\n      26.9706,\n      26.9963\n    ],\n    [\n      1722124800,\n      28.0434,\n      28.1789,\n      27.1019,\n      27.3981\n    ],\n    [\n      1722038400,\n      28.7258,\n      29.5215,\n      27.5832,\n      28.0434\n    ],\n    [\n      1721952000,\n      27.2306,\n      28.8647,\n      27.1629,\n      28.7258\n    ],\n    [\n      1721865600,\n      28.3704,\n      28.5836,\n      26.2589,\n      27.2306\n    ],\n    [\n      1721779200,\n      29.8169,\n      30.5526,\n      28.2622,\n      28.3704\n    ],\n    [\n      1721692800,\n      31.8785,\n      32.6338,\n      29.4468,\n      29.8169\n    ],\n    [\n      1721606400,\n      32.6382,\n      32.9525,\n      31.3239,\n      31.8785\n    ],\n    [\n      1721520000,\n      29.1076,\n      33.0037,\n      28.5592,\n      32.6382\n    ],\n    [\n      1721433600,\n      28.1808,\n      29.1895,\n      27.7973,\n      29.1076\n    ],\n    [\n      1721347200,\n      27.1283,\n      28.4283,\n      26.6494,\n      28.1808\n    ],\n    [\n      1721260800,\n      27.2359,\n      27.938,\n      26.5919,\n      27.1283\n    ],\n    [\n      1721174400,\n      28.0186,\n      29.0395,\n      27.2122,\n      27.2359\n    ],\n    [\n      1721088000,\n      27.8427,\n      29.2617,\n      26.4785,\n      28.0186\n    ],\n    [\n      1721001600,\n      26.3597,\n      27.9026,\n      26.2719,\n      27.8427\n    ],\n    [\n      1720915200,\n      25.8636,\n      26.6747,\n      25.6117,\n      26.3597\n    ],\n    [\n      1720828800,\n      25.9734,\n      26.3482,\n      25.5374,\n      25.8636\n    ],\n    [\n      1720742400,\n      25.2032,\n      26.1046,\n      24.8163,\n      25.9734\n    ],\n    [\n      1720656000,\n      25.7534,\n      26.3718,\n      25.0194,\n      25.2032\n    ],\n    [\n      1720569600,\n      26.4344,\n      27.4213,\n      25.6265,\n      25.7534\n    ],\n    [\n      1720483200,\n      25.2033,\n      26.5093,\n      24.6978,\n      26.4344\n    ],\n    [\n      1720396800,\n      25.7416,\n      27.2045,\n      24.5444,\n      25.2033\n    ],\n    [\n      1720310400,\n      27.4075,\n      27.4944,\n      25.4698,\n      25.7416\n    ],\n    [\n      1720224000,\n      25.1355,\n      27.6114,\n      24.8771,\n      27.4075\n    ],\n    [\n      1720137600,\n      24.4392,\n      25.4446,\n      21.873,\n      25.1355\n    ],\n    [\n      1720051200,\n      26.4779,\n      26.6694,\n      24.2958,\n      24.4392\n    ],\n    [\n      1719964800,\n      28.6631,\n      28.9252,\n      26.4048,\n      26.4779\n    ],\n    [\n      1719878400,\n      28.7938,\n      28.8779,\n      28.0545,\n      28.6631\n    ],\n    [\n      1719792000,\n      29.3127,\n      30.0777,\n      28.7811,\n      28.7938\n    ],\n    [\n      1719705600,\n      27.7208,\n      29.5215,\n      27.3638,\n      29.3127\n    ],\n    [\n      1719619200,\n      27.902,\n      28.6281,\n      27.5342,\n      27.7208\n    ],\n    [\n      1719532800,\n      27.8773,\n      29.0523,\n      27.6334,\n      27.902\n    ],\n    [\n      1719446400,\n      25.8008,\n      28.3467,\n      25.3312,\n      27.8773\n    ],\n    [\n      1719360000,\n      25.3951,\n      26.7238,\n      25.2753,\n      25.8008\n    ],\n    [\n      1719273600,\n      24.779,\n      25.77,\n      24.5996,\n      25.3951\n    ],\n    [\n      1719187200,\n      25.0713,\n      25.2226,\n      23.5396,\n      24.779\n    ],\n    [\n      1719100800,\n      25.6096,\n      25.997,\n      24.1233,\n      25.0713\n    ],\n    [\n      1719014400,\n      27.466,\n      27.4854,\n      24.5139,\n      25.6096\n    ],\n    [\n      1718928000,\n      27.5727,\n      28.0206,\n      26.9223,\n      27.466\n    ],\n    [\n      1718841600,\n      26.9295,\n      28.8662,\n      26.68,\n      27.5727\n    ],\n    [\n      1718755200,\n      26.5942,\n      27.6486,\n      26.3842,\n      26.9295\n    ],\n    [\n      1718668800,\n      28.4482,\n      28.5163,\n      25.1591,\n      26.5942\n    ],\n    [\n      1718582400,\n      30.058,\n      30.3278,\n      27.3187,\n      28.4482\n    ],\n    [\n      1718496000,\n      29.991,\n      30.4607,\n      29.6572,\n      30.058\n    ],\n    [\n      1718409600,\n      30.2784,\n      30.6303,\n      29.9011,\n      29.991\n    ],\n    [\n      1718323200,\n      30.9835,\n      32.0938,\n      29.2943,\n      30.2784\n    ],\n    [\n      1718236800,\n      33.2693,\n      33.4247,\n      30.9269,\n      30.9835\n    ],\n    [\n      1718150400,\n      31.5407,\n      33.9817,\n      30.7909,\n      33.2693\n    ],\n    [\n      1718064000,\n      32.2712,\n      32.3631,\n      30.582,\n      31.5407\n    ],\n    [\n      1717977600,\n      32.9773,\n      33.4611,\n      32.03,\n      32.2712\n    ],\n    [\n      1717891200,\n      32.2762,\n      33.0173,\n      32.0387,\n      32.9773\n    ],\n    [\n      1717804800,\n      33.4964,\n      33.7047,\n      31.9387,\n      32.2762\n    ],\n    [\n      1717718400,\n      35.88,\n      36.8527,\n      30.9234,\n      33.4964\n    ],\n    [\n      1717632000,\n      36.5612,\n      37.187,\n      35.7172,\n      35.88\n    ],\n    [\n      1717545600,\n      36.06,\n      36.8906,\n      35.9254,\n      36.5612\n    ],\n    [\n      1717459200,\n      35.017,\n      36.271,\n      34.5005,\n      36.06\n    ],\n    [\n      1717372800,\n      34.8885,\n      36.246,\n      34.5471,\n      35.017\n    ],\n    [\n      1717286400,\n      35.7286,\n      36.1482,\n      34.757,\n      34.8885\n    ],\n    [\n      1717200000,\n      36.0008,\n      36.1941,\n      35.6687,\n      35.7286\n    ],\n    [\n      1717113600,\n      35.9597,\n      36.7593,\n      35.1912,\n      36.0008\n    ],\n    [\n      1717027200,\n      36.1679,\n      37.0591,\n      35.283,\n      35.9597\n    ],\n    [\n      1716940800,\n      36.9855,\n      37.45,\n      36.1224,\n      36.1679\n    ],\n    [\n      1716854400,\n      38.2332,\n      38.3761,\n      36.5132,\n      36.9855\n    ],\n    [\n      1716768000,\n      36.7484,\n      38.9129,\n      36.6385,\n      38.2332\n    ],\n    [\n      1716681600,\n      38.2762,\n      38.3,\n      36.4813,\n      36.7484\n    ],\n    [\n      1716595200,\n      37.9912,\n      38.6883,\n      37.7162,\n      38.2762\n    ],\n    [\n      1716508800,\n      38.5,\n      38.9787,\n      36.9093,\n      37.9912\n    ],\n    [\n      1716422400,\n      40.0027,\n      40.4531,\n      36.4787,\n      38.5\n    ],\n    [\n      1716336000,\n      41.1921,\n      41.78,\n      39.1925,\n      40.0027\n    ],\n    [\n      1716249600,\n      40.1312,\n      41.3701,\n      39.6756,\n      41.1921\n    ],\n    [\n      1716163200,\n      35.6042,\n      40.29,\n      35.1641,\n      40.1312\n    ],\n    [\n      1716076800,\n      37.2538,\n      37.764,\n      35.3942,\n      35.6042\n    ],\n    [\n      1715990400,\n      36.4339,\n      37.6666,\n      36.35,\n      37.2538\n    ],\n    [\n      1715904000,\n      34.4684,\n      37.5892,\n      34.2692,\n      36.4339\n    ],\n    [\n      1715817600,\n      34.6661,\n      35.0046,\n      33.7591,\n      34.4684\n    ],\n    [\n      1715731200,\n      31.5599,\n      34.7791,\n      31.365,\n      34.6661\n    ],\n    [\n      1715644800,\n      32.4493,\n      33.2875,\n      31.4644,\n      31.5599\n    ],\n    [\n      1715558400,\n      33.1243,\n      33.8005,\n      31.9179,\n      32.4493\n    ],\n    [\n      1715472000,\n      33.4775,\n      33.9837,\n      32.8422,\n      33.1243\n    ],\n    [\n      1715385600,\n      33.7093,\n      34.0243,\n      33.0593,\n      33.4775\n    ],\n    [\n      1715299200,\n      35.0645,\n      36.0961,\n      33.2387,\n      33.7093\n    ],\n    [\n      1715212800,\n      34.0132,\n      35.3632,\n      33.7333,\n      35.0645\n    ],\n    [\n      1715126400,\n      35.3016,\n      35.5008,\n      33.6433,\n      34.0132\n    ],\n    [\n      1715040000,\n      37.1138,\n      37.6038,\n      35.2716,\n      35.3016\n    ],\n    [\n      1714953600,\n      37.3668,\n      39.8731,\n      36.7837,\n      37.1138\n    ],\n    [\n      1714867200,\n      37.3693,\n      37.9944,\n      36.6885,\n      37.3668\n    ],\n    [\n      1714780800,\n      35.5609,\n      37.6787,\n      35.1874,\n      37.3693\n    ],\n    [\n      1714694400,\n      33.58,\n      35.9394,\n      33.31,\n      35.5609\n    ],\n    [\n      1714608000,\n      33.2908,\n      34.1129,\n      32.2629,\n      33.58\n    ],\n    [\n      1714521600,\n      32.6773,\n      33.9114,\n      30.5687,\n      33.2908\n    ],\n    [\n      1714435200,\n      35.2776,\n      35.6987,\n      31.8856,\n      32.6773\n    ],\n    [\n      1714348800,\n      33.9393,\n      35.8574,\n      32.8398,\n      35.2776\n    ],\n    [\n      1714262400,\n      34.4505,\n      35.37,\n      33.7897,\n      33.9393\n    ],\n    [\n      1714176000,\n      34.4134,\n      35.1131,\n      33.1336,\n      34.4505\n    ],\n    [\n      1714089600,\n      35.5872,\n      35.8736,\n      34.2667,\n      34.4134\n    ],\n    [\n      1714003200,\n      36.3386,\n      36.7169,\n      34.6874,\n      35.5872\n    ],\n    [\n      1713916800,\n      38.3026,\n      39.8327,\n      36.0138,\n      36.3386\n    ],\n    [\n      1713830400,\n      39.2134,\n      39.9236,\n      38.003,\n      38.3026\n    ],\n    [\n      1713744000,\n      37.1529,\n      39.7235,\n      36.7864,\n      39.2034\n    ],\n    [\n      1713657600,\n      38.3229,\n      38.7731,\n      36.3891,\n      37.1529\n    ],\n    [\n      1713571200,\n      34.6731,\n      38.503,\n      34.1565,\n      38.3229\n    ],\n    [\n      1713484800,\n      34.8566,\n      36.1431,\n      31.9638,\n      34.6731\n    ],\n    [\n      1713398400,\n      33.582,\n      35.5974,\n      32.8076,\n      34.8566\n    ],\n    [\n      1713312000,\n      34.7661,\n      35.3562,\n      32.2456,\n      33.582\n    ],\n    [\n      1713225600,\n      35.1727,\n      35.9165,\n      32.7159,\n      34.7661\n    ],\n    [\n      1713139200,\n      37.2839,\n      38.6144,\n      34.1414,\n      35.1713\n    ],\n    [\n      1713052800,\n      33.946,\n      37.9141,\n      32.68,\n      37.2839\n    ],\n    [\n      1712966400,\n      39.3673,\n      39.3628,\n      29.4449,\n      33.946\n    ],\n    [\n      1712880000,\n      46.0299,\n      46.8697,\n      35.88,\n      39.3673\n    ],\n    [\n      1712793600,\n      47.304,\n      47.494,\n      45.61,\n      46.0299\n    ],\n    [\n      1712707200,\n      46.4565,\n      48.004,\n      45.1368,\n      47.304\n    ],\n    [\n      1712620800,\n      49.8592,\n      49.9641,\n      46.3465,\n      46.4565\n    ],\n    [\n      1712534400,\n      49.32,\n      50.8035,\n      48.2645,\n      49.8592\n    ],\n    [\n      1712448000,\n      48.1992,\n      49.4845,\n      47.9095,\n      49.32\n    ],\n    [\n      1712361600,\n      45.33,\n      48.8363,\n      45.0725,\n      48.1992\n    ],\n    [\n      1712275200,\n      46.5221,\n      46.6121,\n      44.0009,\n      45.33\n    ],\n    [\n      1712188800,\n      45.8997,\n      48.1829,\n      45.4388,\n      46.5221\n    ],\n    [\n      1712102400,\n      46.8643,\n      48.3145,\n      44.9963,\n      45.8997\n    ],\n    [\n      1712016000,\n      51.3966,\n      51.3916,\n      46.3,\n      46.8643\n    ],\n    [\n      1711929600,\n      54.08,\n      54.1494,\n      50.2716,\n      51.3966\n    ],\n    [\n      1711843200,\n      52.9622,\n      54.2725,\n      52.9021,\n      54.08\n    ],\n    [\n      1711756800,\n      53.3649,\n      54.637,\n      52.8021,\n      52.9622\n    ],\n    [\n      1711670400,\n      54.6396,\n      54.6596,\n      52.5449,\n      53.3649\n    ],\n    [\n      1711584000,\n      54.0749,\n      55.0145,\n      53.1639,\n      54.6396\n    ],\n    [\n      1711497600,\n      55.7915,\n      56.7316,\n      53.0209,\n      54.0749\n    ],\n    [\n      1711411200,\n      57.7685,\n      59.31,\n      55.3514,\n      55.7915\n    ],\n    [\n      1711324800,\n      55.6945,\n      59.1924,\n      54.9451,\n      57.7685\n    ],\n    [\n      1711238400,\n      53.4586,\n      55.822,\n      52.4427,\n      55.6945\n    ],\n    [\n      1711152000,\n      53.4405,\n      55.9506,\n      52.6353,\n      53.4586\n    ],\n    [\n      1711065600,\n      53.8226,\n      57.8085,\n      51.6405,\n      53.4405\n    ],\n    [\n      1710979200,\n      57.07,\n      57.8684,\n      52.7774,\n      53.8226\n    ],\n    [\n      1710892800,\n      53.6042,\n      58.1484,\n      50.4145,\n      57.07\n    ],\n    [\n      1710806400,\n      60.617,\n      61.8433,\n      53.1671,\n      53.6042\n    ],\n    [\n      1710720000,\n      58.3935,\n      65.3543,\n      55.2583,\n      60.617\n    ],\n    [\n      1710633600,\n      53.4124,\n      58.4236,\n      50.0635,\n      58.3935\n    ],\n    [\n      1710547200,\n      58.3701,\n      61.4306,\n      51.9964,\n      53.4124\n    ],\n    [\n      1710460800,\n      53.9338,\n      58.8608,\n      48.34,\n      58.3701\n    ],\n    [\n      1710374400,\n      54.8456,\n      59.295,\n      50.474,\n      53.9338\n    ],\n    [\n      1710288000,\n      55.495,\n      55.5251,\n      52.2653,\n      54.8456\n    ],\n    [\n      1710201600,\n      49.1202,\n      57.3527,\n      46.4213,\n      55.495\n    ],\n    [\n      1710115200,\n      42.107,\n      49.5623,\n      40.089,\n      49.1202\n    ],\n    [\n      1710028800,\n      43.01,\n      43.9993,\n      40.996,\n      42.107\n    ],\n    [\n      1709942400,\n      42.7259,\n      43.6484,\n      42.4476,\n      43.01\n    ],\n    [\n      1709856000,\n      43.2641,\n      44.0294,\n      41.1603,\n      42.7259\n    ],\n    [\n      1709769600,\n      41.5812,\n      44.5137,\n      41.5712,\n      43.2641\n    ],\n    [\n      1709683200,\n      39.4903,\n      42.1614,\n      37.9655,\n      41.5812\n    ],\n    [\n      1709596800,\n      43.1434,\n      45.1726,\n      35,\n      39.4903\n    ],\n    [\n      1709510400,\n      42.61,\n      44.0113,\n      41.4564,\n      43.1434\n    ],\n    [\n      1709424000,\n      44.4019,\n      44.9124,\n      40.4091,\n      42.61\n    ],\n    [\n      1709337600,\n      42.7077,\n      44.571,\n      42.0168,\n      44.4019\n    ],\n    [\n      1709251200,\n      40.9736,\n      43.37,\n      40.9936,\n      42.7077\n    ],\n    [\n      1709164800,\n      40.3646,\n      44.6448,\n      39.6566,\n      40.9736\n    ],\n    [\n      1709078400,\n      39.2848,\n      41.3189,\n      36.4322,\n      40.3646\n    ],\n    [\n      1708992000,\n      39.2904,\n      39.9264,\n      38.3544,\n      39.2848\n    ],\n    [\n      1708905600,\n      37.4585,\n      39.3504,\n      36.2985,\n      39.2904\n    ],\n    [\n      1708819200,\n      36.7571,\n      37.4885,\n      36.425,\n      37.4585\n    ],\n    [\n      1708732800,\n      35.9108,\n      36.9371,\n      35.1959,\n      36.7571\n    ],\n    [\n      1708646400,\n      36.767,\n      36.9315,\n      35.3075,\n      35.9108\n    ],\n    [\n      1708560000,\n      37.6043,\n      38.2006,\n      36.5144,\n      36.767\n    ],\n    [\n      1708473600,\n      38.5073,\n      38.5457,\n      35.9045,\n      37.6043\n    ],\n    [\n      1708387200,\n      39.51,\n      39.705,\n      36.902,\n      38.5073\n    ],\n    [\n      1708300800,\n      40.3003,\n      40.6404,\n      39.1207,\n      39.51\n    ],\n    [\n      1708214400,\n      39.7708,\n      40.7508,\n      39.0006,\n      40.3003\n    ],\n    [\n      1708128000,\n      40.2788,\n      40.4576,\n      38.4134,\n      39.7708\n    ],\n    [\n      1708041600,\n      41.568,\n      41.8051,\n      39.4821,\n      40.2788\n    ],\n    [\n      1707955200,\n      42.2517,\n      43.6248,\n      40.9648,\n      41.568\n    ],\n    [\n      1707868800,\n      39.7474,\n      42.4388,\n      39.1473,\n      42.2517\n    ],\n    [\n      1707782400,\n      40.9921,\n      41.7053,\n      38.8947,\n      39.7474\n    ],\n    [\n      1707696000,\n      39.7371,\n      41.1861,\n      38.4,\n      40.9921\n    ],\n    [\n      1707609600,\n      40.2196,\n      41.2096,\n      39.381,\n      39.7371\n    ],\n    [\n      1707523200,\n      38.0121,\n      41.2397,\n      38.0121,\n      40.2196\n    ],\n    [\n      1707436800,\n      35.4214,\n      38.6064,\n      35.4157,\n      38.0121\n    ],\n    [\n      1707350400,\n      35.2711,\n      36.1147,\n      35.0727,\n      35.4214\n    ],\n    [\n      1707264000,\n      34.1354,\n      35.4776,\n      33.6251,\n      35.2711\n    ],\n    [\n      1707177600,\n      34.4946,\n      34.6944,\n      33.6914,\n      34.1354\n    ],\n    [\n      1707091200,\n      34.8435,\n      35.8792,\n      34.0841,\n      34.5\n    ],\n    [\n      1707004800,\n      35.9406,\n      36.521,\n      34.6777,\n      34.8435\n    ],\n    [\n      1706918400,\n      36.7502,\n      37.562,\n      35.3975,\n      35.9406\n    ],\n    [\n      1706832000,\n      33.8415,\n      36.9254,\n      33.7526,\n      36.7502\n    ],\n    [\n      1706745600,\n      33.1536,\n      33.93,\n      32.294,\n      33.8415\n    ],\n    [\n      1706659200,\n      35.2185,\n      35.4885,\n      33.1136,\n      33.1536\n    ],\n    [\n      1706572800,\n      36.0662,\n      37.1412,\n      35.0065,\n      35.2185\n    ],\n    [\n      1706486400,\n      34.8226,\n      36.5329,\n      34.3526,\n      36.0662\n    ],\n    [\n      1706400000,\n      33.2829,\n      36.7,\n      33.2065,\n      34.8226\n    ],\n    [\n      1706313600,\n      32.2575,\n      33.3029,\n      31.8648,\n      33.2829\n    ],\n    [\n      1706227200,\n      30.4953,\n      33.0889,\n      30.1189,\n      32.2575\n    ],\n    [\n      1706140800,\n      31.1865,\n      31.3432,\n      29.61,\n      30.4953\n    ],\n    [\n      1706054400,\n      30.609,\n      31.8814,\n      29.48,\n      31.1865\n    ],\n    [\n      1705968000,\n      29.501,\n      30.67,\n      27.22,\n      30.609\n    ],\n    [\n      1705881600,\n      32.5234,\n      32.7117,\n      29.3151,\n      29.501\n    ],\n    [\n      1705795200,\n      32.8618,\n      33.4616,\n      32.44,\n      32.5234\n    ],\n    [\n      1705708800,\n      32.7102,\n      32.962,\n      32.0176,\n      32.8618\n    ],\n    [\n      1705622400,\n      33.5652,\n      33.7201,\n      31.177,\n      32.7102\n    ],\n    [\n      1705536000,\n      36.0536,\n      36.1668,\n      32.6938,\n      33.5652\n    ],\n    [\n      1705449600,\n      35.5626,\n      36.4843,\n      35.2519,\n      36.0536\n    ],\n    [\n      1705363200,\n      35.5937,\n      36.5143,\n      34.7698,\n      35.5611\n    ],\n    [\n      1705276800,\n      35.2878,\n      36.7754,\n      35.1416,\n      35.5937\n    ],\n    [\n      1705190400,\n      36.4889,\n      37.8576,\n      35.2778,\n      35.2878\n    ],\n    [\n      1705104000,\n      35.9007,\n      36.6279,\n      34.708,\n      36.4889\n    ],\n    [\n      1705017600,\n      39.3072,\n      39.58,\n      34.6491,\n      35.9007\n    ],\n    [\n      1704931200,\n      38.5425,\n      41.7747,\n      37.5622,\n      39.3072\n    ],\n    [\n      1704844800,\n      34.6631,\n      39.5514,\n      33.3854,\n      38.5425\n    ],\n    [\n      1704758400,\n      36.0959,\n      37.6165,\n      33.8028,\n      34.6631\n    ],\n    [\n      1704672000,\n      33.67,\n      36.436,\n      31.1793,\n      36.0959\n    ],\n    [\n      1704585600,\n      34.6469,\n      35.7978,\n      33.1398,\n      33.67\n    ],\n    [\n      1704499200,\n      36.4794,\n      36.5294,\n      33.4559,\n      34.6469\n    ],\n    [\n      1704412800,\n      38.7799,\n      38.9546,\n      35.0261,\n      36.4794\n    ],\n    [\n      1704326400,\n      36.8133,\n      39.4605,\n      36.12,\n      38.7799\n    ],\n    [\n      1704240000,\n      40.625,\n      41.4336,\n      33.0722,\n      36.8133\n    ],\n    [\n      1704153600,\n      41.9499,\n      43.4303,\n      40.3449,\n      40.625\n    ],\n    [\n      1704067200,\n      38.5501,\n      42,\n      38.0463,\n      41.9499\n    ],\n    [\n      1703980800,\n      39.3257,\n      40.5155,\n      37.6132,\n      38.5501\n    ],\n    [\n      1703894400,\n      40.18,\n      40.3645,\n      38.1685,\n      39.3257\n    ],\n    [\n      1703808000,\n      39.8481,\n      42.1593,\n      38.5298,\n      40.18\n    ],\n    [\n      1703721600,\n      42.4343,\n      43.4147,\n      39.258,\n      39.8481\n    ],\n    [\n      1703635200,\n      44.3986,\n      44.93,\n      41.8845,\n      42.4343\n    ],\n    [\n      1703548800,\n      48.1874,\n      48.3348,\n      40.7656,\n      44.3986\n    ],\n    [\n      1703462400,\n      47.71,\n      48.9204,\n      45.9995,\n      48.1874\n    ],\n    [\n      1703376000,\n      48.0723,\n      49.9136,\n      46.4215,\n      47.71\n    ],\n    [\n      1703289600,\n      45.3788,\n      48.2824,\n      43.4538,\n      48.0723\n    ],\n    [\n      1703203200,\n      45.9665,\n      48.8663,\n      43.6784,\n      45.3788\n    ],\n    [\n      1703116800,\n      43.4688,\n      47.37,\n      43.0682,\n      45.9665\n    ],\n    [\n      1703030400,\n      39.7314,\n      44.4796,\n      39.0829,\n      43.4688\n    ],\n    [\n      1702944000,\n      41.1386,\n      42.1284,\n      38.7493,\n      39.73\n    ],\n    [\n      1702857600,\n      40.5741,\n      41.3832,\n      36.4854,\n      41.1386\n    ],\n    [\n      1702771200,\n      42.19,\n      43.9945,\n      40.25,\n      40.5741\n    ],\n    [\n      1702684800,\n      39.7116,\n      45.3111,\n      38.5134,\n      42.19\n    ],\n    [\n      1702598400,\n      39.2943,\n      42.2527,\n      38.5316,\n      39.7116\n    ],\n    [\n      1702512000,\n      38.9754,\n      40.3421,\n      36.7593,\n      39.2943\n    ],\n    [\n      1702425600,\n      37.4489,\n      41.4583,\n      34.0589,\n      38.9754\n    ],\n    [\n      1702339200,\n      38.0065,\n      42.8478,\n      35.9775,\n      37.4489\n    ],\n    [\n      1702252800,\n      37.1557,\n      39.3708,\n      32.1406,\n      38.0065\n    ],\n    [\n      1702166400,\n      31.91,\n      37.9695,\n      31.5579,\n      37.1557\n    ],\n    [\n      1702080000,\n      30.4599,\n      34.262,\n      30.4698,\n      31.91\n    ],\n    [\n      1701993600,\n      26.2801,\n      30.7984,\n      26.0602,\n      30.4599\n    ],\n    [\n      1701907200,\n      26.2035,\n      27.8837,\n      25.7535,\n      26.2801\n    ],\n    [\n      1701820800,\n      24.5474,\n      27.6566,\n      24.4699,\n      26.2035\n    ],\n    [\n      1701734400,\n      22.6819,\n      24.826,\n      21.8109,\n      24.5474\n    ],\n    [\n      1701648000,\n      21.9477,\n      23.1981,\n      20.6836,\n      22.6819\n    ],\n    [\n      1701561600,\n      22.25,\n      22.75,\n      21.6097,\n      21.9477\n    ],\n    [\n      1701475200,\n      21.8638,\n      22.4394,\n      21.7585,\n      22.25\n    ],\n    [\n      1701388800,\n      21.393,\n      22.6363,\n      21.1159,\n      21.8638\n    ],\n    [\n      1701302400,\n      21.1152,\n      21.5017,\n      20.8236,\n      21.393\n    ],\n    [\n      1701216000,\n      20.6904,\n      21.5756,\n      20.5654,\n      21.1152\n    ],\n    [\n      1701129600,\n      20.3593,\n      20.8542,\n      19.5268,\n      20.6904\n    ],\n    [\n      1701043200,\n      21.0709,\n      21.308,\n      19.8374,\n      20.3593\n    ],\n    [\n      1700956800,\n      21.3707,\n      21.5143,\n      20.1217,\n      21.0709\n    ],\n    [\n      1700870400,\n      20.9082,\n      21.4887,\n      20.658,\n      21.3707\n    ],\n    [\n      1700784000,\n      20.6415,\n      21.8733,\n      20.4531,\n      20.9082\n    ],\n    [\n      1700697600,\n      20.79,\n      21.4883,\n      20.4479,\n      20.6415\n    ],\n    [\n      1700611200,\n      19.0152,\n      21.2458,\n      18.9951,\n      20.79\n    ],\n    [\n      1700524800,\n      20.8617,\n      22.2822,\n      18.9291,\n      19.0152\n    ],\n    [\n      1700438400,\n      22.8539,\n      23.2595,\n      20.7285,\n      20.8617\n    ],\n    [\n      1700352000,\n      22.0025,\n      23.0494,\n      20.7718,\n      22.8539\n    ],\n    [\n      1700265600,\n      21.9483,\n      22.6886,\n      20.1877,\n      22.0025\n    ],\n    [\n      1700179200,\n      21.71,\n      24.67,\n      20,\n      21.9483\n    ],\n    [\n      1700092800,\n      20.7042,\n      24.05,\n      20.2549,\n      21.71\n    ],\n    [\n      1700006400,\n      17.0509,\n      20.9406,\n      17.0209,\n      20.7042\n    ],\n    [\n      1699920000,\n      16.1185,\n      18.1079,\n      15.5789,\n      17.0509\n    ],\n    [\n      1699833600,\n      18.9873,\n      19.7376,\n      16.116,\n      16.1235\n    ],\n    [\n      1699747200,\n      16.8019,\n      19.7376,\n      15.9003,\n      18.9873\n    ],\n    [\n      1699660800,\n      14.7493,\n      16.9939,\n      14.0091,\n      16.8019\n    ],\n    [\n      1699574400,\n      12.9712,\n      14.8588,\n      12.9022,\n      14.7493\n    ],\n    [\n      1699488000,\n      12.994,\n      13.9553,\n      11.9823,\n      12.9712\n    ],\n    [\n      1699401600,\n      12.8166,\n      13.15,\n      12.67,\n      12.994\n    ],\n    [\n      1699315200,\n      13.0804,\n      13.1014,\n      12.3013,\n      12.8166\n    ],\n    [\n      1699228800,\n      12.3583,\n      13.1688,\n      12.2491,\n      13.0804\n    ],\n    [\n      1699142400,\n      12.2254,\n      12.6792,\n      12.1108,\n      12.3583\n    ],\n    [\n      1699056000,\n      12.1137,\n      12.333,\n      11.9317,\n      12.2254\n    ],\n    [\n      1698969600,\n      11.8811,\n      12.19,\n      11.451,\n      12.1137\n    ],\n    [\n      1698883200,\n      12.2336,\n      12.5457,\n      11.4383,\n      11.8811\n    ],\n    [\n      1698796800,\n      11.3366,\n      12.3272,\n      10.884,\n      12.2342\n    ],\n    [\n      1698710400,\n      11.4633,\n      11.7634,\n      11.0163,\n      11.3366\n    ],\n    [\n      1698624000,\n      11.3746,\n      11.6847,\n      11.0692,\n      11.4633\n    ],\n    [\n      1698537600,\n      10.9722,\n      11.44,\n      10.7922,\n      11.3746\n    ],\n    [\n      1698451200,\n      10.5938,\n      11.0809,\n      10.5518,\n      10.9722\n    ],\n    [\n      1698364800,\n      11.0508,\n      11.0608,\n      10.4022,\n      10.5938\n    ],\n    [\n      1698278400,\n      10.5237,\n      11.472,\n      10.3715,\n      11.0508\n    ],\n    [\n      1698192000,\n      10.32,\n      10.632,\n      10.1696,\n      10.5237\n    ],\n    [\n      1698105600,\n      10.5878,\n      10.8057,\n      10.0958,\n      10.32\n    ],\n    [\n      1698019200,\n      10.08456,\n      10.67283,\n      9.87153,\n      10.5878\n    ],\n    [\n      1697932800,\n      9.63736,\n      10.09312,\n      9.54448,\n      10.08456\n    ],\n    [\n      1697846400,\n      9.22378,\n      9.81402,\n      9.18,\n      9.63736\n    ],\n    [\n      1697760000,\n      9.07,\n      9.38587,\n      9.03324,\n      9.22378\n    ],\n    [\n      1697673600,\n      8.91138,\n      9.12,\n      8.65615,\n      9.07\n    ],\n    [\n      1697587200,\n      9.10993,\n      9.21095,\n      8.84548,\n      8.91138\n    ],\n    [\n      1697500800,\n      9.40256,\n      9.41128,\n      9.01623,\n      9.10993\n    ],\n    [\n      1697414400,\n      9.17046,\n      9.81025,\n      9.17,\n      9.40256\n    ],\n    [\n      1697328000,\n      9.14834,\n      9.26234,\n      9.07828,\n      9.17046\n    ],\n    [\n      1697241600,\n      9.1498,\n      9.2474,\n      9.12057,\n      9.14834\n    ],\n    [\n      1697155200,\n      9.11836,\n      9.33707,\n      9.02675,\n      9.1498\n    ],\n    [\n      1697068800,\n      9.3,\n      9.31531,\n      8.88848,\n      9.11836\n    ],\n    [\n      1696982400,\n      9.53063,\n      9.57063,\n      9.21861,\n      9.3\n    ],\n    [\n      1696896000,\n      9.5403,\n      9.85,\n      9.42217,\n      9.53063\n    ],\n    [\n      1696809600,\n      10.0863,\n      10.09,\n      9.30516,\n      9.5403\n    ],\n    [\n      1696723200,\n      10.35772,\n      10.53554,\n      9.97262,\n      10.0863\n    ],\n    [\n      1696636800,\n      10.6602,\n      11.863,\n      10.26,\n      10.3577\n    ],\n    [\n      1696550400,\n      10.1413,\n      10.83,\n      10.1308,\n      10.6602\n    ],\n    [\n      1696464000,\n      10.10484,\n      10.32035,\n      9.82653,\n      10.14125\n    ],\n    [\n      1696377600,\n      9.42,\n      10.28035,\n      9.12507,\n      10.10484\n    ],\n    [\n      1696291200,\n      9.31723,\n      9.47507,\n      9.23172,\n      9.42\n    ],\n    [\n      1696204800,\n      9.75155,\n      9.83078,\n      9.175,\n      9.31723\n    ],\n    [\n      1696118400,\n      9.24187,\n      9.82578,\n      9.21897,\n      9.75155\n    ],\n    [\n      1696032000,\n      9.17932,\n      9.29482,\n      9.11732,\n      9.24187\n    ],\n    [\n      1695945600,\n      9.27,\n      9.36,\n      9.07849,\n      9.17932\n    ],\n    [\n      1695859200,\n      8.92223,\n      9.35145,\n      8.90375,\n      9.27\n    ],\n    [\n      1695772800,\n      9.04,\n      9.18278,\n      8.82573,\n      8.92\n    ],\n    [\n      1695686400,\n      8.94852,\n      9.0652,\n      8.85786,\n      9.04\n    ],\n    [\n      1695600000,\n      8.78176,\n      8.95886,\n      8.63086,\n      8.94852\n    ],\n    [\n      1695513600,\n      8.90178,\n      9.0517,\n      8.75,\n      8.78176\n    ],\n    [\n      1695427200,\n      8.86609,\n      8.9816,\n      8.83009,\n      8.90178\n    ],\n    [\n      1695340800,\n      8.82996,\n      8.91996,\n      8.73991,\n      8.86609\n    ],\n    [\n      1695254400,\n      9.04991,\n      9.10991,\n      8.77991,\n      8.82996\n    ],\n    [\n      1695168000,\n      9.21184,\n      9.24,\n      8.87177,\n      9.04991\n    ],\n    [\n      1695081600,\n      9.11045,\n      9.30789,\n      9.04184,\n      9.21184\n    ],\n    [\n      1694995200,\n      9.10115,\n      9.31236,\n      8.82112,\n      9.11045\n    ],\n    [\n      1694908800,\n      9.38244,\n      9.38244,\n      9.02229,\n      9.10115\n    ],\n    [\n      1694822400,\n      9.43017,\n      9.61008,\n      9.36016,\n      9.38244\n    ],\n    [\n      1694736000,\n      9.40132,\n      9.51133,\n      9.18814,\n      9.43017\n    ],\n    [\n      1694649600,\n      9.29077,\n      9.47039,\n      9.25077,\n      9.40132\n    ],\n    [\n      1694563200,\n      9.21963,\n      9.44924,\n      9.10664,\n      9.29077\n    ],\n    [\n      1694476800,\n      9.23,\n      9.57856,\n      9.2,\n      9.21963\n    ],\n    [\n      1694390400,\n      9.45844,\n      9.51,\n      9.06,\n      9.23\n    ],\n    [\n      1694304000,\n      9.83827,\n      9.83827,\n      9.21838,\n      9.45844\n    ],\n    [\n      1694217600,\n      9.92085,\n      9.92085,\n      9.82914,\n      9.83827\n    ],\n    [\n      1694131200,\n      10.09,\n      10.14247,\n      9.8351,\n      9.92085\n    ],\n    [\n      1694044800,\n      9.94461,\n      10.13495,\n      9.83467,\n      10.09\n    ],\n    [\n      1693958400,\n      9.90942,\n      10.04578,\n      9.77295,\n      9.94461\n    ],\n    [\n      1693872000,\n      9.80173,\n      9.95841,\n      9.65845,\n      9.90942\n    ],\n    [\n      1693785600,\n      9.87749,\n      10.03872,\n      9.6869,\n      9.80173\n    ],\n    [\n      1693699200,\n      9.91268,\n      9.98993,\n      9.82994,\n      9.87749\n    ],\n    [\n      1693612800,\n      9.92327,\n      9.96056,\n      9.75912,\n      9.91268\n    ],\n    [\n      1693526400,\n      9.97955,\n      10.05955,\n      9.75815,\n      9.92327\n    ],\n    [\n      1693440000,\n      10.41137,\n      10.54138,\n      9.83129,\n      9.97955\n    ],\n    [\n      1693353600,\n      10.8174,\n      10.8279,\n      10.3308,\n      10.4114\n    ],\n    [\n      1693267200,\n      10.3648,\n      11.1943,\n      10.3248,\n      10.8109\n    ],\n    [\n      1693180800,\n      10.2,\n      10.43977,\n      9.91788,\n      10.36476\n    ],\n    [\n      1693094400,\n      10.0854,\n      10.2754,\n      10.0697,\n      10.2\n    ],\n    [\n      1693008000,\n      10.04,\n      10.1254,\n      10.0044,\n      10.0854\n    ],\n    [\n      1692921600,\n      10.11457,\n      10.12707,\n      9.8847,\n      10.04\n    ],\n    [\n      1692835200,\n      10.33878,\n      10.35939,\n      9.97232,\n      10.11457\n    ],\n    [\n      1692748800,\n      10.1459,\n      10.4658,\n      10.058,\n      10.3388\n    ],\n    [\n      1692662400,\n      10.35949,\n      10.37949,\n      9.7361,\n      10.14594\n    ],\n    [\n      1692576000,\n      10.8651,\n      10.878,\n      10.1751,\n      10.3595\n    ],\n    [\n      1692489600,\n      10.81,\n      10.92,\n      10.7389,\n      10.8651\n    ],\n    [\n      1692403200,\n      10.8058,\n      10.8858,\n      10.56,\n      10.81\n    ],\n    [\n      1692316800,\n      10.5786,\n      10.997,\n      10.5386,\n      10.8058\n    ],\n    [\n      1692230400,\n      11.36703,\n      11.49688,\n      9.9886,\n      10.57857\n    ],\n    [\n      1692144000,\n      11.8146,\n      11.8581,\n      11.0837,\n      11.367\n    ],\n    [\n      1692057600,\n      12.3528,\n      12.3628,\n      11.3121,\n      11.8146\n    ],\n    [\n      1691971200,\n      12.2613,\n      12.4456,\n      12.1707,\n      12.3528\n    ],\n    [\n      1691884800,\n      12.3839,\n      12.4212,\n      12.1913,\n      12.2613\n    ],\n    [\n      1691798400,\n      12.4326,\n      12.48,\n      12.3439,\n      12.3839\n    ],\n    [\n      1691712000,\n      12.4727,\n      12.5352,\n      12.34,\n      12.4326\n    ],\n    [\n      1691625600,\n      12.6196,\n      12.6591,\n      12.4553,\n      12.4727\n    ],\n    [\n      1691539200,\n      12.68,\n      12.7981,\n      12.4896,\n      12.6196\n    ],\n    [\n      1691452800,\n      12.4493,\n      12.7881,\n      12.3688,\n      12.68\n    ],\n    [\n      1691366400,\n      12.5788,\n      12.7391,\n      12.2046,\n      12.4493\n    ],\n    [\n      1691280000,\n      12.4326,\n      12.6544,\n      12.4113,\n      12.5788\n    ],\n    [\n      1691193600,\n      12.4011,\n      12.4363,\n      12.2728,\n      12.4326\n    ],\n    [\n      1691107200,\n      12.4315,\n      12.6005,\n      12.2612,\n      12.4011\n    ],\n    [\n      1691020800,\n      12.5427,\n      12.6307,\n      12.39,\n      12.4315\n    ],\n    [\n      1690934400,\n      12.88,\n      12.9579,\n      12.4255,\n      12.5427\n    ],\n    [\n      1690848000,\n      12.8193,\n      12.8886,\n      12.4086,\n      12.88\n    ],\n    [\n      1690761600,\n      13.1205,\n      13.2753,\n      12.7086,\n      12.8193\n    ],\n    [\n      1690675200,\n      13.2392,\n      13.4105,\n      12.9203,\n      13.1205\n    ],\n    [\n      1690588800,\n      13.2232,\n      13.2896,\n      13.1592,\n      13.2392\n    ],\n    [\n      1690502400,\n      13.1498,\n      13.2912,\n      13.0165,\n      13.2232\n    ],\n    [\n      1690416000,\n      13.2687,\n      13.4298,\n      13.0249,\n      13.1498\n    ],\n    [\n      1690329600,\n      13.3396,\n      13.4587,\n      13.0887,\n      13.2687\n    ],\n    [\n      1690243200,\n      13.11,\n      13.5345,\n      13.04,\n      13.3396\n    ],\n    [\n      1690156800,\n      13.5427,\n      13.6,\n      12.815,\n      13.11\n    ],\n    [\n      1690070400,\n      13.5213,\n      13.7514,\n      13.4056,\n      13.5427\n    ],\n    [\n      1689984000,\n      13.9798,\n      14.0503,\n      13.3213,\n      13.5213\n    ],\n    [\n      1689897600,\n      13.8694,\n      14.0694,\n      13.7347,\n      13.9798\n    ],\n    [\n      1689811200,\n      13.9902,\n      14.4202,\n      13.6901,\n      13.8694\n    ],\n    [\n      1689724800,\n      13.8027,\n      14.2728,\n      13.7627,\n      13.9902\n    ],\n    [\n      1689638400,\n      14.4022,\n      14.5811,\n      13.616,\n      13.8027\n    ],\n    [\n      1689552000,\n      14.293,\n      14.6262,\n      13.8709,\n      14.4022\n    ],\n    [\n      1689465600,\n      14.842,\n      14.932,\n      14.176,\n      14.293\n    ],\n    [\n      1689379200,\n      14.649,\n      15.3495,\n      14.4195,\n      14.842\n    ],\n    [\n      1689292800,\n      14.1142,\n      15.9674,\n      14.0542,\n      14.649\n    ],\n    [\n      1689206400,\n      13.0147,\n      14.1894,\n      12.8995,\n      14.1142\n    ],\n    [\n      1689120000,\n      13.2701,\n      13.3501,\n      12.8602,\n      13.0147\n    ],\n    [\n      1689033600,\n      13.3908,\n      13.6904,\n      13.1608,\n      13.2701\n    ],\n    [\n      1688947200,\n      13.5841,\n      13.8542,\n      13.174,\n      13.3908\n    ],\n    [\n      1688860800,\n      13.6432,\n      14.2133,\n      13.5741,\n      13.5841\n    ],\n    [\n      1688774400,\n      12.741,\n      13.8756,\n      12.73,\n      13.6432\n    ],\n    [\n      1688688000,\n      12.3748,\n      12.751,\n      12.2698,\n      12.741\n    ],\n    [\n      1688601600,\n      12.6714,\n      13.1115,\n      12.2514,\n      12.3748\n    ],\n    [\n      1688515200,\n      13.0374,\n      13.1518,\n      12.5009,\n      12.6714\n    ],\n    [\n      1688428800,\n      13.2501,\n      13.4002,\n      13.0118,\n      13.0374\n    ],\n    [\n      1688342400,\n      13.1254,\n      13.4509,\n      13.0708,\n      13.2501\n    ],\n    [\n      1688256000,\n      13,\n      13.2154,\n      12.7104,\n      13.1254\n    ],\n    [\n      1688169600,\n      13.0231,\n      13.1541,\n      12.8381,\n      13\n    ],\n    [\n      1688083200,\n      12.6698,\n      13.3248,\n      12.1396,\n      13.0231\n    ],\n    [\n      1687996800,\n      12.3394,\n      12.95,\n      12.27,\n      12.6698\n    ],\n    [\n      1687910400,\n      13.2011,\n      13.2111,\n      12.1155,\n      12.3394\n    ],\n    [\n      1687824000,\n      13.3113,\n      13.4713,\n      13.13,\n      13.2011\n    ]\n  ]\n}","timestamp":"2024-12-08T10:42:23.495Z"}
{"level":"info","message":"Combined GMX data: {\n  \"arbitrum\": {\n    \"tickers\": [\n      {\n        \"tokenAddress\": \"0x7f9FBf9bDd3F4105C478b996B648FE6e828a1e98\",\n        \"tokenSymbol\": \"APE\",\n        \"minPrice\": \"1840499800000\",\n        \"maxPrice\": \"1841493450000\",\n        \"updatedAt\": 1733654538759,\n        \"timestamp\": 1733654538\n      },\n      {\n        \"tokenAddress\": \"0x74885b4D524d497261259B38900f54e6dbAd2210\",\n        \"tokenSymbol\": \"APE_deprecated\",\n        \"minPrice\": \"1840499800000\",\n        \"maxPrice\": \"1841493450000\",\n        \"updatedAt\": 1733654538759,\n        \"timestamp\": 1733654538\n      },\n      {\n        \"tokenAddress\": \"0x3f8f0dCE4dCE4d0D1d0871941e79CDA82cA50d0B\",\n        \"tokenSymbol\": \"APT\",\n        \"minPrice\": \"142816020000000000000000\",\n        \"maxPrice\": \"142895810000000000000000\",\n        \"updatedAt\": 1733654538759,\n        \"timestamp\": 1733654538\n      },\n      {\n        \"tokenAddress\": \"0x3Eea56A1ccCdbfB70A26aD381C71Ee17E4c8A15F\",\n        \"tokenSymbol\": \"BOME\",\n        \"minPrice\": \"10348000154051093000000\",\n        \"maxPrice\": \"10349493803573600000000\",\n        \"updatedAt\": 1733654538708,\n        \"timestamp\": 1733654538\n      },\n      {\n        \"tokenAddress\": \"0xaF770F03518686a365300ab35AD860e99967B2f0\",\n        \"tokenSymbol\": \"MEME\",\n        \"minPrice\": \"17600502414\",\n        \"maxPrice\": \"17609407636\",\n        \"updatedAt\": 1733654539466,\n        \"timestamp\": 1733654539\n      },\n      {\n        \"tokenAddress\": \"0x6792c5B8962ffbDD020c6b6FD0Be7b182e0e33a3\",\n        \"tokenSymbol\": \"FLOKI\",\n        \"minPrice\": \"252200326279116000\",\n        \"maxPrice\": \"252225290000000000\",\n        \"updatedAt\": 1733654539616,\n        \"timestamp\": 1733654539\n      },\n      {\n        \"tokenAddress\": \"0x5503CF72f54b6d692d36BBCD391516A7dE068687\",\n        \"tokenSymbol\": \"MEW\",\n        \"minPrice\": \"97218972727575330000000\",\n        \"maxPrice\": \"97262379742578230000000\",\n        \"updatedAt\": 1733654538759,\n        \"timestamp\": 1733654538\n      },\n      {\n        \"tokenAddress\": \"0x82aF49447D8a07e3bd95BD0d56f35241523fBab1\",\n        \"tokenSymbol\": \"ETH\",\n        \"minPrice\": \"3962824321714158\",\n        \"maxPrice\": \"3963038694993276\",\n        \"updatedAt\": 1733654539667,\n        \"timestamp\": 1733654539\n      },\n      {\n        \"tokenAddress\": \"0x938aef36CAaFbcB37815251B602168087eC14648\",\n        \"tokenSymbol\": \"TAO\",\n        \"minPrice\": \"686191474058191750000000\",\n        \"maxPrice\": \"686347591835210550000000\",\n        \"updatedAt\": 1733654538708,\n        \"timestamp\": 1733654538\n      },\n      {\n        \"tokenAddress\": \"0x1FD10E767187A92f0AB2ABDEEF4505e319cA06B2\",\n        \"tokenSymbol\": \"BONK\",\n        \"minPrice\": \"451897000000000000000\",\n        \"maxPrice\": \"452063324468650000000\",\n        \"updatedAt\": 1733654539516,\n        \"timestamp\": 1733654539\n      },\n      {\n        \"tokenAddress\": \"0x75B9AdD873641b253718810E6c65dB6d72311FD0\",\n        \"tokenSymbol\": \"WLD\",\n        \"minPrice\": \"3723931300000\",\n        \"maxPrice\": \"3725007959626\",\n        \"updatedAt\": 1733654538759,\n        \"timestamp\": 1733654538\n      },\n      {\n        \"tokenAddress\": \"0x47904963fc8b2340414262125aF798B9655E58Cd\",\n        \"tokenSymbol\": \"BTC\",\n        \"minPrice\": \"993541758810000000000000000\",\n        \"maxPrice\": \"993596360000000000000000000\",\n        \"updatedAt\": 1733654538759,\n        \"timestamp\": 1733654538\n      },\n      {\n        \"tokenAddress\": \"0x6c84a8f1c29108F47a79964b5Fe888D4f4D0dE40\",\n        \"tokenSymbol\": \"tBTC\",\n        \"minPrice\": \"99354175881000000\",\n        \"maxPrice\": \"99359636000000000\",\n        \"updatedAt\": 1733654538759,\n        \"timestamp\": 1733654538\n      },\n      {\n        \"tokenAddress\": \"0x2f2a2543B76A4166549F7aaB2e75Bef0aefC5B0f\",\n        \"tokenSymbol\": \"WBTC.b\",\n        \"minPrice\": \"993541758810000000000000000\",\n        \"maxPrice\": \"993596360000000000000000000\",\n        \"updatedAt\": 1733654538759,\n        \"timestamp\": 1733654538\n      },\n      {\n        \"tokenAddress\": \"0xC4da4c24fd591125c3F47b340b6f4f76111883d8\",\n        \"tokenSymbol\": \"DOGE\",\n        \"minPrice\": \"4548494298138413000000\",\n        \"maxPrice\": \"4548908800000000000000\",\n        \"updatedAt\": 1733654539667,\n        \"timestamp\": 1733654539\n      },\n      {\n        \"tokenAddress\": \"0x606C3e5075e5555e79Aa15F1E9FACB776F96C248\",\n        \"tokenSymbol\": \"EIGEN\",\n        \"minPrice\": \"4611022199318\",\n        \"maxPrice\": \"4613390300000\",\n        \"updatedAt\": 1733654538759,\n        \"timestamp\": 1733654538\n      },\n      {\n        \"tokenAddress\": \"0xB46A094Bc4B0adBD801E14b9DB95e05E28962764\",\n        \"tokenSymbol\": \"LTC\",\n        \"minPrice\": \"1334906861926425300000000\",\n        \"maxPrice\": \"1335099300000000000000000\",\n        \"updatedAt\": 1733654539162,\n        \"timestamp\": 1733654538\n      },\n      {\n        \"tokenAddress\": \"0x3E57D02f9d196873e55727382974b02EdebE6bfd\",\n        \"tokenSymbol\": \"SHIB\",\n        \"minPrice\": \"31807601\",\n        \"maxPrice\": \"31816696\",\n        \"updatedAt\": 1733654539667,\n        \"timestamp\": 1733654539\n      },\n      {\n        \"tokenAddress\": \"0x2bcC6D6CdBbDC0a4071e48bb3B969b06B3330c07\",\n        \"tokenSymbol\": \"SOL\",\n        \"minPrice\": \"235568014120952060000000\",\n        \"maxPrice\": \"235603813498708260000000\",\n        \"updatedAt\": 1733654538759,\n        \"timestamp\": 1733654538\n      },\n      {\n        \"tokenAddress\": \"0x197aa2DE1313c7AD50184234490E12409B2a1f95\",\n        \"tokenSymbol\": \"SUI\",\n        \"minPrice\": \"4178584118671627000000\",\n        \"maxPrice\": \"4178935250000000000000\",\n        \"updatedAt\": 1733654539667,\n        \"timestamp\": 1733654539\n      },\n      {\n        \"tokenAddress\": \"0x55e85A147a1029b985384822c0B2262dF8023452\",\n        \"tokenSymbol\": \"SEI\",\n        \"minPrice\": \"673898943757\",\n        \"maxPrice\": \"674021520671\",\n        \"updatedAt\": 1733654539616,\n        \"timestamp\": 1733654539\n      },\n      {\n        \"tokenAddress\": \"0xBaf07cF91D413C0aCB2b7444B9Bf13b4e03c9D71\",\n        \"tokenSymbol\": \"STX\",\n        \"minPrice\": \"2600321761397669850000000\",\n        \"maxPrice\": \"2601319350000000000000000\",\n        \"updatedAt\": 1733654539466,\n        \"timestamp\": 1733654539\n      },\n      {\n        \"tokenAddress\": \"0xFa7F8980b0f1E64A2062791cc3b0871572f1F7f0\",\n        \"tokenSymbol\": \"UNI\",\n        \"minPrice\": \"18795701945454\",\n        \"maxPrice\": \"18800389788595\",\n        \"updatedAt\": 1733654539414,\n        \"timestamp\": 1733654539\n      },\n      {\n        \"tokenAddress\": \"0xf97f4df75117a78c1A5a0DBb814Af92458539FB4\",\n        \"tokenSymbol\": \"LINK\",\n        \"minPrice\": \"25873997500000\",\n        \"maxPrice\": \"25886250868454\",\n        \"updatedAt\": 1733654539667,\n        \"timestamp\": 1733654539\n      },\n      {\n        \"tokenAddress\": \"0x912CE59144191C1204E64559FE8253a0e49E6548\",\n        \"tokenSymbol\": \"ARB\",\n        \"minPrice\": \"1151796000000\",\n        \"maxPrice\": \"1152178668013\",\n        \"updatedAt\": 1733654538708,\n        \"timestamp\": 1733654538\n      },\n      {\n        \"tokenAddress\": \"0xc14e065b0067dE91534e032868f5Ac6ecf2c6868\",\n        \"tokenSymbol\": \"XRP\",\n        \"minPrice\": \"2527629838988489000000000\",\n        \"maxPrice\": \"2527802082712865800000000\",\n        \"updatedAt\": 1733654539616,\n        \"timestamp\": 1733654539\n      },\n      {\n        \"tokenAddress\": \"0xaf88d065e77c8cC2239327C5EDb3A432268e5831\",\n        \"tokenSymbol\": \"USDC\",\n        \"minPrice\": \"999773351327852800000000\",\n        \"maxPrice\": \"999892180000000000000000\",\n        \"updatedAt\": 1733654539667,\n        \"timestamp\": 1733654539\n      },\n      {\n        \"tokenAddress\": \"0xFF970A61A04b1cA14834A43f5dE4533eBDDB5CC8\",\n        \"tokenSymbol\": \"USDC.e\",\n        \"minPrice\": \"999773351327852800000000\",\n        \"maxPrice\": \"999892180000000000000000\",\n        \"updatedAt\": 1733654539667,\n        \"timestamp\": 1733654539\n      },\n      {\n        \"tokenAddress\": \"0xFd086bC7CD5C481DCC9C85ebE478A1C0b69FCbb9\",\n        \"tokenSymbol\": \"USDT\",\n        \"minPrice\": \"1000440000000000000000000\",\n        \"maxPrice\": \"1000525200000000000000000\",\n        \"updatedAt\": 1733654539566,\n        \"timestamp\": 1733654539\n      },\n      {\n        \"tokenAddress\": \"0xDA10009cBd5D07dd0CeCc66161FC93D7c9000da1\",\n        \"tokenSymbol\": \"DAI\",\n        \"minPrice\": \"999778827621\",\n        \"maxPrice\": \"1000200000000\",\n        \"updatedAt\": 1733654539566,\n        \"timestamp\": 1733654539\n      },\n      {\n        \"tokenAddress\": \"0xa9004A5421372E1D83fB1f85b0fc986c912f91f3\",\n        \"tokenSymbol\": \"BNB\",\n        \"minPrice\": \"737033302071641\",\n        \"maxPrice\": \"737050059410866\",\n        \"updatedAt\": 1733654539414,\n        \"timestamp\": 1733654539\n      },\n      {\n        \"tokenAddress\": \"0x7D7F1765aCbaF847b9A1f7137FE8Ed4931FbfEbA\",\n        \"tokenSymbol\": \"ATOM\",\n        \"minPrice\": \"10214475360423710000000000\",\n        \"maxPrice\": \"10216867192669425000000000\",\n        \"updatedAt\": 1733654539667,\n        \"timestamp\": 1733654539\n      },\n      {\n        \"tokenAddress\": \"0x1FF7F3EFBb9481Cbd7db4F932cBCD4467144237C\",\n        \"tokenSymbol\": \"NEAR\",\n        \"minPrice\": \"7585317\",\n        \"maxPrice\": \"7586597\",\n        \"updatedAt\": 1733654539466,\n        \"timestamp\": 1733654539\n      },\n      {\n        \"tokenAddress\": \"0xba5DdD1f9d7F570dc94a51479a000E3BCE967196\",\n        \"tokenSymbol\": \"AAVE\",\n        \"minPrice\": \"280864143395665\",\n        \"maxPrice\": \"280905520000000\",\n        \"updatedAt\": 1733654539667,\n        \"timestamp\": 1733654539\n      },\n      {\n        \"tokenAddress\": \"0x565609fAF65B92F7be02468acF86f8979423e514\",\n        \"tokenSymbol\": \"AVAX\",\n        \"minPrice\": \"51125173500000\",\n        \"maxPrice\": \"51140272045412\",\n        \"updatedAt\": 1733654538708,\n        \"timestamp\": 1733654538\n      },\n      {\n        \"tokenAddress\": \"0xaC800FD6159c2a2CB8fC31EF74621eB430287a5A\",\n        \"tokenSymbol\": \"OP\",\n        \"minPrice\": \"2647503751823\",\n        \"maxPrice\": \"2648397425837\",\n        \"updatedAt\": 1733654538759,\n        \"timestamp\": 1733654538\n      },\n      {\n        \"tokenAddress\": \"0x1E15d08f3CA46853B692EE28AE9C7a0b88a9c994\",\n        \"tokenSymbol\": \"ORDI\",\n        \"minPrice\": \"47729745828509\",\n        \"maxPrice\": \"47741566836381\",\n        \"updatedAt\": 1733654539667,\n        \"timestamp\": 1733654539\n      },\n      {\n        \"tokenAddress\": \"0x38676f62d166f5CE7De8433F51c6B3D6D9d66C19\",\n        \"tokenSymbol\": \"TIA\",\n        \"minPrice\": \"8263600000000000000000000\",\n        \"maxPrice\": \"8264810000000000000000000\",\n        \"updatedAt\": 1733654538708,\n        \"timestamp\": 1733654538\n      },\n      {\n        \"tokenAddress\": \"0xb06aa7E4af937C130dDade66f6ed7642716fe07A\",\n        \"tokenSymbol\": \"TRX\",\n        \"minPrice\": \"310492048334795700000000\",\n        \"maxPrice\": \"310588651253207560000000\",\n        \"updatedAt\": 1733654538608,\n        \"timestamp\": 1733654538\n      },\n      {\n        \"tokenAddress\": \"0xB2f7cefaeEb08Aa347705ac829a7b8bE2FB560f3\",\n        \"tokenSymbol\": \"TON\",\n        \"minPrice\": \"6723891940411733000000\",\n        \"maxPrice\": \"6725166378967509500000\",\n        \"updatedAt\": 1733654539566,\n        \"timestamp\": 1733654539\n      },\n      {\n        \"tokenAddress\": \"0xfc5A1A6EB076a2C7aD06eD22C90d7E710E35ad0a\",\n        \"tokenSymbol\": \"GMX\",\n        \"minPrice\": \"40847850749612\",\n        \"maxPrice\": \"40858766795314\",\n        \"updatedAt\": 1733654539414,\n        \"timestamp\": 1733654539\n      },\n      {\n        \"tokenAddress\": \"0xA1b91fe9FD52141Ff8cac388Ce3F10BFDc1dE79d\",\n        \"tokenSymbol\": \"WIF\",\n        \"minPrice\": \"3722540766281547250000000\",\n        \"maxPrice\": \"3724062010540842850000000\",\n        \"updatedAt\": 1733654538708,\n        \"timestamp\": 1733654538\n      },\n      {\n        \"tokenAddress\": \"0x25d887Ce7a35172C62FeBFD67a1856F20FaEbB00\",\n        \"tokenSymbol\": \"PEPE\",\n        \"minPrice\": \"24805218\",\n        \"maxPrice\": \"24815506\",\n        \"updatedAt\": 1733654539466,\n        \"timestamp\": 1733654539\n      },\n      {\n        \"tokenAddress\": \"0x0c880f6761F1af8d9Aa9C466984b80DAb9a8c9e8\",\n        \"tokenSymbol\": \"PENDLE\",\n        \"minPrice\": \"6619689242334\",\n        \"maxPrice\": \"6621061057422\",\n        \"updatedAt\": 1733654539667,\n        \"timestamp\": 1733654539\n      },\n      {\n        \"tokenAddress\": \"0x5979D7b546E38E414F7E9822514be443A4800529\",\n        \"tokenSymbol\": \"wstETH\",\n        \"minPrice\": \"4700082261098255\",\n        \"maxPrice\": \"4700524468968507\",\n        \"updatedAt\": 1733654538910,\n        \"timestamp\": 1733654538\n      },\n      {\n        \"tokenAddress\": \"0x5d3a1Ff2b6BAb83b63cd9AD0787074081a52ef34\",\n        \"tokenSymbol\": \"USDe\",\n        \"minPrice\": \"1001889600000\",\n        \"maxPrice\": \"1001989700000\",\n        \"updatedAt\": 1733654538507,\n        \"timestamp\": 1733654538\n      },\n      {\n        \"tokenAddress\": \"0x2cD2eB61D17b78239Fcd19aafF72981B5D5eF319\",\n        \"tokenSymbol\": \"SATS\",\n        \"minPrice\": \"305705320000000000\",\n        \"maxPrice\": \"305896724829000000\",\n        \"updatedAt\": 1733654539414,\n        \"timestamp\": 1733654539\n      },\n      {\n        \"tokenAddress\": \"0x9c74772b713a1B032aEB173E28683D937E51921c\",\n        \"tokenSymbol\": \"POL\",\n        \"minPrice\": \"687870364378\",\n        \"maxPrice\": \"688008840000\",\n        \"updatedAt\": 1733654538708,\n        \"timestamp\": 1733654538\n      },\n      {\n        \"tokenAddress\": \"0x53186c8419BEB83fE4Da74F7875041a1287337ED\",\n        \"tokenSymbol\": \"ADA\",\n        \"minPrice\": \"1195981102401984000000000\",\n        \"maxPrice\": \"1196137813056244100000000\",\n        \"updatedAt\": 1733654539667,\n        \"timestamp\": 1733654539\n      },\n      {\n        \"tokenAddress\": \"0xc5dbD52Ae5a927Cf585B884011d0C7631C9974c6\",\n        \"tokenSymbol\": \"XLM\",\n        \"minPrice\": \"48310682919170406000000\",\n        \"maxPrice\": \"48319288000000000000000\",\n        \"updatedAt\": 1733654539566,\n        \"timestamp\": 1733654539\n      },\n      {\n        \"tokenAddress\": \"0xc33D9C096e74aa4f571E9417b69a19C4A1e72ef2\",\n        \"tokenSymbol\": \"BCH\",\n        \"minPrice\": \"6138473292212894000000000\",\n        \"maxPrice\": \"6139960900000000000000000\",\n        \"updatedAt\": 1733654539667,\n        \"timestamp\": 1733654539\n      },\n      {\n        \"tokenAddress\": \"0xE958f107b467d5172573F761d26931D658C1b436\",\n        \"tokenSymbol\": \"DOT\",\n        \"minPrice\": \"1038505899460480800000\",\n        \"maxPrice\": \"1038788400000000000000\",\n        \"updatedAt\": 1733654539667,\n        \"timestamp\": 1733654539\n      },\n      {\n        \"tokenAddress\": \"0xdaf0A71608938F762e37eC5F72F670Cc44703454\",\n        \"tokenSymbol\": \"ICP\",\n        \"minPrice\": \"143793626047160355000000\",\n        \"maxPrice\": \"143817047195146440000000\",\n        \"updatedAt\": 1733654538558,\n        \"timestamp\": 1733654538\n      },\n      {\n        \"tokenAddress\": \"0x82BB89fcc64c5d4016C5Ed1AB016bB0D1C20D6C3\",\n        \"tokenSymbol\": \"RENDER\",\n        \"minPrice\": \"10115667500000\",\n        \"maxPrice\": \"10117442095536\",\n        \"updatedAt\": 1733654539516,\n        \"timestamp\": 1733654539\n      }\n    ],\n    \"candles\": {\n      \"period\": \"1d\",\n      \"candles\": [\n        [\n          1733616000,\n          4000.01,\n          4012.6,\n          3926.59,\n          3962.91\n        ],\n        [\n          1733529600,\n          4005.13,\n          4030.15,\n          3973.19,\n          4000.01\n        ],\n        [\n          1733443200,\n          3789.41,\n          4095.54,\n          3781.49,\n          4005.13\n        ],\n        [\n          1733356800,\n          3844.04,\n          3958.53,\n          3685.52,\n          3789.41\n        ],\n        [\n          1733270400,\n          3617.25,\n          3896.98,\n          3616.97,\n          3844.04\n        ],\n        [\n          1733184000,\n          3644.6,\n          3670.86,\n          3502.98,\n          3617.25\n        ],\n        [\n          1733097600,\n          3710.08,\n          3762.71,\n          3556.84,\n          3644.6\n        ],\n        [\n          1733011200,\n          3705.93,\n          3748.76,\n          3661.3,\n          3710.08\n        ],\n        [\n          1732924800,\n          3593.55,\n          3740.59,\n          3570.3,\n          3705.93\n        ],\n        [\n          1732838400,\n          3579.25,\n          3649.12,\n          3535.69,\n          3593.55\n        ],\n        [\n          1732752000,\n          3657.1,\n          3665.27,\n          3530.7,\n          3579.25\n        ],\n        [\n          1732665600,\n          3323.31,\n          3688.62,\n          3300.9,\n          3657.1\n        ],\n        [\n          1732579200,\n          3414.64,\n          3462.72,\n          3254.06,\n          3323.31\n        ],\n        [\n          1732492800,\n          3364.68,\n          3546.15,\n          3304.07,\n          3414.64\n        ],\n        [\n          1732406400,\n          3397.3,\n          3453.41,\n          3286.83,\n          3364.68\n        ],\n        [\n          1732320000,\n          3331.44,\n          3500.2,\n          3316.53,\n          3397.3\n        ],\n        [\n          1732233600,\n          3359.82,\n          3429.48,\n          3262.59,\n          3331.44\n        ],\n        [\n          1732147200,\n          3072.04,\n          3390.18,\n          3035.27,\n          3359.82\n        ],\n        [\n          1732060800,\n          3111.66,\n          3161.35,\n          3032.2,\n          3072.04\n        ],\n        [\n          1731974400,\n          3210.05,\n          3223.03,\n          3069.84,\n          3111.66\n        ],\n        [\n          1731888000,\n          3076.46,\n          3225.99,\n          3050.61,\n          3210.05\n        ],\n        [\n          1731801600,\n          3133.75,\n          3161.67,\n          3037.29,\n          3076.46\n        ],\n        [\n          1731715200,\n          3090.85,\n          3220.17,\n          3072.83,\n          3133.75\n        ],\n        [\n          1731628800,\n          3058.84,\n          3131.19,\n          3014.89,\n          3090.85\n        ],\n        [\n          1731542400,\n          3191.23,\n          3242.32,\n          3031.25,\n          3058.84\n        ],\n        [\n          1731456000,\n          3247.23,\n          3338.83,\n          3121.31,\n          3191.23\n        ],\n        [\n          1731369600,\n          3375.65,\n          3445.39,\n          3210.61,\n          3247.23\n        ],\n        [\n          1731283200,\n          3185.9,\n          3391.35,\n          3108.35,\n          3375.65\n        ],\n        [\n          1731196800,\n          3128.03,\n          3251.14,\n          3070.79,\n          3185.9\n        ],\n        [\n          1731110400,\n          2963.81,\n          3158.03,\n          2956.57,\n          3128.03\n        ],\n        [\n          1731024000,\n          2897.19,\n          2985.35,\n          2888.98,\n          2963.81\n        ],\n        [\n          1730937600,\n          2724.34,\n          2920.02,\n          2701.35,\n          2897.19\n        ],\n        [\n          1730851200,\n          2422.37,\n          2746.37,\n          2420.4,\n          2724.34\n        ],\n        [\n          1730764800,\n          2396.96,\n          2479.35,\n          2379.52,\n          2422.37\n        ],\n        [\n          1730678400,\n          2456.53,\n          2489.7,\n          2357.19,\n          2396.96\n        ],\n        [\n          1730592000,\n          2493.15,\n          2495.63,\n          2410.06,\n          2456.53\n        ],\n        [\n          1730505600,\n          2510.43,\n          2522.17,\n          2470,\n          2493.15\n        ],\n        [\n          1730419200,\n          2514.99,\n          2585.01,\n          2466.06,\n          2510.43\n        ],\n        [\n          1730332800,\n          2658.2,\n          2667.91,\n          2500.3,\n          2514.99\n        ],\n        [\n          1730246400,\n          2637.55,\n          2721.01,\n          2598.62,\n          2658.2\n        ],\n        [\n          1730160000,\n          2565.68,\n          2681.21,\n          2559.51,\n          2637.55\n        ],\n        [\n          1730073600,\n          2505.05,\n          2587.63,\n          2468.45,\n          2565.68\n        ],\n        [\n          1729987200,\n          2479.41,\n          2524.41,\n          2461.07,\n          2505.05\n        ],\n        [\n          1729900800,\n          2435.99,\n          2504.16,\n          2425.57,\n          2479.41\n        ],\n        [\n          1729814400,\n          2534.22,\n          2563.99,\n          2379.81,\n          2435.99\n        ],\n        [\n          1729728000,\n          2521.98,\n          2558.88,\n          2505.68,\n          2534.22\n        ],\n        [\n          1729641600,\n          2620.98,\n          2625.11,\n          2453.1,\n          2521.98\n        ],\n        [\n          1729555200,\n          2665.32,\n          2670.33,\n          2604.72,\n          2620.98\n        ],\n        [\n          1729468800,\n          2746.05,\n          2768.25,\n          2654.28,\n          2665.32\n        ],\n        [\n          1729382400,\n          2647.93,\n          2758.11,\n          2635.28,\n          2746.05\n        ],\n        [\n          1729296000,\n          2641.95,\n          2662.93,\n          2630.83,\n          2647.93\n        ],\n        [\n          1729209600,\n          2604.83,\n          2675.38,\n          2595.36,\n          2641.95\n        ],\n        [\n          1729123200,\n          2610.61,\n          2647.31,\n          2574.98,\n          2604.83\n        ],\n        [\n          1729036800,\n          2606.86,\n          2646.7,\n          2588.55,\n          2610.61\n        ],\n        [\n          1728950400,\n          2628.71,\n          2687.19,\n          2537.01,\n          2606.86\n        ],\n        [\n          1728864000,\n          2467.84,\n          2653.11,\n          2442.44,\n          2628.71\n        ],\n        [\n          1728777600,\n          2475.77,\n          2484.21,\n          2435.93,\n          2467.84\n        ],\n        [\n          1728691200,\n          2438.66,\n          2489.49,\n          2433.35,\n          2475.77\n        ],\n        [\n          1728604800,\n          2384.38,\n          2471,\n          2379.87,\n          2438.66\n        ],\n        [\n          1728518400,\n          2368.35,\n          2417.92,\n          2328.36,\n          2384.38\n        ],\n        [\n          1728432000,\n          2439.39,\n          2471.82,\n          2349.38,\n          2368.35\n        ],\n        [\n          1728345600,\n          2422.04,\n          2464.78,\n          2400.13,\n          2439.39\n        ],\n        [\n          1728259200,\n          2439.63,\n          2520.3,\n          2402.93,\n          2422.04\n        ],\n        [\n          1728172800,\n          2414.5,\n          2457.31,\n          2406.81,\n          2439.63\n        ],\n        [\n          1728086400,\n          2414.4,\n          2428.01,\n          2389.72,\n          2414.5\n        ],\n        [\n          1728000000,\n          2349.73,\n          2440.84,\n          2338.97,\n          2414.4\n        ],\n        [\n          1727913600,\n          2363.61,\n          2403.05,\n          2309.58,\n          2349.73\n        ],\n        [\n          1727827200,\n          2447.94,\n          2498.41,\n          2352.45,\n          2363.61\n        ],\n        [\n          1727740800,\n          2601.32,\n          2657.92,\n          2413.22,\n          2447.94\n        ],\n        [\n          1727654400,\n          2658.01,\n          2663.58,\n          2574.13,\n          2601.32\n        ],\n        [\n          1727568000,\n          2675.64,\n          2683.81,\n          2634.68,\n          2658.01\n        ],\n        [\n          1727481600,\n          2695.2,\n          2704.87,\n          2650.56,\n          2675.64\n        ],\n        [\n          1727395200,\n          2632.51,\n          2728.62,\n          2615.51,\n          2695.2\n        ],\n        [\n          1727308800,\n          2579.46,\n          2666.44,\n          2558.88,\n          2632.51\n        ],\n        [\n          1727222400,\n          2653.35,\n          2673.62,\n          2555.32,\n          2579.46\n        ],\n        [\n          1727136000,\n          2647,\n          2671.24,\n          2591.71,\n          2653.35\n        ],\n        [\n          1727049600,\n          2581.12,\n          2703.39,\n          2540.12,\n          2647\n        ],\n        [\n          1726963200,\n          2613.24,\n          2632.26,\n          2525.73,\n          2581.12\n        ],\n        [\n          1726876800,\n          2561.6,\n          2622.26,\n          2529.46,\n          2613.24\n        ],\n        [\n          1726790400,\n          2465.57,\n          2571.94,\n          2438.11,\n          2561.6\n        ],\n        [\n          1726704000,\n          2374.73,\n          2494.38,\n          2372.81,\n          2465.57\n        ],\n        [\n          1726617600,\n          2342.02,\n          2376.07,\n          2277.55,\n          2374.73\n        ],\n        [\n          1726531200,\n          2295.37,\n          2393.82,\n          2263.3,\n          2342.02\n        ],\n        [\n          1726444800,\n          2316.22,\n          2335.32,\n          2252.54,\n          2295.37\n        ],\n        [\n          1726358400,\n          2418.38,\n          2430.94,\n          2285.76,\n          2316.22\n        ],\n        [\n          1726272000,\n          2441.11,\n          2442.5,\n          2380.73,\n          2418.38\n        ],\n        [\n          1726185600,\n          2361.75,\n          2464.46,\n          2337.4,\n          2441.11\n        ],\n        [\n          1726099200,\n          2340.74,\n          2391.83,\n          2315.08,\n          2361.75\n        ],\n        [\n          1726012800,\n          2388.48,\n          2389.54,\n          2277.98,\n          2340.74\n        ],\n        [\n          1725926400,\n          2359.8,\n          2399.02,\n          2321.13,\n          2388.48\n        ],\n        [\n          1725840000,\n          2297.2,\n          2380.05,\n          2272.95,\n          2359.8\n        ],\n        [\n          1725753600,\n          2273.27,\n          2332.41,\n          2241.63,\n          2297.2\n        ],\n        [\n          1725667200,\n          2224.53,\n          2311.01,\n          2221.48,\n          2273.27\n        ],\n        [\n          1725580800,\n          2367.87,\n          2407.54,\n          2150.09,\n          2224.53\n        ],\n        [\n          1725494400,\n          2450.33,\n          2465.82,\n          2347.84,\n          2367.87\n        ],\n        [\n          1725408000,\n          2424.66,\n          2489.54,\n          2308.57,\n          2450.33\n        ],\n        [\n          1725321600,\n          2537.92,\n          2553.28,\n          2415.72,\n          2424.66\n        ],\n        [\n          1725235200,\n          2426.03,\n          2564.12,\n          2423.58,\n          2537.92\n        ],\n        [\n          1725148800,\n          2512.82,\n          2515.91,\n          2400.17,\n          2426.03\n        ],\n        [\n          1725062400,\n          2525.45,\n          2533.44,\n          2492.19,\n          2512.82\n        ],\n        [\n          1724976000,\n          2527.95,\n          2548.9,\n          2432.21,\n          2525.45\n        ],\n        [\n          1724889600,\n          2527.95,\n          2596.4,\n          2506.18,\n          2527.95\n        ],\n        [\n          1724803200,\n          2457.74,\n          2554.98,\n          2420.14,\n          2527.95\n        ],\n        [\n          1724716800,\n          2681.06,\n          2700.19,\n          2399,\n          2457.74\n        ],\n        [\n          1724630400,\n          2747.49,\n          2763.32,\n          2667.78,\n          2681.06\n        ],\n        [\n          1724544000,\n          2769.78,\n          2793.34,\n          2734.98,\n          2747.49\n        ],\n        [\n          1724457600,\n          2764.76,\n          2820.48,\n          2734.88,\n          2769.78\n        ],\n        [\n          1724371200,\n          2623.22,\n          2800.64,\n          2621.54,\n          2764.76\n        ],\n        [\n          1724284800,\n          2631.16,\n          2645.53,\n          2585.18,\n          2623.22\n        ],\n        [\n          1724198400,\n          2573.01,\n          2664.04,\n          2537.37,\n          2631.16\n        ],\n        [\n          1724112000,\n          2637.39,\n          2696.52,\n          2555.51,\n          2573.01\n        ],\n        [\n          1724025600,\n          2612.37,\n          2648.71,\n          2564.66,\n          2637.39\n        ],\n        [\n          1723939200,\n          2614.71,\n          2686.58,\n          2594.86,\n          2612.37\n        ],\n        [\n          1723852800,\n          2593.55,\n          2627.72,\n          2588.07,\n          2614.71\n        ],\n        [\n          1723766400,\n          2570.31,\n          2630.45,\n          2551.94,\n          2593.55\n        ],\n        [\n          1723680000,\n          2661.77,\n          2675.67,\n          2517.99,\n          2570.31\n        ],\n        [\n          1723593600,\n          2703.32,\n          2779.37,\n          2635.5,\n          2661.77\n        ],\n        [\n          1723507200,\n          2723.08,\n          2738.78,\n          2612.03,\n          2703.32\n        ],\n        [\n          1723420800,\n          2555.52,\n          2749.97,\n          2511.29,\n          2723.08\n        ],\n        [\n          1723334400,\n          2610.54,\n          2719.1,\n          2541.26,\n          2555.52\n        ],\n        [\n          1723248000,\n          2599.83,\n          2644.87,\n          2577.6,\n          2610.54\n        ],\n        [\n          1723161600,\n          2683.95,\n          2707.34,\n          2553.69,\n          2599.83\n        ],\n        [\n          1723075200,\n          2343.24,\n          2723.69,\n          2321.07,\n          2683.95\n        ],\n        [\n          1722988800,\n          2462.64,\n          2551.89,\n          2309.39,\n          2343.24\n        ],\n        [\n          1722902400,\n          2419.93,\n          2554.68,\n          2416.49,\n          2462.64\n        ],\n        [\n          1722816000,\n          2688.04,\n          2696.31,\n          2111.95,\n          2419.93\n        ],\n        [\n          1722729600,\n          2901.96,\n          2932.37,\n          2631.09,\n          2688.04\n        ],\n        [\n          1722643200,\n          2985.91,\n          3015.85,\n          2858.77,\n          2901.96\n        ],\n        [\n          1722556800,\n          3200.69,\n          3215.58,\n          2964.51,\n          2985.91\n        ],\n        [\n          1722470400,\n          3231.67,\n          3241.86,\n          3077.7,\n          3200.69\n        ],\n        [\n          1722384000,\n          3278.37,\n          3348.12,\n          3213.44,\n          3231.67\n        ],\n        [\n          1722297600,\n          3317.21,\n          3365.52,\n          3234.02,\n          3278.37\n        ],\n        [\n          1722211200,\n          3270.01,\n          3396.59,\n          3257.23,\n          3317.21\n        ],\n        [\n          1722124800,\n          3249.26,\n          3283.58,\n          3199.18,\n          3270.01\n        ],\n        [\n          1722038400,\n          3274.99,\n          3327.72,\n          3191.97,\n          3249.26\n        ],\n        [\n          1721952000,\n          3174.28,\n          3286.04,\n          3169.78,\n          3274.99\n        ],\n        [\n          1721865600,\n          3335.34,\n          3341.59,\n          3086.87,\n          3174.28\n        ],\n        [\n          1721779200,\n          3482.88,\n          3487.84,\n          3302.8,\n          3335.34\n        ],\n        [\n          1721692800,\n          3440.84,\n          3540.22,\n          3391.71,\n          3482.88\n        ],\n        [\n          1721606400,\n          3536.06,\n          3562.4,\n          3424.58,\n          3440.84\n        ],\n        [\n          1721520000,\n          3518.61,\n          3547.21,\n          3413.61,\n          3536.06\n        ],\n        [\n          1721433600,\n          3505.7,\n          3540.62,\n          3482.01,\n          3518.61\n        ],\n        [\n          1721347200,\n          3425.71,\n          3541.45,\n          3376.49,\n          3505.7\n        ],\n        [\n          1721260800,\n          3387.31,\n          3489.65,\n          3368.21,\n          3425.71\n        ],\n        [\n          1721174400,\n          3446.25,\n          3517.78,\n          3377.38,\n          3387.31\n        ],\n        [\n          1721088000,\n          3485.49,\n          3499.11,\n          3348.35,\n          3446.25\n        ],\n        [\n          1721001600,\n          3246.12,\n          3495.59,\n          3234.74,\n          3485.49\n        ],\n        [\n          1720915200,\n          3176.72,\n          3268.45,\n          3164.62,\n          3246.12\n        ],\n        [\n          1720828800,\n          3134.78,\n          3202.62,\n          3114.35,\n          3176.72\n        ],\n        [\n          1720742400,\n          3099.42,\n          3158.07,\n          3047.57,\n          3134.78\n        ],\n        [\n          1720656000,\n          3100.57,\n          3215.09,\n          3054.85,\n          3099.42\n        ],\n        [\n          1720569600,\n          3066.45,\n          3150.39,\n          3024.64,\n          3100.57\n        ],\n        [\n          1720483200,\n          3018.45,\n          3112.67,\n          3003.89,\n          3066.45\n        ],\n        [\n          1720396800,\n          2930.82,\n          3093.18,\n          2824.04,\n          3018.45\n        ],\n        [\n          1720310400,\n          3067.35,\n          3073.75,\n          2922.33,\n          2930.82\n        ],\n        [\n          1720224000,\n          2981.85,\n          3081.1,\n          2955.87,\n          3067.35\n        ],\n        [\n          1720137600,\n          3058.7,\n          3107.97,\n          2820.35,\n          2981.85\n        ],\n        [\n          1720051200,\n          3292.05,\n          3309.7,\n          3050.36,\n          3058.7\n        ],\n        [\n          1719964800,\n          3416.24,\n          3426.91,\n          3249.98,\n          3292.05\n        ],\n        [\n          1719878400,\n          3438.62,\n          3460.05,\n          3397.62,\n          3416.24\n        ],\n        [\n          1719792000,\n          3432.44,\n          3518.42,\n          3422.19,\n          3438.62\n        ],\n        [\n          1719705600,\n          3373.31,\n          3454.11,\n          3350.01,\n          3432.44\n        ],\n        [\n          1719619200,\n          3373.74,\n          3402.92,\n          3366.83,\n          3373.31\n        ],\n        [\n          1719532800,\n          3445.56,\n          3483.91,\n          3362.31,\n          3373.74\n        ],\n        [\n          1719446400,\n          3368.98,\n          3473.55,\n          3360.07,\n          3445.56\n        ],\n        [\n          1719360000,\n          3393.26,\n          3424.34,\n          3324.61,\n          3368.98\n        ],\n        [\n          1719273600,\n          3350.92,\n          3427.09,\n          3335.28,\n          3393.26\n        ],\n        [\n          1719187200,\n          3418.54,\n          3433.31,\n          3241.05,\n          3350.92\n        ],\n        [\n          1719100800,\n          3494.07,\n          3519.75,\n          3405.76,\n          3418.54\n        ],\n        [\n          1719014400,\n          3516.65,\n          3519.24,\n          3473.87,\n          3494.07\n        ],\n        [\n          1718928000,\n          3512.1,\n          3545.24,\n          3445.77,\n          3516.65\n        ],\n        [\n          1718841600,\n          3559.08,\n          3624.24,\n          3484.84,\n          3512.1\n        ],\n        [\n          1718755200,\n          3482.71,\n          3586.47,\n          3464.95,\n          3559.08\n        ],\n        [\n          1718668800,\n          3509.05,\n          3514.27,\n          3353.88,\n          3482.71\n        ],\n        [\n          1718582400,\n          3621.7,\n          3635.65,\n          3463.8,\n          3509.05\n        ],\n        [\n          1718496000,\n          3566.65,\n          3650.94,\n          3538.98,\n          3621.7\n        ],\n        [\n          1718409600,\n          3479.73,\n          3591.5,\n          3471.23,\n          3566.65\n        ],\n        [\n          1718323200,\n          3469.06,\n          3531.04,\n          3360.85,\n          3479.73\n        ],\n        [\n          1718236800,\n          3559.93,\n          3561.58,\n          3428.21,\n          3469.06\n        ],\n        [\n          1718150400,\n          3496.14,\n          3654.64,\n          3461.17,\n          3559.93\n        ],\n        [\n          1718064000,\n          3666.82,\n          3671.69,\n          3430.43,\n          3496.14\n        ],\n        [\n          1717977600,\n          3706.08,\n          3712.62,\n          3644.15,\n          3666.82\n        ],\n        [\n          1717891200,\n          3680.26,\n          3721.19,\n          3665.58,\n          3706.08\n        ],\n        [\n          1717804800,\n          3676.09,\n          3707.18,\n          3660.55,\n          3680.26\n        ],\n        [\n          1717718400,\n          3812.1,\n          3840.02,\n          3585.93,\n          3676.09\n        ],\n        [\n          1717632000,\n          3864.91,\n          3877.51,\n          3760.41,\n          3812.1\n        ],\n        [\n          1717545600,\n          3809.85,\n          3886.37,\n          3777.32,\n          3864.91\n        ],\n        [\n          1717459200,\n          3766.57,\n          3831.2,\n          3731.32,\n          3809.85\n        ],\n        [\n          1717372800,\n          3778.79,\n          3849.45,\n          3758.51,\n          3766.57\n        ],\n        [\n          1717286400,\n          3812.5,\n          3835.02,\n          3750.59,\n          3778.79\n        ],\n        [\n          1717200000,\n          3760.27,\n          3829.96,\n          3750.62,\n          3812.5\n        ],\n        [\n          1717113600,\n          3746.06,\n          3843.82,\n          3722.47,\n          3760.28\n        ],\n        [\n          1717027200,\n          3764.42,\n          3823.21,\n          3700.41,\n          3746.36\n        ],\n        [\n          1716940800,\n          3840.71,\n          3883.73,\n          3741.69,\n          3764.42\n        ],\n        [\n          1716854400,\n          3891.81,\n          3928.61,\n          3770.13,\n          3840.71\n        ],\n        [\n          1716768000,\n          3825.26,\n          3974.53,\n          3822.18,\n          3891.81\n        ],\n        [\n          1716681600,\n          3749.23,\n          3881,\n          3731.24,\n          3825.26\n        ],\n        [\n          1716595200,\n          3726.44,\n          3777.3,\n          3707.32,\n          3749.23\n        ],\n        [\n          1716508800,\n          3782.52,\n          3827.82,\n          3628.55,\n          3726.44\n        ],\n        [\n          1716422400,\n          3737.36,\n          3946.84,\n          3533.36,\n          3782.52\n        ],\n        [\n          1716336000,\n          3789.26,\n          3812.89,\n          3653.19,\n          3737.36\n        ],\n        [\n          1716249600,\n          3661.79,\n          3839.36,\n          3625.74,\n          3789.26\n        ],\n        [\n          1716163200,\n          3071.54,\n          3692.61,\n          3048.58,\n          3661.79\n        ],\n        [\n          1716076800,\n          3124.05,\n          3137.76,\n          3053.87,\n          3071.54\n        ],\n        [\n          1715990400,\n          3092.78,\n          3147.33,\n          3084.76,\n          3124.05\n        ],\n        [\n          1715904000,\n          2945.56,\n          3120.2,\n          2933.91,\n          3092.78\n        ],\n        [\n          1715817600,\n          3032.87,\n          3041.04,\n          2924.04,\n          2945.55\n        ],\n        [\n          1715731200,\n          2880.39,\n          3041.2,\n          2862.26,\n          3032.87\n        ],\n        [\n          1715644800,\n          2949.78,\n          2959.58,\n          2860.08,\n          2880.39\n        ],\n        [\n          1715558400,\n          2927.99,\n          2994.75,\n          2863.75,\n          2949.78\n        ],\n        [\n          1715472000,\n          2911.48,\n          2953.77,\n          2900.74,\n          2927.99\n        ],\n        [\n          1715385600,\n          2909.99,\n          2944.43,\n          2886.92,\n          2911.48\n        ],\n        [\n          1715299200,\n          3035.51,\n          3052.69,\n          2879.6,\n          2909.99\n        ],\n        [\n          1715212800,\n          2973.81,\n          3058.05,\n          2950.2,\n          3035.51\n        ],\n        [\n          1715126400,\n          3005.75,\n          3038.14,\n          2936.99,\n          2973.81\n        ],\n        [\n          1715040000,\n          3062.9,\n          3130.16,\n          3000.71,\n          3005.75\n        ],\n        [\n          1714953600,\n          3136.97,\n          3221.78,\n          3046.65,\n          3062.91\n        ],\n        [\n          1714867200,\n          3117.79,\n          3172.08,\n          3073.91,\n          3136.97\n        ],\n        [\n          1714780800,\n          3103.27,\n          3167.6,\n          3093.49,\n          3117.79\n        ],\n        [\n          1714694400,\n          2985.9,\n          3126.79,\n          2958.42,\n          3103.27\n        ],\n        [\n          1714608000,\n          2968.99,\n          3016.02,\n          2890.87,\n          2985.9\n        ],\n        [\n          1714521600,\n          3010.33,\n          3019.66,\n          2813.74,\n          2968.99\n        ],\n        [\n          1714435200,\n          3216.21,\n          3250.27,\n          2916.94,\n          3010.33\n        ],\n        [\n          1714348800,\n          3262.2,\n          3285.39,\n          3115.3,\n          3216.22\n        ],\n        [\n          1714262400,\n          3254.75,\n          3355.35,\n          3249.66,\n          3262.2\n        ],\n        [\n          1714176000,\n          3131.29,\n          3283.18,\n          3069.67,\n          3254.75\n        ],\n        [\n          1714089600,\n          3155.27,\n          3167.67,\n          3102.49,\n          3131.28\n        ],\n        [\n          1714003200,\n          3140.74,\n          3191.01,\n          3072.6,\n          3155.27\n        ],\n        [\n          1713916800,\n          3221.2,\n          3292.85,\n          3105.45,\n          3140.74\n        ],\n        [\n          1713830400,\n          3201.04,\n          3264.83,\n          3154.14,\n          3221.2\n        ],\n        [\n          1713744000,\n          3149.13,\n          3236.01,\n          3130.73,\n          3201.15\n        ],\n        [\n          1713657600,\n          3157.15,\n          3198.51,\n          3118.37,\n          3149.13\n        ],\n        [\n          1713571200,\n          3057.42,\n          3171.05,\n          3019.71,\n          3157.15\n        ],\n        [\n          1713484800,\n          3064.57,\n          3129.18,\n          2866.1,\n          3057.42\n        ],\n        [\n          1713398400,\n          2985.78,\n          3094.29,\n          2953.41,\n          3064.57\n        ],\n        [\n          1713312000,\n          3085.43,\n          3123.91,\n          2916.61,\n          2985.78\n        ],\n        [\n          1713225600,\n          3105.04,\n          3127.98,\n          2990.31,\n          3085.43\n        ],\n        [\n          1713139200,\n          3156.19,\n          3280.76,\n          3026.13,\n          3105.04\n        ],\n        [\n          1713052800,\n          3011.16,\n          3175.39,\n          2912.36,\n          3156.19\n        ],\n        [\n          1712966400,\n          3236.45,\n          3303.21,\n          2856.47,\n          3011.16\n        ],\n        [\n          1712880000,\n          3502.51,\n          3552.05,\n          3101.99,\n          3236.45\n        ],\n        [\n          1712793600,\n          3545.79,\n          3618.16,\n          3474.05,\n          3502.51\n        ],\n        [\n          1712707200,\n          3506.19,\n          3563.09,\n          3414.74,\n          3545.79\n        ],\n        [\n          1712620800,\n          3694.26,\n          3725.29,\n          3454.44,\n          3506.19\n        ],\n        [\n          1712534400,\n          3454.63,\n          3729.14,\n          3407.83,\n          3694.26\n        ],\n        [\n          1712448000,\n          3352.79,\n          3459.95,\n          3345.33,\n          3454.63\n        ],\n        [\n          1712361600,\n          3318.13,\n          3399.17,\n          3307.75,\n          3352.79\n        ],\n        [\n          1712275200,\n          3328.52,\n          3346.52,\n          3211.76,\n          3318.12\n        ],\n        [\n          1712188800,\n          3312.43,\n          3442.99,\n          3252.76,\n          3328.52\n        ],\n        [\n          1712102400,\n          3279.1,\n          3368.89,\n          3203.33,\n          3312.43\n        ],\n        [\n          1712016000,\n          3504.56,\n          3506.13,\n          3212.56,\n          3279.1\n        ],\n        [\n          1711929600,\n          3645.65,\n          3646.32,\n          3414.93,\n          3504.56\n        ],\n        [\n          1711843200,\n          3508.03,\n          3655.68,\n          3507.47,\n          3645.65\n        ],\n        [\n          1711756800,\n          3510.71,\n          3566.15,\n          3487.57,\n          3508.16\n        ],\n        [\n          1711670400,\n          3561.1,\n          3584.94,\n          3473.06,\n          3510.71\n        ],\n        [\n          1711584000,\n          3499.78,\n          3609.67,\n          3463.05,\n          3561.1\n        ],\n        [\n          1711497600,\n          3587.56,\n          3665.68,\n          3458.19,\n          3499.78\n        ],\n        [\n          1711411200,\n          3591.4,\n          3679.73,\n          3543.74,\n          3587.56\n        ],\n        [\n          1711324800,\n          3454.8,\n          3658.98,\n          3419.85,\n          3591.4\n        ],\n        [\n          1711238400,\n          3330.02,\n          3471.03,\n          3300.01,\n          3454.8\n        ],\n        [\n          1711152000,\n          3336.77,\n          3435.23,\n          3271.37,\n          3330.02\n        ],\n        [\n          1711065600,\n          3492.6,\n          3542.26,\n          3252.57,\n          3336.77\n        ],\n        [\n          1710979200,\n          3516.76,\n          3586.64,\n          3411.94,\n          3492.6\n        ],\n        [\n          1710892800,\n          3158.02,\n          3535.25,\n          3059.05,\n          3516.76\n        ],\n        [\n          1710806400,\n          3519.85,\n          3545.98,\n          3150.26,\n          3157.81\n        ],\n        [\n          1710720000,\n          3644.02,\n          3644.54,\n          3454.52,\n          3519.85\n        ],\n        [\n          1710633600,\n          3521.75,\n          3678.2,\n          3412.76,\n          3644.02\n        ],\n        [\n          1710547200,\n          3742.16,\n          3781.33,\n          3468.51,\n          3521.75\n        ],\n        [\n          1710460800,\n          3879.73,\n          3930.26,\n          3566.59,\n          3742.16\n        ],\n        [\n          1710374400,\n          4008.56,\n          4014.38,\n          3720.94,\n          3879.73\n        ],\n        [\n          1710288000,\n          3980.84,\n          4083.44,\n          3932.96,\n          4008.56\n        ],\n        [\n          1710201600,\n          4067.85,\n          4093.48,\n          3830.66,\n          3980.84\n        ],\n        [\n          1710115200,\n          3884.15,\n          4089.86,\n          3739.83,\n          4067.85\n        ],\n        [\n          1710028800,\n          3912.17,\n          3972.08,\n          3800.17,\n          3884.15\n        ],\n        [\n          1709942400,\n          3893.34,\n          3948.7,\n          3877.13,\n          3912.17\n        ],\n        [\n          1709856000,\n          3873.91,\n          3998.81,\n          3829.07,\n          3893.34\n        ],\n        [\n          1709769600,\n          3823.12,\n          3938.17,\n          3736.26,\n          3873.91\n        ],\n        [\n          1709683200,\n          3557.18,\n          3902.95,\n          3502.19,\n          3823.12\n        ],\n        [\n          1709596800,\n          3633.23,\n          3827.93,\n          3206.8,\n          3557.18\n        ],\n        [\n          1709510400,\n          3489.63,\n          3645.61,\n          3437.51,\n          3632.96\n        ],\n        [\n          1709424000,\n          3423.88,\n          3493.47,\n          3363.65,\n          3489.63\n        ],\n        [\n          1709337600,\n          3436.98,\n          3463.29,\n          3398.77,\n          3423.88\n        ],\n        [\n          1709251200,\n          3341.66,\n          3454.13,\n          3340.22,\n          3436.98\n        ],\n        [\n          1709164800,\n          3385.08,\n          3523.22,\n          3301.26,\n          3341.66\n        ],\n        [\n          1709078400,\n          3243.74,\n          3489.85,\n          3186.69,\n          3385.08\n        ],\n        [\n          1708992000,\n          3177.01,\n          3288.9,\n          3166.63,\n          3243.74\n        ],\n        [\n          1708905600,\n          3112.57,\n          3196.73,\n          3036.9,\n          3177.01\n        ],\n        [\n          1708819200,\n          2992.28,\n          3120.55,\n          2983.45,\n          3112.57\n        ],\n        [\n          1708732800,\n          2921.8,\n          3005.61,\n          2906.16,\n          2992.28\n        ],\n        [\n          1708646400,\n          2970.38,\n          2992.59,\n          2905.65,\n          2921.8\n        ],\n        [\n          1708560000,\n          2968.1,\n          3035.05,\n          2906.28,\n          2970.38\n        ],\n        [\n          1708473600,\n          3015.48,\n          3017.74,\n          2869.59,\n          2968.3\n        ],\n        [\n          1708387200,\n          2944.93,\n          3033.6,\n          2876,\n          3015.48\n        ],\n        [\n          1708300800,\n          2881.91,\n          2984.6,\n          2858.18,\n          2944.93\n        ],\n        [\n          1708214400,\n          2786.77,\n          2895.75,\n          2766.01,\n          2881.91\n        ],\n        [\n          1708128000,\n          2803.12,\n          2805.47,\n          2720.47,\n          2786.77\n        ],\n        [\n          1708041600,\n          2823.49,\n          2858.23,\n          2750.4,\n          2803.12\n        ],\n        [\n          1707955200,\n          2776.75,\n          2869.05,\n          2762.05,\n          2823.49\n        ],\n        [\n          1707868800,\n          2641.06,\n          2787.9,\n          2619.1,\n          2776.75\n        ],\n        [\n          1707782400,\n          2661.21,\n          2687.45,\n          2592.87,\n          2641.06\n        ],\n        [\n          1707696000,\n          2507.92,\n          2666.85,\n          2473,\n          2661.21\n        ],\n        [\n          1707609600,\n          2501.36,\n          2540.67,\n          2494.41,\n          2507.91\n        ],\n        [\n          1707523200,\n          2487.05,\n          2517.58,\n          2472.71,\n          2501.36\n        ],\n        [\n          1707436800,\n          2419.61,\n          2523.71,\n          2419.1,\n          2487.05\n        ],\n        [\n          1707350400,\n          2423.71,\n          2461.39,\n          2410.75,\n          2419.61\n        ],\n        [\n          1707264000,\n          2371.46,\n          2443.08,\n          2352.34,\n          2423.71\n        ],\n        [\n          1707177600,\n          2298.96,\n          2390.49,\n          2296.08,\n          2371.46\n        ],\n        [\n          1707091200,\n          2289.11,\n          2337.68,\n          2268.5,\n          2298.96\n        ],\n        [\n          1707004800,\n          2295.95,\n          2310.19,\n          2267.55,\n          2289.11\n        ],\n        [\n          1706918400,\n          2308.07,\n          2328.81,\n          2292.11,\n          2295.95\n        ],\n        [\n          1706832000,\n          2303.78,\n          2324.18,\n          2281.7,\n          2308.07\n        ],\n        [\n          1706745600,\n          2282.01,\n          2310.66,\n          2240.12,\n          2303.78\n        ],\n        [\n          1706659200,\n          2342.94,\n          2351.53,\n          2263.53,\n          2282.01\n        ],\n        [\n          1706572800,\n          2317.56,\n          2391.62,\n          2297.15,\n          2342.94\n        ],\n        [\n          1706486400,\n          2256.83,\n          2322.25,\n          2234.27,\n          2317.56\n        ],\n        [\n          1706400000,\n          2268.07,\n          2308,\n          2239.96,\n          2256.83\n        ],\n        [\n          1706313600,\n          2267.45,\n          2282.69,\n          2251.2,\n          2268.07\n        ],\n        [\n          1706227200,\n          2217.69,\n          2281.4,\n          2195.03,\n          2267.44\n        ],\n        [\n          1706140800,\n          2234.09,\n          2241.7,\n          2170.6,\n          2217.69\n        ],\n        [\n          1706054400,\n          2241.04,\n          2262.57,\n          2194.98,\n          2234.09\n        ],\n        [\n          1705968000,\n          2311.9,\n          2349.31,\n          2165.92,\n          2241.04\n        ],\n        [\n          1705881600,\n          2455.72,\n          2464.69,\n          2301.31,\n          2311.9\n        ],\n        [\n          1705795200,\n          2470.35,\n          2480.46,\n          2452.15,\n          2455.72\n        ],\n        [\n          1705708800,\n          2489.88,\n          2489.88,\n          2452.17,\n          2470.35\n        ],\n        [\n          1705622400,\n          2469.07,\n          2502.24,\n          2413.47,\n          2489.88\n        ],\n        [\n          1705536000,\n          2529.68,\n          2547.14,\n          2424.14,\n          2469.07\n        ],\n        [\n          1705449600,\n          2586.08,\n          2592.45,\n          2506.25,\n          2529.68\n        ],\n        [\n          1705363200,\n          2510.51,\n          2613.02,\n          2498.55,\n          2586.08\n        ],\n        [\n          1705276800,\n          2472.72,\n          2552.35,\n          2470.78,\n          2510.51\n        ],\n        [\n          1705190400,\n          2578.12,\n          2578.62,\n          2469.87,\n          2472.72\n        ],\n        [\n          1705104000,\n          2521,\n          2589.73,\n          2497.45,\n          2578.12\n        ],\n        [\n          1705017600,\n          2618.88,\n          2717.19,\n          2457.98,\n          2521\n        ],\n        [\n          1704931200,\n          2585.3,\n          2690.04,\n          2567.32,\n          2618.88\n        ],\n        [\n          1704844800,\n          2345.25,\n          2642.17,\n          2341.05,\n          2585.2\n        ],\n        [\n          1704758400,\n          2332.35,\n          2372.67,\n          2228.68,\n          2345.26\n        ],\n        [\n          1704672000,\n          2222.59,\n          2359.61,\n          2167.73,\n          2332.35\n        ],\n        [\n          1704585600,\n          2242.14,\n          2258.62,\n          2206.61,\n          2222.59\n        ],\n        [\n          1704499200,\n          2270.09,\n          2271.57,\n          2217.92,\n          2242.14\n        ],\n        [\n          1704412800,\n          2269.16,\n          2278.73,\n          2207.83,\n          2270.09\n        ],\n        [\n          1704326400,\n          2212,\n          2296.26,\n          2204.39,\n          2269.16\n        ],\n        [\n          1704240000,\n          2356.33,\n          2385.86,\n          2103.12,\n          2212\n        ],\n        [\n          1704153600,\n          2352.41,\n          2432.31,\n          2346.1,\n          2356.33\n        ],\n        [\n          1704067200,\n          2282.24,\n          2352.41,\n          2265.36,\n          2352.41\n        ],\n        [\n          1703980800,\n          2292.04,\n          2321.58,\n          2260.3,\n          2282.24\n        ],\n        [\n          1703894400,\n          2300.6,\n          2323.08,\n          2268.39,\n          2292.06\n        ],\n        [\n          1703808000,\n          2346.56,\n          2386.84,\n          2258.01,\n          2300.6\n        ],\n        [\n          1703721600,\n          2379.06,\n          2448.12,\n          2338.18,\n          2346.56\n        ],\n        [\n          1703635200,\n          2231.52,\n          2392.74,\n          2212.23,\n          2379.06\n        ],\n        [\n          1703548800,\n          2272.76,\n          2276.23,\n          2180.68,\n          2231.52\n        ],\n        [\n          1703462400,\n          2265.09,\n          2306.13,\n          2254.15,\n          2272.79\n        ],\n        [\n          1703376000,\n          2310.65,\n          2328.36,\n          2246.03,\n          2265.09\n        ],\n        [\n          1703289600,\n          2325.93,\n          2331.11,\n          2267.76,\n          2310.65\n        ],\n        [\n          1703203200,\n          2239.72,\n          2343.18,\n          2230.87,\n          2325.93\n        ],\n        [\n          1703116800,\n          2201.84,\n          2279.28,\n          2182.95,\n          2239.72\n        ],\n        [\n          1703030400,\n          2177.53,\n          2265.5,\n          2157.3,\n          2201.84\n        ],\n        [\n          1702944000,\n          2218.31,\n          2254.46,\n          2135.6,\n          2177.53\n        ],\n        [\n          1702857600,\n          2193.69,\n          2222.65,\n          2117.29,\n          2218.31\n        ],\n        [\n          1702771200,\n          2228.13,\n          2245.28,\n          2190,\n          2193.69\n        ],\n        [\n          1702684800,\n          2220.55,\n          2263.21,\n          2210.51,\n          2228.03\n        ],\n        [\n          1702598400,\n          2315.98,\n          2318.34,\n          2202.36,\n          2220.55\n        ],\n        [\n          1702512000,\n          2260.26,\n          2332.48,\n          2231.44,\n          2315.99\n        ],\n        [\n          1702425600,\n          2202.24,\n          2283.97,\n          2145.25,\n          2260.26\n        ],\n        [\n          1702339200,\n          2223.65,\n          2242,\n          2165.44,\n          2202.24\n        ],\n        [\n          1702252800,\n          2352.58,\n          2355.16,\n          2139.02,\n          2223.65\n        ],\n        [\n          1702166400,\n          2341.3,\n          2377.81,\n          2322.65,\n          2352.58\n        ],\n        [\n          1702080000,\n          2358.99,\n          2403.49,\n          2329.72,\n          2341.3\n        ],\n        [\n          1701993600,\n          2356.36,\n          2391.79,\n          2339.76,\n          2359.2\n        ],\n        [\n          1701907200,\n          2233.23,\n          2383.24,\n          2222.55,\n          2356.36\n        ],\n        [\n          1701820800,\n          2293.97,\n          2311.93,\n          2220.52,\n          2233.24\n        ],\n        [\n          1701734400,\n          2243.29,\n          2309.62,\n          2188.84,\n          2293.97\n        ],\n        [\n          1701648000,\n          2193.72,\n          2274.6,\n          2191.98,\n          2243.29\n        ],\n        [\n          1701561600,\n          2165.79,\n          2217.18,\n          2150.47,\n          2193.72\n        ],\n        [\n          1701475200,\n          2087.96,\n          2186.05,\n          2086.98,\n          2165.79\n        ],\n        [\n          1701388800,\n          2052.77,\n          2111.08,\n          2045.92,\n          2087.96\n        ],\n        [\n          1701302400,\n          2028.99,\n          2055.38,\n          2021.03,\n          2052.77\n        ],\n        [\n          1701216000,\n          2049.54,\n          2075.9,\n          2020.69,\n          2028.99\n        ],\n        [\n          1701129600,\n          2027.46,\n          2075.02,\n          1995.27,\n          2049.54\n        ],\n        [\n          1701043200,\n          2062.99,\n          2071.9,\n          1986.4,\n          2027.46\n        ],\n        [\n          1700956800,\n          2084.21,\n          2095.16,\n          2037.67,\n          2062.99\n        ],\n        [\n          1700870400,\n          2082.19,\n          2091.68,\n          2066.71,\n          2084.21\n        ],\n        [\n          1700784000,\n          2062.55,\n          2133.32,\n          2059.71,\n          2082.19\n        ],\n        [\n          1700697600,\n          2064.05,\n          2089.32,\n          2041,\n          2062.55\n        ],\n        [\n          1700611200,\n          1933.72,\n          2092.42,\n          1930.32,\n          2064.05\n        ],\n        [\n          1700524800,\n          2022.98,\n          2036.14,\n          1932.9,\n          1933.72\n        ],\n        [\n          1700438400,\n          2012.69,\n          2067.53,\n          1995.24,\n          2022.98\n        ],\n        [\n          1700352000,\n          1963.79,\n          2016.38,\n          1944.7,\n          2012.69\n        ],\n        [\n          1700265600,\n          1961.45,\n          1971.86,\n          1918.38,\n          1963.8\n        ],\n        [\n          1700179200,\n          1961.96,\n          1991.55,\n          1906.92,\n          1961.45\n        ],\n        [\n          1700092800,\n          2059.97,\n          2091.91,\n          1940.25,\n          1961.96\n        ],\n        [\n          1700006400,\n          1979.51,\n          2062.56,\n          1967.33,\n          2059.96\n        ],\n        [\n          1699920000,\n          2054.18,\n          2065.27,\n          1935.88,\n          1979.51\n        ],\n        [\n          1699833600,\n          2045.53,\n          2118.68,\n          2029.33,\n          2054.18\n        ],\n        [\n          1699747200,\n          2053.78,\n          2066.9,\n          2014.06,\n          2045.53\n        ],\n        [\n          1699660800,\n          2078.59,\n          2090.6,\n          2031.58,\n          2053.78\n        ],\n        [\n          1699574400,\n          2121.52,\n          2136.59,\n          2065.71,\n          2078.59\n        ],\n        [\n          1699488000,\n          1888.86,\n          2131.91,\n          1883.08,\n          2121.52\n        ],\n        [\n          1699401600,\n          1886.54,\n          1905.14,\n          1873.93,\n          1888.86\n        ],\n        [\n          1699315200,\n          1901.31,\n          1907.37,\n          1850.83,\n          1886.54\n        ],\n        [\n          1699228800,\n          1893.85,\n          1915.65,\n          1871.37,\n          1901.31\n        ],\n        [\n          1699142400,\n          1857.18,\n          1914.24,\n          1847.97,\n          1893.85\n        ],\n        [\n          1699056000,\n          1833.64,\n          1871.26,\n          1825.11,\n          1857.18\n        ],\n        [\n          1698969600,\n          1801.01,\n          1835.43,\n          1777.52,\n          1833.64\n        ],\n        [\n          1698883200,\n          1847.79,\n          1875.05,\n          1785.81,\n          1801.01\n        ],\n        [\n          1698796800,\n          1815.38,\n          1858.12,\n          1784.16,\n          1847.79\n        ],\n        [\n          1698710400,\n          1809.75,\n          1820.13,\n          1782.16,\n          1815.38\n        ],\n        [\n          1698624000,\n          1795.98,\n          1830.46,\n          1778.61,\n          1809.75\n        ],\n        [\n          1698537600,\n          1776.52,\n          1812.12,\n          1763.18,\n          1795.95\n        ],\n        [\n          1698451200,\n          1779.79,\n          1803.36,\n          1771.64,\n          1776.52\n        ],\n        [\n          1698364800,\n          1803.54,\n          1804.06,\n          1746.51,\n          1779.79\n        ],\n        [\n          1698278400,\n          1787.73,\n          1865.98,\n          1763.77,\n          1803.54\n        ],\n        [\n          1698192000,\n          1784.83,\n          1817.54,\n          1760.44,\n          1787.73\n        ],\n        [\n          1698105600,\n          1766.27,\n          1855.36,\n          1757.18,\n          1784.83\n        ],\n        [\n          1698019200,\n          1664.19,\n          1799.92,\n          1657.84,\n          1766.27\n        ],\n        [\n          1697932800,\n          1629.53,\n          1668.27,\n          1622.24,\n          1664.19\n        ],\n        [\n          1697846400,\n          1604.63,\n          1644.65,\n          1593.15,\n          1629.53\n        ],\n        [\n          1697760000,\n          1567.41,\n          1630.97,\n          1561.95,\n          1604.63\n        ],\n        [\n          1697673600,\n          1563.79,\n          1574.74,\n          1542.39,\n          1567.41\n        ],\n        [\n          1697587200,\n          1565.53,\n          1586,\n          1556.45,\n          1563.79\n        ],\n        [\n          1697500800,\n          1600.11,\n          1601.28,\n          1553.12,\n          1565.53\n        ],\n        [\n          1697414400,\n          1558,\n          1640.38,\n          1555.25,\n          1600.11\n        ],\n        [\n          1697328000,\n          1554.95,\n          1566.46,\n          1549.72,\n          1558\n        ],\n        [\n          1697241600,\n          1552.03,\n          1561.23,\n          1544.79,\n          1554.96\n        ],\n        [\n          1697155200,\n          1539.24,\n          1574.13,\n          1537.35,\n          1552.03\n        ],\n        [\n          1697068800,\n          1566.62,\n          1568.32,\n          1521.73,\n          1539.24\n        ],\n        [\n          1696982400,\n          1567.8,\n          1578.6,\n          1545.7,\n          1566.63\n        ],\n        [\n          1696896000,\n          1580.29,\n          1595.14,\n          1551.98,\n          1567.79\n        ],\n        [\n          1696809600,\n          1633.75,\n          1636.45,\n          1548.45,\n          1580.29\n        ],\n        [\n          1696723200,\n          1634.58,\n          1642.27,\n          1617.22,\n          1633.76\n        ],\n        [\n          1696636800,\n          1645.81,\n          1648.43,\n          1630.9,\n          1634.58\n        ],\n        [\n          1696550400,\n          1612.03,\n          1662.29,\n          1612.03,\n          1645.81\n        ],\n        [\n          1696464000,\n          1646.73,\n          1655.17,\n          1607.76,\n          1612.03\n        ],\n        [\n          1696377600,\n          1657.02,\n          1657.84,\n          1625.39,\n          1646.73\n        ],\n        [\n          1696291200,\n          1662.78,\n          1670.78,\n          1643.98,\n          1657.02\n        ],\n        [\n          1696204800,\n          1734.08,\n          1743.86,\n          1637.94,\n          1662.78\n        ],\n        [\n          1696118400,\n          1671.17,\n          1753.01,\n          1668.63,\n          1734.09\n        ],\n        [\n          1696032000,\n          1667.44,\n          1694.27,\n          1666.17,\n          1671.17\n        ],\n        [\n          1695945600,\n          1653.07,\n          1688.13,\n          1648.51,\n          1667.43\n        ],\n        [\n          1695859200,\n          1597.65,\n          1667.46,\n          1597.17,\n          1653.07\n        ],\n        [\n          1695772800,\n          1593.43,\n          1633.5,\n          1583.05,\n          1597.65\n        ],\n        [\n          1695686400,\n          1588.32,\n          1599.28,\n          1580.34,\n          1593.43\n        ],\n        [\n          1695600000,\n          1580.77,\n          1597.47,\n          1563.55,\n          1588.32\n        ],\n        [\n          1695513600,\n          1594.06,\n          1601.36,\n          1570.24,\n          1580.77\n        ],\n        [\n          1695427200,\n          1593.35,\n          1598.37,\n          1587.98,\n          1594.06\n        ],\n        [\n          1695340800,\n          1583.98,\n          1602.62,\n          1576.93,\n          1593.35\n        ],\n        [\n          1695254400,\n          1622.37,\n          1625.38,\n          1568.39,\n          1583.98\n        ],\n        [\n          1695168000,\n          1643.45,\n          1649.68,\n          1605.87,\n          1622.37\n        ],\n        [\n          1695081600,\n          1636.99,\n          1661.29,\n          1626.94,\n          1643.45\n        ],\n        [\n          1694995200,\n          1622.97,\n          1669.62,\n          1605.6,\n          1636.99\n        ],\n        [\n          1694908800,\n          1634.82,\n          1635.53,\n          1612.38,\n          1622.97\n        ],\n        [\n          1694822400,\n          1641.39,\n          1652.35,\n          1631.82,\n          1634.82\n        ],\n        [\n          1694736000,\n          1626.94,\n          1653.59,\n          1611.88,\n          1641.39\n        ],\n        [\n          1694649600,\n          1608.14,\n          1644.68,\n          1607.57,\n          1626.94\n        ],\n        [\n          1694563200,\n          1592.95,\n          1618.82,\n          1581.87,\n          1608.14\n        ],\n        [\n          1694476800,\n          1551.37,\n          1624.46,\n          1549.21,\n          1592.95\n        ],\n        [\n          1694390400,\n          1616.83,\n          1618.4,\n          1531.36,\n          1551.37\n        ],\n        [\n          1694304000,\n          1635.23,\n          1635.62,\n          1599.01,\n          1616.83\n        ],\n        [\n          1694217600,\n          1636.68,\n          1637.65,\n          1630.15,\n          1635.23\n        ],\n        [\n          1694131200,\n          1647.44,\n          1658.21,\n          1615.9,\n          1636.68\n        ],\n        [\n          1694044800,\n          1632.39,\n          1658.86,\n          1622.91,\n          1647.44\n        ],\n        [\n          1693958400,\n          1633.61,\n          1669.11,\n          1608.87,\n          1632.39\n        ],\n        [\n          1693872000,\n          1630.02,\n          1647.22,\n          1609.52,\n          1633.61\n        ],\n        [\n          1693785600,\n          1635.69,\n          1644.61,\n          1616.25,\n          1630.02\n        ],\n        [\n          1693699200,\n          1637,\n          1647.2,\n          1625.21,\n          1635.69\n        ],\n        [\n          1693612800,\n          1628.59,\n          1644.51,\n          1627.51,\n          1637\n        ],\n        [\n          1693526400,\n          1645.61,\n          1654.14,\n          1602.34,\n          1628.59\n        ],\n        [\n          1693440000,\n          1705.23,\n          1725.48,\n          1630.09,\n          1645.61\n        ],\n        [\n          1693353600,\n          1729.63,\n          1731.14,\n          1696.19,\n          1705.23\n        ],\n        [\n          1693267200,\n          1652.52,\n          1744.81,\n          1639.44,\n          1729.63\n        ],\n        [\n          1693180800,\n          1657.67,\n          1663.06,\n          1623.18,\n          1652.52\n        ],\n        [\n          1693094400,\n          1646.26,\n          1659.41,\n          1645.52,\n          1657.66\n        ],\n        [\n          1693008000,\n          1653.03,\n          1654.81,\n          1643.26,\n          1646.26\n        ],\n        [\n          1692921600,\n          1660.51,\n          1675.73,\n          1634.9,\n          1653.03\n        ],\n        [\n          1692835200,\n          1679.17,\n          1682.93,\n          1635.92,\n          1660.51\n        ],\n        [\n          1692748800,\n          1634.52,\n          1700.78,\n          1628.96,\n          1679.17\n        ],\n        [\n          1692662400,\n          1667.36,\n          1669.18,\n          1581.83,\n          1634.54\n        ],\n        [\n          1692576000,\n          1685.29,\n          1688.23,\n          1649.42,\n          1667.36\n        ],\n        [\n          1692489600,\n          1669.64,\n          1694.42,\n          1662.08,\n          1685.29\n        ],\n        [\n          1692403200,\n          1661.19,\n          1695.94,\n          1653.84,\n          1669.64\n        ],\n        [\n          1692316800,\n          1681.2,\n          1699,\n          1641.63,\n          1661.19\n        ],\n        [\n          1692230400,\n          1805.82,\n          1808.05,\n          1545.67,\n          1681.2\n        ],\n        [\n          1692144000,\n          1826.68,\n          1829,\n          1796.19,\n          1805.82\n        ],\n        [\n          1692057600,\n          1842.78,\n          1844.8,\n          1811.37,\n          1826.68\n        ],\n        [\n          1691971200,\n          1839.75,\n          1853.61,\n          1834.02,\n          1842.78\n        ],\n        [\n          1691884800,\n          1849.6,\n          1860.93,\n          1833.53,\n          1839.75\n        ],\n        [\n          1691798400,\n          1846.92,\n          1852.04,\n          1845.23,\n          1849.6\n        ],\n        [\n          1691712000,\n          1850.25,\n          1854.95,\n          1836.68,\n          1846.92\n        ],\n        [\n          1691625600,\n          1853.94,\n          1864.31,\n          1844.52,\n          1850.25\n        ],\n        [\n          1691539200,\n          1855.74,\n          1871.13,\n          1845.74,\n          1853.94\n        ],\n        [\n          1691452800,\n          1827.01,\n          1875.57,\n          1824.24,\n          1855.74\n        ],\n        [\n          1691366400,\n          1827.84,\n          1844.53,\n          1800.55,\n          1827.01\n        ],\n        [\n          1691280000,\n          1834.54,\n          1836.59,\n          1823.89,\n          1827.85\n        ],\n        [\n          1691193600,\n          1828.04,\n          1836.82,\n          1825.33,\n          1834.54\n        ],\n        [\n          1691107200,\n          1834.34,\n          1849.67,\n          1813.63,\n          1828.04\n        ],\n        [\n          1691020800,\n          1839.13,\n          1858.28,\n          1825.24,\n          1834.34\n        ],\n        [\n          1690934400,\n          1872.75,\n          1878.88,\n          1820.65,\n          1839.13\n        ],\n        [\n          1690848000,\n          1855.96,\n          1874.79,\n          1814.22,\n          1872.75\n        ],\n        [\n          1690761600,\n          1861.78,\n          1877.33,\n          1850.67,\n          1856\n        ],\n        [\n          1690675200,\n          1880.7,\n          1885.5,\n          1849.3,\n          1861.78\n        ],\n        [\n          1690588800,\n          1874.01,\n          1886.68,\n          1869.6,\n          1880.7\n        ],\n        [\n          1690502400,\n          1860.83,\n          1882.47,\n          1856.18,\n          1874.01\n        ],\n        [\n          1690416000,\n          1871.93,\n          1886.03,\n          1854.39,\n          1860.83\n        ],\n        [\n          1690329600,\n          1857.66,\n          1887.74,\n          1848.66,\n          1871.93\n        ],\n        [\n          1690243200,\n          1849.63,\n          1868.21,\n          1845.26,\n          1857.66\n        ],\n        [\n          1690156800,\n          1888.66,\n          1890.8,\n          1833.87,\n          1849.6\n        ],\n        [\n          1690070400,\n          1866.65,\n          1905.07,\n          1858.35,\n          1888.66\n        ],\n        [\n          1689984000,\n          1891.8,\n          1897.32,\n          1852.57,\n          1866.65\n        ],\n        [\n          1689897600,\n          1891.38,\n          1905.33,\n          1884.46,\n          1891.83\n        ],\n        [\n          1689811200,\n          1919.11,\n          1923.04,\n          1878.15,\n          1891.38\n        ],\n        [\n          1689724800,\n          1897.21,\n          1922.04,\n          1882.17,\n          1888.63\n        ],\n        [\n          1689638400,\n          1911.21,\n          1917.19,\n          1875.73,\n          1897.21\n        ],\n        [\n          1689552000,\n          1922.12,\n          1936.18,\n          1873.26,\n          1911.2\n        ],\n        [\n          1689465600,\n          1931.41,\n          1943.55,\n          1914,\n          1922.11\n        ],\n        [\n          1689379200,\n          1937.82,\n          1946.37,\n          1926.23,\n          1931.41\n        ],\n        [\n          1689292800,\n          2004.49,\n          2029.11,\n          1898.39,\n          1937.83\n        ],\n        [\n          1689206400,\n          1871.82,\n          2012.63,\n          1862.59,\n          2004.49\n        ],\n        [\n          1689120000,\n          1878.31,\n          1902,\n          1864.37,\n          1871.82\n        ],\n        [\n          1689033600,\n          1880.41,\n          1891.99,\n          1862.38,\n          1878.3\n        ],\n        [\n          1688947200,\n          1862.81,\n          1905.5,\n          1846.63,\n          1880.4\n        ],\n        [\n          1688860800,\n          1865.24,\n          1879.36,\n          1856.15,\n          1862.8\n        ],\n        [\n          1688774400,\n          1870.92,\n          1876,\n          1842.8,\n          1865.24\n        ],\n        [\n          1688688000,\n          1846.17,\n          1878,\n          1826,\n          1870.91\n        ],\n        [\n          1688601600,\n          1910.35,\n          1958,\n          1846,\n          1846.17\n        ],\n        [\n          1688515200,\n          1936.19,\n          1942.5,\n          1894.51,\n          1910.36\n        ],\n        [\n          1688428800,\n          1955.55,\n          1967.08,\n          1931.58,\n          1936.2\n        ],\n        [\n          1688342400,\n          1937.49,\n          1976.16,\n          1933.55,\n          1955.54\n        ],\n        [\n          1688256000,\n          1924.5,\n          1959.2,\n          1885.75,\n          1937.48\n        ],\n        [\n          1688169600,\n          1933.8,\n          1944.56,\n          1909.44,\n          1924.5\n        ],\n        [\n          1688083200,\n          1851.99,\n          1948.6,\n          1825.01,\n          1933.79\n        ],\n        [\n          1687996800,\n          1828.03,\n          1880,\n          1827.84,\n          1851.99\n        ],\n        [\n          1687910400,\n          1889.58,\n          1890.19,\n          1816.56,\n          1828.02\n        ],\n        [\n          1687824000,\n          1858.97,\n          1912.53,\n          1855.19,\n          1889.58\n        ],\n        [\n          1687737600,\n          1898.8,\n          1909.1,\n          1837.18,\n          1858.97\n        ],\n        [\n          1687651200,\n          1874.95,\n          1930,\n          1868.83,\n          1898.8\n        ],\n        [\n          1687564800,\n          1892.63,\n          1906,\n          1864.77,\n          1874.96\n        ],\n        [\n          1687478400,\n          1872,\n          1936.42,\n          1861.01,\n          1892.63\n        ],\n        [\n          1687392000,\n          1889.1,\n          1933.17,\n          1865.98,\n          1872.01\n        ],\n        [\n          1687305600,\n          1791.99,\n          1901,\n          1787.38,\n          1889.11\n        ],\n        [\n          1687219200,\n          1737.1,\n          1796.99,\n          1714.72,\n          1791.99\n        ],\n        [\n          1687132800,\n          1720.95,\n          1752.19,\n          1698,\n          1737.11\n        ],\n        [\n          1687046400,\n          1727.75,\n          1747.84,\n          1712,\n          1720.95\n        ],\n        [\n          1686960000,\n          1717.91,\n          1770,\n          1714.26,\n          1727.76\n        ],\n        [\n          1686873600,\n          1666.96,\n          1729.5,\n          1649.86,\n          1717.92\n        ],\n        [\n          1686787200,\n          1650.95,\n          1680.91,\n          1626.01,\n          1666.96\n        ],\n        [\n          1686700800,\n          1740.12,\n          1750.03,\n          1630.43,\n          1650.95\n        ],\n        [\n          1686614400,\n          1742.57,\n          1770.13,\n          1724.22,\n          1740.12\n        ],\n        [\n          1686528000,\n          1752.77,\n          1759.33,\n          1720,\n          1742.57\n        ],\n        [\n          1686441600,\n          1751.52,\n          1778.25,\n          1738.72,\n          1752.76\n        ],\n        [\n          1686355200,\n          1840.37,\n          1844.99,\n          1715.03,\n          1751.53\n        ],\n        [\n          1686268800,\n          1845.65,\n          1855,\n          1827,\n          1840.37\n        ],\n        [\n          1686182400,\n          1832.12,\n          1861.28,\n          1828.31,\n          1845.64\n        ],\n        [\n          1686096000,\n          1884.65,\n          1897.8,\n          1821.18,\n          1832.13\n        ],\n        [\n          1686009600,\n          1810.49,\n          1898.29,\n          1797.18,\n          1884.64\n        ],\n        [\n          1685923200,\n          1890,\n          1890.63,\n          1778,\n          1810.5\n        ],\n        [\n          1685836800,\n          1892.05,\n          1914.63,\n          1884.22,\n          1890.01\n        ],\n        [\n          1685750400,\n          1906.69,\n          1907.92,\n          1881.6,\n          1892.06\n        ],\n        [\n          1685664000,\n          1861.78,\n          1910,\n          1847.51,\n          1906.68\n        ],\n        [\n          1685577600,\n          1873.63,\n          1889.2,\n          1840,\n          1861.78\n        ],\n        [\n          1685491200,\n          1900.58,\n          1907.13,\n          1846.95,\n          1873.63\n        ],\n        [\n          1685404800,\n          1892.6,\n          1917,\n          1881.19,\n          1900.59\n        ],\n        [\n          1685318400,\n          1908.64,\n          1927.62,\n          1873.65,\n          1892.6\n        ],\n        [\n          1685232000,\n          1829.89,\n          1918.65,\n          1823.6,\n          1908.64\n        ],\n        [\n          1685145600,\n          1827.8,\n          1836.12,\n          1812.18,\n          1829.89\n        ],\n        [\n          1685059200,\n          1805.61,\n          1838.2,\n          1796.99,\n          1827.79\n        ],\n        [\n          1684972800,\n          1799.89,\n          1818.81,\n          1761.41,\n          1805.6\n        ],\n        [\n          1684886400,\n          1854.06,\n          1854.09,\n          1777.6,\n          1799.89\n        ],\n        [\n          1684800000,\n          1817.36,\n          1872.5,\n          1815.24,\n          1854.05\n        ],\n        [\n          1684713600,\n          1804.91,\n          1828.27,\n          1792.01,\n          1817.35\n        ],\n        [\n          1684627200,\n          1819.42,\n          1828.98,\n          1797.21,\n          1804.91\n        ],\n        [\n          1684540800,\n          1812.31,\n          1828.87,\n          1807.06,\n          1819.42\n        ],\n        [\n          1684454400,\n          1800.56,\n          1829.54,\n          1796.81,\n          1812.32\n        ],\n        [\n          1684368000,\n          1822.12,\n          1831.92,\n          1771.12,\n          1800.56\n        ],\n        [\n          1684281600,\n          1824.21,\n          1837.5,\n          1783.68,\n          1822.12\n        ],\n        [\n          1684195200,\n          1816.21,\n          1832.64,\n          1796.2,\n          1824.21\n        ],\n        [\n          1684108800,\n          1799.2,\n          1846.7,\n          1785.05,\n          1816.2\n        ],\n        [\n          1684022400,\n          1795.12,\n          1824,\n          1789.82,\n          1799.21\n        ],\n        [\n          1683936000,\n          1807.45,\n          1817.03,\n          1785.23,\n          1795.11\n        ],\n        [\n          1683849600,\n          1794.31,\n          1818.63,\n          1740,\n          1807.45\n        ],\n        [\n          1683763200,\n          1840.83,\n          1842.02,\n          1772.68,\n          1794.3\n        ],\n        [\n          1683676800,\n          1846.53,\n          1887.47,\n          1790.51,\n          1840.84\n        ],\n        [\n          1683590400,\n          1847.55,\n          1861.88,\n          1830.99,\n          1846.52\n        ],\n        [\n          1683504000,\n          1870.41,\n          1883.97,\n          1810.73,\n          1847.56\n        ],\n        [\n          1683417600,\n          1896.33,\n          1933.33,\n          1867.59,\n          1870.4\n        ],\n        [\n          1683331200,\n          1993.3,\n          2019,\n          1860,\n          1896.33\n        ],\n        [\n          1683244800,\n          1877.07,\n          1998.36,\n          1875.65,\n          1993.3\n        ],\n        [\n          1683158400,\n          1905.12,\n          1918.26,\n          1866.71,\n          1877.07\n        ],\n        [\n          1683072000,\n          1870.09,\n          1916.52,\n          1842.64,\n          1905.12\n        ],\n        [\n          1682985600,\n          1830.73,\n          1881.87,\n          1822.94,\n          1870.08\n        ],\n        [\n          1682899200,\n          1870.08,\n          1886.49,\n          1806.12,\n          1830.73\n        ],\n        [\n          1682812800,\n          1907.79,\n          1939,\n          1866.16,\n          1870.09\n        ],\n        [\n          1682726400,\n          1890.93,\n          1918,\n          1883.05,\n          1907.8\n        ],\n        [\n          1682640000,\n          1908.68,\n          1923.88,\n          1873.94,\n          1890.94\n        ],\n        [\n          1682553600,\n          1866.01,\n          1940.96,\n          1861.19,\n          1908.68\n        ],\n        [\n          1682467200,\n          1866.1,\n          1964.72,\n          1785,\n          1866.01\n        ],\n        [\n          1682380800,\n          1841.84,\n          1877.86,\n          1801.66,\n          1866.1\n        ],\n        [\n          1682294400,\n          1862.01,\n          1890,\n          1806,\n          1841.84\n        ],\n        [\n          1682208000,\n          1874.17,\n          1882.01,\n          1836.37,\n          1862\n        ],\n        [\n          1682121600,\n          1848.77,\n          1887.31,\n          1841.64,\n          1874.16\n        ],\n        [\n          1682035200,\n          1942.98,\n          1957.27,\n          1825,\n          1848.78\n        ],\n        [\n          1681948800,\n          1933.74,\n          1982.99,\n          1914.43,\n          1942.98\n        ],\n        [\n          1681862400,\n          2103.51,\n          2104.6,\n          1923.03,\n          1933.73\n        ],\n        [\n          1681776000,\n          2073.99,\n          2125,\n          2051,\n          2103.5\n        ],\n        [\n          1681689600,\n          2118.66,\n          2120.51,\n          2056.25,\n          2074\n        ],\n        [\n          1681603200,\n          2090.61,\n          2141.54,\n          2072.72,\n          2118.67\n        ],\n        [\n          1681516800,\n          2099.99,\n          2111.85,\n          2071.13,\n          2090.6\n        ],\n        [\n          1681430400,\n          2012,\n          2128.76,\n          2009.22,\n          2099.99\n        ],\n        [\n          1681344000,\n          1917.4,\n          2023,\n          1899.55,\n          2012.01\n        ],\n        [\n          1681257600,\n          1889.86,\n          1933,\n          1852.65,\n          1917.39\n        ],\n        [\n          1681171200,\n          1910.21,\n          1937.37,\n          1881.11,\n          1889.86\n        ],\n        [\n          1681084800,\n          1858.91,\n          1918.79,\n          1846.4,\n          1910.2\n        ],\n        [\n          1680998400,\n          1848.82,\n          1873.99,\n          1824.01,\n          1858.92\n        ],\n        [\n          1680912000,\n          1863.73,\n          1879.38,\n          1847,\n          1848.82\n        ],\n        [\n          1680825600,\n          1872.41,\n          1882.61,\n          1841.46,\n          1863.72\n        ],\n        [\n          1680739200,\n          1908.68,\n          1909.91,\n          1853.7,\n          1872.41\n        ],\n        [\n          1680652800,\n          1870.38,\n          1942.98,\n          1864.58,\n          1908.69\n        ],\n        [\n          1680566400,\n          1810.51,\n          1891.91,\n          1802.01,\n          1870.37\n        ],\n        [\n          1680480000,\n          1794.51,\n          1839.99,\n          1762.77,\n          1810.51\n        ],\n        [\n          1680393600,\n          1820.8,\n          1824.81,\n          1771.7,\n          1794.51\n        ],\n        [\n          1680307200,\n          1821.52,\n          1842.83,\n          1807.81,\n          1820.79\n        ],\n        [\n          1680220800,\n          1793.6,\n          1847.28,\n          1777.91,\n          1821.52\n        ],\n        [\n          1680134400,\n          1793.06,\n          1829.69,\n          1763,\n          1793.61\n        ],\n        [\n          1680048000,\n          1773,\n          1827.99,\n          1772.48,\n          1793.07\n        ],\n        [\n          1679961600,\n          1715.21,\n          1795.73,\n          1701.13,\n          1772.99\n        ],\n        [\n          1679875200,\n          1773.88,\n          1780.48,\n          1686.13,\n          1715.22\n        ],\n        [\n          1679788800,\n          1741.88,\n          1801,\n          1739.31,\n          1773.88\n        ],\n        [\n          1679702400,\n          1749.57,\n          1763.23,\n          1713.09,\n          1741.88\n        ],\n        [\n          1679616000,\n          1813.78,\n          1818.99,\n          1726.4,\n          1749.57\n        ],\n        [\n          1679529600,\n          1734.34,\n          1857.16,\n          1729.35,\n          1813.79\n        ],\n        [\n          1679443200,\n          1801.23,\n          1819.98,\n          1710.12,\n          1734.33\n        ],\n        [\n          1679356800,\n          1732.77,\n          1835,\n          1717.01,\n          1801.23\n        ],\n        [\n          1679270400,\n          1780.67,\n          1803.05,\n          1722,\n          1732.78\n        ],\n        [\n          1679184000,\n          1758.84,\n          1841.36,\n          1757.92,\n          1780.68\n        ],\n        [\n          1679097600,\n          1789.26,\n          1841,\n          1747.47,\n          1758.84\n        ],\n        [\n          1679011200,\n          1673.73,\n          1800,\n          1662.65,\n          1789.27\n        ],\n        [\n          1678924800,\n          1649.95,\n          1691.42,\n          1632.18,\n          1673.73\n        ],\n        [\n          1678838400,\n          1699.41,\n          1716.9,\n          1611,\n          1649.96\n        ],\n        [\n          1678752000,\n          1673.44,\n          1780.02,\n          1655.24,\n          1699.4\n        ],\n        [\n          1678665600,\n          1580.33,\n          1693.49,\n          1565,\n          1673.45\n        ],\n        [\n          1678579200,\n          1471.93,\n          1594.19,\n          1448.3,\n          1580.33\n        ],\n        [\n          1678492800,\n          1426.43,\n          1478.07,\n          1408.4,\n          1471.97\n        ],\n        [\n          1678406400,\n          1437.32,\n          1439.43,\n          1368.39,\n          1426.44\n        ],\n        [\n          1678320000,\n          1532.38,\n          1546.45,\n          1408,\n          1437.32\n        ],\n        [\n          1678233600,\n          1561.95,\n          1570.89,\n          1523.61,\n          1532.38\n        ],\n        [\n          1678147200,\n          1565.84,\n          1584.49,\n          1536.14,\n          1561.96\n        ],\n        [\n          1678060800,\n          1564.57,\n          1583.49,\n          1554.44,\n          1565.84\n        ],\n        [\n          1677974400,\n          1566.74,\n          1588.77,\n          1553.05,\n          1564.58\n        ],\n        [\n          1677888000,\n          1569.45,\n          1577.53,\n          1549.12,\n          1566.73\n        ],\n        [\n          1677801600,\n          1647.86,\n          1649.25,\n          1544.39,\n          1569.45\n        ],\n        [\n          1677715200,\n          1665.23,\n          1677.86,\n          1619.18,\n          1647.86\n        ],\n        [\n          1677628800,\n          1605.24,\n          1669.72,\n          1595,\n          1665.22\n        ],\n        [\n          1677542400,\n          1633.45,\n          1647.52,\n          1596.66,\n          1605.23\n        ],\n        [\n          1677456000,\n          1641.37,\n          1665.22,\n          1608,\n          1633.45\n        ],\n        [\n          1677369600,\n          1594.58,\n          1651.26,\n          1587.76,\n          1641.36\n        ],\n        [\n          1677283200,\n          1607.8,\n          1608.98,\n          1557.33,\n          1594.58\n        ],\n        [\n          1677196800,\n          1650.52,\n          1664.66,\n          1575.64,\n          1607.8\n        ],\n        [\n          1677110400,\n          1643.15,\n          1679,\n          1628.75,\n          1650.53\n        ],\n        [\n          1677024000,\n          1659.77,\n          1666.95,\n          1595.07,\n          1643.14\n        ],\n        [\n          1676937600,\n          1703.27,\n          1716.66,\n          1636.3,\n          1659.76\n        ],\n        [\n          1676851200,\n          1679.74,\n          1719.89,\n          1650.56,\n          1703.27\n        ],\n        [\n          1676764800,\n          1691.62,\n          1726.59,\n          1666.14,\n          1679.75\n        ],\n        [\n          1676678400,\n          1693.81,\n          1713.13,\n          1679.77,\n          1691.62\n        ],\n        [\n          1676592000,\n          1637.83,\n          1722,\n          1630.51,\n          1693.87\n        ],\n        [\n          1676505600,\n          1674.92,\n          1742.97,\n          1633.72,\n          1637.84\n        ],\n        [\n          1676419200,\n          1555.7,\n          1680,\n          1542.55,\n          1674.92\n        ],\n        [\n          1676332800,\n          1505.25,\n          1569,\n          1482.66,\n          1555.71\n        ],\n        [\n          1676246400,\n          1514.82,\n          1526.1,\n          1461.93,\n          1505.24\n        ],\n        [\n          1676160000,\n          1538.5,\n          1548.02,\n          1493.08,\n          1514.83\n        ],\n        [\n          1676073600,\n          1513.05,\n          1543,\n          1505,\n          1538.51\n        ],\n        [\n          1675987200,\n          1545.35,\n          1555.01,\n          1490,\n          1513.06\n        ],\n        [\n          1675900800,\n          1650.42,\n          1656.17,\n          1524.4,\n          1545.35\n        ],\n        [\n          1675814400,\n          1671.03,\n          1697.91,\n          1630.47,\n          1650.43\n        ],\n        [\n          1675728000,\n          1614.28,\n          1678.37,\n          1613.14,\n          1671.03\n        ],\n        [\n          1675641600,\n          1629.01,\n          1658.56,\n          1605.01,\n          1614.29\n        ],\n        [\n          1675555200,\n          1666.39,\n          1673.81,\n          1609.3,\n          1629.02\n        ],\n        [\n          1675468800,\n          1663.52,\n          1695.29,\n          1645.43,\n          1666.38\n        ],\n        [\n          1675382400,\n          1643.12,\n          1676,\n          1625.93,\n          1663.52\n        ],\n        [\n          1675296000,\n          1641.67,\n          1714.68,\n          1626.85,\n          1643.12\n        ],\n        [\n          1675209600,\n          1585.32,\n          1647.77,\n          1555.18,\n          1641.68\n        ],\n        [\n          1675123200,\n          1566.21,\n          1605.18,\n          1561.63,\n          1585.33\n        ],\n        [\n          1675036800,\n          1644.73,\n          1647.53,\n          1535,\n          1566.2\n        ],\n        [\n          1674950400,\n          1572.1,\n          1660,\n          1566.33,\n          1644.72\n        ],\n        [\n          1674864000,\n          1597.61,\n          1606.83,\n          1555.99,\n          1572.1\n        ],\n        [\n          1674777600,\n          1601.08,\n          1621,\n          1552.54,\n          1597.62\n        ],\n        [\n          1674691200,\n          1611.95,\n          1632.84,\n          1577.43,\n          1601.09\n        ],\n        [\n          1674604800,\n          1555.97,\n          1641,\n          1518,\n          1611.94\n        ],\n        [\n          1674518400,\n          1626.28,\n          1641.46,\n          1535,\n          1555.97\n        ],\n        [\n          1674432000,\n          1627.43,\n          1648.09,\n          1585.29,\n          1626.29\n        ],\n        [\n          1674345600,\n          1626.65,\n          1663.89,\n          1604,\n          1627.44\n        ],\n        [\n          1674259200,\n          1658.53,\n          1679.26,\n          1616.21,\n          1626.66\n        ],\n        [\n          1674172800,\n          1551.09,\n          1669.9,\n          1542.02,\n          1658.52\n        ],\n        [\n          1674086400,\n          1511.44,\n          1564.43,\n          1509.15,\n          1551.09\n        ],\n        [\n          1674000000,\n          1565.56,\n          1610,\n          1501.39,\n          1511.43\n        ],\n        [\n          1673913600,\n          1576.94,\n          1609,\n          1541.15,\n          1565.57\n        ],\n        [\n          1673827200,\n          1552.52,\n          1604.5,\n          1521.31,\n          1576.94\n        ],\n        [\n          1673740800,\n          1549.91,\n          1566.66,\n          1516.03,\n          1552.52\n        ],\n        [\n          1673654400,\n          1451.21,\n          1599.98,\n          1449.14,\n          1549.9\n        ],\n        [\n          1673568000,\n          1415.91,\n          1464,\n          1401.03,\n          1451.2\n        ],\n        [\n          1673481600,\n          1389.4,\n          1438,\n          1361.92,\n          1415.92\n        ],\n        [\n          1673395200,\n          1335.63,\n          1398,\n          1321.04,\n          1389.39\n        ],\n        [\n          1673308800,\n          1320.4,\n          1347.69,\n          1316.8,\n          1335.62\n        ],\n        [\n          1673222400,\n          1290.15,\n          1344.91,\n          1285.44,\n          1320.39\n        ],\n        [\n          1673136000,\n          1264.06,\n          1296,\n          1257.77,\n          1290.16\n        ],\n        [\n          1673049600,\n          1269.13,\n          1271.09,\n          1261.3,\n          1264.07\n        ],\n        [\n          1672963200,\n          1251.25,\n          1276.7,\n          1236,\n          1269.14\n        ],\n        [\n          1672876800,\n          1256.91,\n          1259.95,\n          1242.81,\n          1251.24\n        ],\n        [\n          1672790400,\n          1214.56,\n          1272.6,\n          1212.71,\n          1256.9\n        ],\n        [\n          1672704000,\n          1213.99,\n          1219.89,\n          1204.93,\n          1214.55\n        ],\n        [\n          1672617600,\n          1200.33,\n          1224.29,\n          1193,\n          1214\n        ],\n        [\n          1672531200,\n          1196.13,\n          1204.67,\n          1190.57,\n          1200.34\n        ],\n        [\n          1672444800,\n          1199.98,\n          1208.46,\n          1191.66,\n          1196.13\n        ],\n        [\n          1672358400,\n          1200.48,\n          1202.15,\n          1181.08,\n          1199.99\n        ],\n        [\n          1672272000,\n          1190.15,\n          1206.57,\n          1186.77,\n          1200.49\n        ],\n        [\n          1672185600,\n          1211.55,\n          1215.78,\n          1181.06,\n          1190.15\n        ],\n        [\n          1672099200,\n          1228.12,\n          1233.73,\n          1200.58,\n          1211.55\n        ],\n        [\n          1672012800,\n          1218.52,\n          1231.09,\n          1211.67,\n          1228.11\n        ],\n        [\n          1671926400,\n          1220.42,\n          1225,\n          1193.18,\n          1218.51\n        ],\n        [\n          1671840000,\n          1219.98,\n          1227.99,\n          1214.69,\n          1220.41\n        ],\n        [\n          1671753600,\n          1217.72,\n          1231.99,\n          1210,\n          1219.99\n        ],\n        [\n          1671667200,\n          1213.78,\n          1237.99,\n          1182.54,\n          1217.71\n        ],\n        [\n          1671580800,\n          1216.95,\n          1223.39,\n          1203.02,\n          1213.78\n        ],\n        [\n          1671494400,\n          1167.82,\n          1230.47,\n          1163.12,\n          1216.94\n        ],\n        [\n          1671408000,\n          1183.06,\n          1195,\n          1150.51,\n          1167.82\n        ],\n        [\n          1671321600,\n          1187.16,\n          1199.54,\n          1170.32,\n          1183.06\n        ],\n        [\n          1671235200,\n          1166.82,\n          1190.03,\n          1161.92,\n          1187.16\n        ],\n        [\n          1671148800,\n          1266.53,\n          1280.06,\n          1155.32,\n          1166.83\n        ],\n        [\n          1671062400,\n          1307.45,\n          1311.14,\n          1259.27,\n          1266.54\n        ],\n        [\n          1670976000,\n          1320.69,\n          1352.72,\n          1301,\n          1307.44\n        ],\n        [\n          1670889600,\n          1275.41,\n          1349,\n          1255.1,\n          1320.69\n        ],\n        [\n          1670803200,\n          1263,\n          1278.9,\n          1240.03,\n          1275.4\n        ],\n        [\n          1670716800,\n          1266.35,\n          1284.75,\n          1255.85,\n          1263.01\n        ],\n        [\n          1670630400,\n          1263.11,\n          1283.61,\n          1259.6,\n          1266.35\n        ],\n        [\n          1670544000,\n          1280.18,\n          1296.64,\n          1250,\n          1263.1\n        ],\n        [\n          1670457600,\n          1231.18,\n          1292.58,\n          1222.01,\n          1280.18\n        ],\n        [\n          1670371200,\n          1271.31,\n          1278.69,\n          1218.01,\n          1231.18\n        ],\n        [\n          1670284800,\n          1259.41,\n          1274.76,\n          1241.56,\n          1271.32\n        ],\n        [\n          1670198400,\n          1279.4,\n          1305.11,\n          1246.61,\n          1259.41\n        ],\n        [\n          1670112000,\n          1240.5,\n          1287.19,\n          1240.1,\n          1279.41\n        ],\n        [\n          1670025600,\n          1295.58,\n          1309,\n          1236.26,\n          1240.51\n        ],\n        [\n          1669939200,\n          1276.4,\n          1297.18,\n          1265.24,\n          1295.59\n        ],\n        [\n          1669852800,\n          1294.46,\n          1299.9,\n          1262.77,\n          1276.41\n        ],\n        [\n          1669766400,\n          1216.49,\n          1309.77,\n          1212.5,\n          1294.46\n        ],\n        [\n          1669680000,\n          1167.77,\n          1228.37,\n          1158.27,\n          1216.49\n        ],\n        [\n          1669593600,\n          1193.88,\n          1199.25,\n          1151.02,\n          1167.77\n        ],\n        [\n          1669507200,\n          1205.61,\n          1223.33,\n          1188.65,\n          1193.88\n        ],\n        [\n          1669420800,\n          1199.29,\n          1235.66,\n          1196.2,\n          1205.6\n        ],\n        [\n          1669334400,\n          1203.72,\n          1207.77,\n          1171.2,\n          1199.3\n        ],\n        [\n          1669248000,\n          1184.52,\n          1217.71,\n          1180.6,\n          1203.73\n        ],\n        [\n          1669161600,\n          1139.59,\n          1190,\n          1127.75,\n          1184.52\n        ],\n        [\n          1669075200,\n          1107.34,\n          1146.13,\n          1075,\n          1139.6\n        ],\n        [\n          1668988800,\n          1142.21,\n          1146.99,\n          1079.76,\n          1107.34\n        ],\n        [\n          1668902400,\n          1217.67,\n          1227.07,\n          1132.65,\n          1142.21\n        ],\n        [\n          1668816000,\n          1212.58,\n          1235,\n          1197.67,\n          1217.67\n        ],\n        [\n          1668729600,\n          1200.42,\n          1234,\n          1199.18,\n          1212.58\n        ],\n        [\n          1668643200,\n          1216.16,\n          1228.22,\n          1181.05,\n          1200.43\n        ],\n        [\n          1668556800,\n          1253.22,\n          1268.67,\n          1187.06,\n          1216.17\n        ],\n        [\n          1668470400,\n          1243.29,\n          1291,\n          1234.01,\n          1253.23\n        ],\n        [\n          1668384000,\n          1221.5,\n          1291.2,\n          1171.13,\n          1243.28\n        ],\n        [\n          1668297600,\n          1257.25,\n          1274.23,\n          1200.66,\n          1221.49\n        ],\n        [\n          1668211200,\n          1289.35,\n          1292.16,\n          1238.7,\n          1257.25\n        ],\n        [\n          1668124800,\n          1299.28,\n          1310,\n          1201.26,\n          1289.28\n        ],\n        [\n          1668038400,\n          1102.73,\n          1350,\n          1085.93,\n          1299.28\n        ],\n        [\n          1667952000,\n          1334.78,\n          1337.16,\n          1073.53,\n          1102.73\n        ],\n        [\n          1667865600,\n          1568.09,\n          1579.98,\n          1233,\n          1334.77\n        ],\n        [\n          1667779200,\n          1568.25,\n          1608.04,\n          1545.03,\n          1568.1\n        ],\n        [\n          1667692800,\n          1626.98,\n          1639.02,\n          1564.39,\n          1568.29\n        ],\n        [\n          1667606400,\n          1644.78,\n          1666.97,\n          1621.42,\n          1626.98\n        ],\n        [\n          1667520000,\n          1531.01,\n          1680,\n          1528.4,\n          1644.78\n        ],\n        [\n          1667433600,\n          1518.33,\n          1559.01,\n          1515.17,\n          1531.01\n        ],\n        [\n          1667347200,\n          1578.47,\n          1621.68,\n          1502.32,\n          1518.34\n        ],\n        [\n          1667260800,\n          1572.69,\n          1612.92,\n          1563.69,\n          1578.48\n        ],\n        [\n          1667174400,\n          1590.45,\n          1635.8,\n          1545.43,\n          1572.69\n        ],\n        [\n          1667088000,\n          1619.55,\n          1640.06,\n          1576.56,\n          1590.44\n        ],\n        [\n          1667001600,\n          1554.4,\n          1663.06,\n          1547.66,\n          1619.55\n        ],\n        [\n          1666915200,\n          1514.04,\n          1574.9,\n          1479.82,\n          1554.41\n        ],\n        [\n          1666828800,\n          1566.11,\n          1578.58,\n          1503.2,\n          1514.05\n        ],\n        [\n          1666742400,\n          1459.74,\n          1594.99,\n          1457.44,\n          1566.1\n        ],\n        [\n          1666656000,\n          1343.61,\n          1525.16,\n          1334.94,\n          1459.74\n        ],\n        [\n          1666569600,\n          1364.19,\n          1370.6,\n          1324.17,\n          1343.61\n        ],\n        [\n          1666483200,\n          1313.62,\n          1371.55,\n          1299.44,\n          1364.2\n        ],\n        [\n          1666396800,\n          1299.76,\n          1320.2,\n          1294.32,\n          1313.61\n        ],\n        [\n          1666310400,\n          1282.57,\n          1306.97,\n          1252.65,\n          1299.75\n        ],\n        [\n          1666224000,\n          1285.09,\n          1310.87,\n          1270.36,\n          1282.57\n        ],\n        [\n          1666137600,\n          1310.71,\n          1313.5,\n          1280.31,\n          1285.09\n        ],\n        [\n          1666051200,\n          1331.39,\n          1341.73,\n          1286.72,\n          1310.71\n        ],\n        [\n          1665964800,\n          1305.96,\n          1338.57,\n          1295.64,\n          1331.4\n        ],\n        [\n          1665878400,\n          1274.93,\n          1315.35,\n          1274.67,\n          1305.95\n        ],\n        [\n          1665792000,\n          1296.26,\n          1301.69,\n          1263.64,\n          1274.92\n        ],\n        [\n          1665705600,\n          1287.08,\n          1343.12,\n          1283.39,\n          1296.27\n        ],\n        [\n          1665619200,\n          1294.44,\n          1301.58,\n          1190,\n          1287.08\n        ],\n        [\n          1665532800,\n          1280.11,\n          1306.87,\n          1275.25,\n          1294.44\n        ],\n        [\n          1665446400,\n          1290.03,\n          1298,\n          1267.01,\n          1280.11\n        ],\n        [\n          1665360000,\n          1323.13,\n          1338,\n          1288,\n          1290.03\n        ],\n        [\n          1665273600,\n          1315.48,\n          1329,\n          1307.26,\n          1323.13\n        ],\n        [\n          1665187200,\n          1331.1,\n          1337.35,\n          1303.51,\n          1315.48\n        ],\n        [\n          1665100800,\n          1352.07,\n          1361.75,\n          1317.26,\n          1331.1\n        ],\n        [\n          1665014400,\n          1352.2,\n          1383.99,\n          1345.01,\n          1352.06\n        ],\n        [\n          1664928000,\n          1361.5,\n          1364.77,\n          1316.29,\n          1352.2\n        ],\n        [\n          1664841600,\n          1323.1,\n          1369.55,\n          1318.66,\n          1361.49\n        ],\n        [\n          1664755200,\n          1276.72,\n          1329.9,\n          1263.04,\n          1323.09\n        ],\n        [\n          1664668800,\n          1311.79,\n          1317.93,\n          1270,\n          1276.72\n        ],\n        [\n          1664582400,\n          1328.71,\n          1333.69,\n          1302.68,\n          1311.79\n        ],\n        [\n          1664496000,\n          1335.69,\n          1373.19,\n          1313.35,\n          1328.72\n        ],\n        [\n          1664409600,\n          1337.2,\n          1352.02,\n          1288.52,\n          1335.7\n        ],\n        [\n          1664323200,\n          1328.01,\n          1355.7,\n          1253.2,\n          1337.2\n        ],\n        [\n          1664236800,\n          1336.17,\n          1400,\n          1303.75,\n          1328.02\n        ],\n        [\n          1664150400,\n          1294.62,\n          1340.42,\n          1277.85,\n          1336.17\n        ],\n        [\n          1664064000,\n          1317.13,\n          1337,\n          1269.27,\n          1294.63\n        ],\n        [\n          1663977600,\n          1327.24,\n          1349.33,\n          1306.52,\n          1317.13\n        ],\n        [\n          1663891200,\n          1326.47,\n          1360,\n          1262.15,\n          1327.25\n        ],\n        [\n          1663804800,\n          1245.79,\n          1350.08,\n          1237.32,\n          1326.46\n        ],\n        [\n          1663718400,\n          1322.94,\n          1408.9,\n          1220,\n          1245.78\n        ],\n        [\n          1663632000,\n          1375.98,\n          1384.78,\n          1312.71,\n          1322.93\n        ],\n        [\n          1663545600,\n          1334.51,\n          1393.35,\n          1280,\n          1375.98\n        ],\n        [\n          1663459200,\n          1468.82,\n          1469.63,\n          1325.55,\n          1334.51\n        ],\n        [\n          1663372800,\n          1433.9,\n          1476.13,\n          1409.12,\n          1468.83\n        ],\n        [\n          1663286400,\n          1472.76,\n          1483.35,\n          1405.52,\n          1433.9\n        ],\n        [\n          1663200000,\n          1638.4,\n          1655.2,\n          1458,\n          1472.75\n        ],\n        [\n          1663113600,\n          1574.4,\n          1647.01,\n          1552.38,\n          1638.39\n        ],\n        [\n          1663027200,\n          1716.37,\n          1760.51,\n          1560.54,\n          1574.4\n        ],\n        [\n          1662940800,\n          1766.12,\n          1783,\n          1693,\n          1716.37\n        ],\n        [\n          1662854400,\n          1774.12,\n          1789,\n          1720.1,\n          1766.11\n        ],\n        [\n          1662768000,\n          1718.24,\n          1789,\n          1706.03,\n          1774.12\n        ],\n        [\n          1662681600,\n          1635.37,\n          1746.13,\n          1630.51,\n          1718.23\n        ],\n        [\n          1662595200,\n          1630,\n          1663.56,\n          1595.06,\n          1635.37\n        ],\n        [\n          1662508800,\n          1559.01,\n          1657.5,\n          1490.66,\n          1630\n        ],\n        [\n          1662422400,\n          1617.8,\n          1687.4,\n          1555,\n          1559.01\n        ],\n        [\n          1662336000,\n          1579.29,\n          1631.99,\n          1556.56,\n          1617.8\n        ],\n        [\n          1662249600,\n          1557.45,\n          1583.66,\n          1540.66,\n          1579.28\n        ],\n        [\n          1662163200,\n          1575.35,\n          1582.71,\n          1534.28,\n          1557.46\n        ],\n        [\n          1662076800,\n          1586.17,\n          1650,\n          1546.41,\n          1575.35\n        ],\n        [\n          1661990400,\n          1554.11,\n          1599,\n          1512.77,\n          1586.16\n        ],\n        [\n          1661904000,\n          1524.59,\n          1619.78,\n          1524.59,\n          1554.1\n        ],\n        [\n          1661817600,\n          1551.79,\n          1606.13,\n          1473.61,\n          1524.59\n        ],\n        [\n          1661731200,\n          1426.76,\n          1559.99,\n          1422.08,\n          1551.8\n        ],\n        [\n          1661644800,\n          1491.06,\n          1511,\n          1424,\n          1426.76\n        ],\n        [\n          1661558400,\n          1508.18,\n          1518.42,\n          1447.52,\n          1491.06\n        ],\n        [\n          1661472000,\n          1695.11,\n          1706.45,\n          1486.85,\n          1508.18\n        ],\n        [\n          1661385600,\n          1656.56,\n          1722,\n          1653.68,\n          1695.11\n        ],\n        [\n          1661299200,\n          1665.4,\n          1694.13,\n          1604.92,\n          1656.56\n        ],\n        [\n          1661212800,\n          1624.65,\n          1676.07,\n          1563.76,\n          1665.41\n        ],\n        [\n          1661126400,\n          1618.13,\n          1629.72,\n          1529.92,\n          1624.66\n        ],\n        [\n          1661040000,\n          1576.03,\n          1646.52,\n          1562.34,\n          1618.13\n        ],\n        [\n          1660953600,\n          1609,\n          1657.08,\n          1523.67,\n          1576.04\n        ],\n        [\n          1660867200,\n          1846.39,\n          1848,\n          1602.37,\n          1609.01\n        ],\n        [\n          1660780800,\n          1834.24,\n          1882.37,\n          1821.25,\n          1846.39\n        ],\n        [\n          1660694400,\n          1876.67,\n          1959.43,\n          1818.74,\n          1834.25\n        ],\n        [\n          1660608000,\n          1899.05,\n          1915,\n          1853,\n          1876.67\n        ],\n        [\n          1660521600,\n          1935.32,\n          2012.47,\n          1872.31,\n          1899.06\n        ],\n        [\n          1660435200,\n          1983.55,\n          2030,\n          1906,\n          1935.31\n        ],\n        [\n          1660348800,\n          1958.28,\n          2020,\n          1946.5,\n          1983.55\n        ],\n        [\n          1660262400,\n          1880.19,\n          1964.71,\n          1853.06,\n          1958.28\n        ],\n        [\n          1660176000,\n          1853.58,\n          1942,\n          1850.32,\n          1880.19\n        ],\n        [\n          1660089600,\n          1702.76,\n          1885,\n          1656.78,\n          1853.57\n        ],\n        [\n          1660003200,\n          1777.05,\n          1790.83,\n          1667.93,\n          1702.76\n        ],\n        [\n          1659916800,\n          1700.2,\n          1818,\n          1693.87,\n          1777.05\n        ],\n        [\n          1659830400,\n          1690.6,\n          1729.79,\n          1668,\n          1700.19\n        ],\n        [\n          1659744000,\n          1736.81,\n          1749.93,\n          1685.26,\n          1690.6\n        ],\n        [\n          1659657600,\n          1607.97,\n          1742.07,\n          1605.64,\n          1736.81\n        ],\n        [\n          1659571200,\n          1618.16,\n          1662.79,\n          1580.39,\n          1607.96\n        ],\n        [\n          1659484800,\n          1630.91,\n          1685.03,\n          1589.71,\n          1618.16\n        ],\n        [\n          1659398400,\n          1630.28,\n          1678,\n          1559.28,\n          1630.91\n        ],\n        [\n          1659312000,\n          1678.12,\n          1704.68,\n          1606.12,\n          1630.28\n        ],\n        [\n          1659225600,\n          1697,\n          1754.69,\n          1666,\n          1678.12\n        ],\n        [\n          1659139200,\n          1721.68,\n          1744.85,\n          1673.01,\n          1697\n        ],\n        [\n          1659052800,\n          1724.52,\n          1765.99,\n          1655.02,\n          1721.68\n        ],\n        [\n          1658966400,\n          1635.74,\n          1784.79,\n          1593.27,\n          1724.52\n        ],\n        [\n          1658880000,\n          1449.12,\n          1644.44,\n          1420.83,\n          1635.74\n        ],\n        [\n          1658793600,\n          1440.79,\n          1454.11,\n          1356.17,\n          1449.12\n        ],\n        [\n          1658707200,\n          1597.7,\n          1609.55,\n          1435.58,\n          1440.79\n        ],\n        [\n          1658620800,\n          1548.66,\n          1664.34,\n          1545.67,\n          1597.7\n        ],\n        [\n          1658534400,\n          1535.27,\n          1596.51,\n          1488,\n          1548.67\n        ],\n        [\n          1658448000,\n          1575.45,\n          1650.05,\n          1516.11,\n          1535.27\n        ],\n        [\n          1658361600,\n          1521.63,\n          1605.98,\n          1463.56,\n          1575.45\n        ],\n        [\n          1658275200,\n          1542.33,\n          1620.4,\n          1484.23,\n          1521.58\n        ],\n        [\n          1658188800,\n          1581.03,\n          1631,\n          1493.11,\n          1542.32\n        ],\n        [\n          1658102400,\n          1338.65,\n          1597.47,\n          1336.07,\n          1581.04\n        ],\n        [\n          1658016000,\n          1355.84,\n          1387,\n          1319.04,\n          1338.65\n        ],\n        [\n          1657929600,\n          1231.25,\n          1422.91,\n          1191.23,\n          1355.85\n        ],\n        [\n          1657843200,\n          1193.42,\n          1287.82,\n          1181.05,\n          1231.25\n        ],\n        [\n          1657756800,\n          1115.01,\n          1214.65,\n          1072.11,\n          1193.42\n        ],\n        [\n          1657670400,\n          1038.58,\n          1119.18,\n          1006.32,\n          1115\n        ],\n        [\n          1657584000,\n          1096.37,\n          1098.26,\n          1033.46,\n          1038.58\n        ],\n        [\n          1657497600,\n          1168.37,\n          1171.29,\n          1091.71,\n          1096.4\n        ],\n        [\n          1657411200,\n          1217.02,\n          1219.95,\n          1153,\n          1168.36\n        ],\n        [\n          1657324800,\n          1214.03,\n          1235.4,\n          1204.67,\n          1217.02\n        ],\n        [\n          1657238400,\n          1237.49,\n          1276.46,\n          1193.15,\n          1214.04\n        ],\n        [\n          1657152000,\n          1186.57,\n          1254.29,\n          1163.18,\n          1237.49\n        ],\n        [\n          1657065600,\n          1132.51,\n          1205,\n          1111.44,\n          1186.57\n        ],\n        [\n          1656979200,\n          1151.01,\n          1174.9,\n          1076.34,\n          1132.5\n        ],\n        [\n          1656892800,\n          1074.26,\n          1160.9,\n          1045.37,\n          1151\n        ],\n        [\n          1656806400,\n          1067.01,\n          1088.34,\n          1040.78,\n          1074.26\n        ],\n        [\n          1656720000,\n          1059.73,\n          1078.88,\n          1028.29,\n          1067.01\n        ],\n        [\n          1656633600,\n          1071.02,\n          1117,\n          1033.44,\n          1059.73\n        ],\n        [\n          1656547200,\n          1100.21,\n          1106.62,\n          998,\n          1071.01\n        ],\n        [\n          1656460800,\n          1144.05,\n          1156.8,\n          1087.42,\n          1100.21\n        ],\n        [\n          1656374400,\n          1192.51,\n          1237.99,\n          1136.32,\n          1144.05\n        ],\n        [\n          1656288000,\n          1197.79,\n          1238.93,\n          1172.49,\n          1192.51\n        ],\n        [\n          1656201600,\n          1242.31,\n          1280,\n          1194.6,\n          1197.79\n        ],\n        [\n          1656115200,\n          1225.02,\n          1256.77,\n          1180,\n          1242.36\n        ],\n        [\n          1656028800,\n          1144.71,\n          1245.43,\n          1132,\n          1225.02\n        ],\n        [\n          1655942400,\n          1050.19,\n          1155,\n          1045.3,\n          1144.72\n        ],\n        [\n          1655856000,\n          1125.86,\n          1127.33,\n          1043.65,\n          1050.19\n        ],\n        [\n          1655769600,\n          1128.24,\n          1194,\n          1109.23,\n          1125.85\n        ],\n        [\n          1655683200,\n          1128.53,\n          1170,\n          1053,\n          1128.24\n        ],\n        [\n          1655596800,\n          995.12,\n          1158.62,\n          936.15,\n          1128.53\n        ],\n        [\n          1655510400,\n          1086.93,\n          1097.58,\n          881.56,\n          995.13\n        ],\n        [\n          1655424000,\n          1068.5,\n          1118,\n          1051.11,\n          1086.94\n        ],\n        [\n          1655337600,\n          1237.53,\n          1257.85,\n          1051.55,\n          1068.5\n        ],\n        [\n          1655251200,\n          1208.9,\n          1250,\n          1014.4,\n          1237.52\n        ],\n        [\n          1655164800,\n          1209.35,\n          1268.45,\n          1075.8,\n          1208.9\n        ],\n        [\n          1655078400,\n          1434.84,\n          1455,\n          1165.45,\n          1209.82\n        ],\n        [\n          1654992000,\n          1532.89,\n          1547,\n          1423,\n          1434.84\n        ],\n        [\n          1654905600,\n          1662.91,\n          1682.21,\n          1496.74,\n          1532.89\n        ],\n        [\n          1654819200,\n          1788.8,\n          1804.32,\n          1655.93,\n          1662.91\n        ],\n        [\n          1654732800,\n          1791.88,\n          1833,\n          1777.33,\n          1788.81\n        ],\n        [\n          1654646400,\n          1813.33,\n          1838.77,\n          1765.28,\n          1791.88\n        ],\n        [\n          1654560000,\n          1859.84,\n          1874.98,\n          1725.13,\n          1813.33\n        ],\n        [\n          1654473600,\n          1806.22,\n          1920,\n          1804.35,\n          1859.84\n        ],\n        [\n          1654387200,\n          1804.58,\n          1830.17,\n          1773.05,\n          1806.23\n        ],\n        [\n          1654300800,\n          1775.13,\n          1816,\n          1748.43,\n          1804.58\n        ],\n        [\n          1654214400,\n          1834.09,\n          1843.91,\n          1737,\n          1775.12\n        ],\n        [\n          1654128000,\n          1817.96,\n          1853.05,\n          1782.42,\n          1834.08\n        ],\n        [\n          1654041600,\n          1941.9,\n          1972.58,\n          1763.75,\n          1817.95\n        ],\n        [\n          1653955200,\n          1998.78,\n          2016.45,\n          1925,\n          1941.9\n        ],\n        [\n          1653868800,\n          1813.64,\n          2013,\n          1803.18,\n          1998.78\n        ],\n        [\n          1653782400,\n          1792.21,\n          1827.4,\n          1759.96,\n          1813.64\n        ],\n        [\n          1653696000,\n          1727.26,\n          1808.98,\n          1722.26,\n          1792.22\n        ],\n        [\n          1653609600,\n          1792.24,\n          1822.26,\n          1703,\n          1727.27\n        ],\n        [\n          1653523200,\n          1942.64,\n          1966.01,\n          1735,\n          1792.23\n        ],\n        [\n          1653436800,\n          1979.4,\n          2022.34,\n          1934.61,\n          1942.63\n        ],\n        [\n          1653350400,\n          1973.33,\n          1993.83,\n          1913.02,\n          1979.41\n        ],\n        [\n          1653264000,\n          2043.19,\n          2088.5,\n          1957.12,\n          1973.32\n        ],\n        [\n          1653177600,\n          1975.06,\n          2056.41,\n          1966.33,\n          2043.19\n        ],\n        [\n          1653091200,\n          1959.08,\n          1990.86,\n          1937.36,\n          1975.07\n        ],\n        [\n          1653004800,\n          2019.55,\n          2064,\n          1923,\n          1959.08\n        ],\n        [\n          1652918400,\n          1915.11,\n          2040.39,\n          1903.18,\n          2019.55\n        ],\n        [\n          1652832000,\n          2090.72,\n          2110.72,\n          1908,\n          1915.11\n        ],\n        [\n          1652745600,\n          2023.66,\n          2122.42,\n          2008,\n          2090.72\n        ],\n        [\n          1652659200,\n          2145.29,\n          2145.29,\n          1979.12,\n          2023.66\n        ],\n        [\n          1652572800,\n          2056.47,\n          2167,\n          2000.68,\n          2145.29\n        ],\n        [\n          1652486400,\n          2009.69,\n          2070.06,\n          1951.21,\n          2056.48\n        ],\n        [\n          1652400000,\n          1960.22,\n          2147.54,\n          1940.23,\n          2009.69\n        ],\n        [\n          1652313600,\n          2084.99,\n          2195,\n          1800,\n          1960.22\n        ],\n        [\n          1652227200,\n          2342.04,\n          2451.37,\n          2005,\n          2084.99\n        ],\n        [\n          1652140800,\n          2229,\n          2457.34,\n          2200,\n          2342.05\n        ],\n        [\n          1652054400,\n          2519.71,\n          2530.78,\n          2225,\n          2228.55\n        ],\n        [\n          1651968000,\n          2635.35,\n          2642,\n          2484,\n          2519.71\n        ],\n        [\n          1651881600,\n          2692.86,\n          2704.36,\n          2584.75,\n          2635.34\n        ],\n        [\n          1651795200,\n          2747.96,\n          2758.18,\n          2632.95,\n          2692.85\n        ],\n        [\n          1651708800,\n          2940.65,\n          2954.65,\n          2683,\n          2747.97\n        ],\n        [\n          1651622400,\n          2781.7,\n          2965.85,\n          2771.74,\n          2940.64\n        ],\n        [\n          1651536000,\n          2856.54,\n          2861.47,\n          2755.19,\n          2781.7\n        ],\n        [\n          1651449600,\n          2824.81,\n          2894.22,\n          2778.78,\n          2856.54\n        ],\n        [\n          1651363200,\n          2726.67,\n          2849.9,\n          2716.13,\n          2824.81\n        ],\n        [\n          1651276800,\n          2817.13,\n          2841.63,\n          2709.26,\n          2726.66\n        ],\n        [\n          1651190400,\n          2936.92,\n          2946.46,\n          2776.63,\n          2817.13\n        ],\n        [\n          1651104000,\n          2888.95,\n          2980,\n          2853.83,\n          2936.93\n        ],\n        [\n          1651017600,\n          2809.68,\n          2919.87,\n          2794.46,\n          2888.96\n        ],\n        [\n          1650931200,\n          3006.63,\n          3039.54,\n          2767,\n          2809.67\n        ],\n        [\n          1650844800,\n          2920.99,\n          3025.65,\n          2797.01,\n          3006.62\n        ],\n        [\n          1650758400,\n          2933.04,\n          2967.06,\n          2912.09,\n          2921\n        ],\n        [\n          1650672000,\n          2962.39,\n          2978.03,\n          2913.89,\n          2933.03\n        ],\n        [\n          1650585600,\n          2983.57,\n          3034.32,\n          2930.35,\n          2962.39\n        ],\n        [\n          1650499200,\n          3076.03,\n          3180,\n          2942.31,\n          2983.58\n        ],\n        [\n          1650412800,\n          3101.74,\n          3166.5,\n          3036.45,\n          3076.04\n        ],\n        [\n          1650326400,\n          3055.56,\n          3131,\n          3030.34,\n          3101.77\n        ],\n        [\n          1650240000,\n          2988.07,\n          3069.6,\n          2883.22,\n          3055.56\n        ],\n        [\n          1650153600,\n          3059.3,\n          3083,\n          2981.7,\n          2988.06\n        ],\n        [\n          1650067200,\n          3040.57,\n          3086.1,\n          3010.03,\n          3059.3\n        ],\n        [\n          1649980800,\n          3021.98,\n          3060.92,\n          2993.13,\n          3040.56\n        ],\n        [\n          1649894400,\n          3118.28,\n          3145,\n          2976.3,\n          3021.98\n        ],\n        [\n          1649808000,\n          3027.65,\n          3128.97,\n          2996.86,\n          3118.28\n        ],\n        [\n          1649721600,\n          2979.75,\n          3085,\n          2950,\n          3027.66\n        ],\n        [\n          1649635200,\n          3203.04,\n          3213.63,\n          2950,\n          2979.74\n        ],\n        [\n          1649548800,\n          3258.57,\n          3307.22,\n          3193,\n          3203.04\n        ],\n        [\n          1649462400,\n          3192.39,\n          3268.4,\n          3181.28,\n          3258.57\n        ],\n        [\n          1649376000,\n          3227.2,\n          3314.02,\n          3173.52,\n          3192.39\n        ],\n        [\n          1649289600,\n          3168.52,\n          3268.98,\n          3143.15,\n          3227.19\n        ],\n        [\n          1649203200,\n          3407,\n          3407.5,\n          3162.39,\n          3168.51\n        ],\n        [\n          1649116800,\n          3519.5,\n          3555,\n          3400,\n          3406.99\n        ],\n        [\n          1649030400,\n          3521.9,\n          3547,\n          3405.97,\n          3519.5\n        ],\n        [\n          1648944000,\n          3443.77,\n          3580.34,\n          3412.11,\n          3521.91\n        ],\n        [\n          1648857600,\n          3455.2,\n          3532.2,\n          3433.14,\n          3443.77\n        ],\n        [\n          1648771200,\n          3281.51,\n          3481.29,\n          3210.68,\n          3455.21\n        ],\n        [\n          1648684800,\n          3385.8,\n          3444.83,\n          3261.35,\n          3281.51\n        ],\n        [\n          1648598400,\n          3400.51,\n          3446.9,\n          3331.84,\n          3385.79\n        ],\n        [\n          1648512000,\n          3332.91,\n          3481.87,\n          3329.68,\n          3400.51\n        ],\n        [\n          1648425600,\n          3295.65,\n          3431.15,\n          3275.01,\n          3332.92\n        ],\n        [\n          1648339200,\n          3145.01,\n          3299.37,\n          3126.02,\n          3295.65\n        ],\n        [\n          1648252800,\n          3102.13,\n          3153.2,\n          3084.9,\n          3145\n        ],\n        [\n          1648166400,\n          3110.75,\n          3193.28,\n          3076,\n          3102.14\n        ],\n        [\n          1648080000,\n          3035.99,\n          3129.11,\n          2999.11,\n          3110.76\n        ],\n        [\n          1647993600,\n          2969.64,\n          3045.2,\n          2920.65,\n          3036\n        ],\n        [\n          1647907200,\n          2890.03,\n          3052.85,\n          2886.43,\n          2969.64\n        ],\n        [\n          1647820800,\n          2861.39,\n          2960.57,\n          2829.81,\n          2890.03\n        ],\n        [\n          1647734400,\n          2950.85,\n          2964.17,\n          2817.21,\n          2861.38\n        ],\n        [\n          1647648000,\n          2938.84,\n          2987.7,\n          2890.86,\n          2950.84\n        ],\n        [\n          1647561600,\n          2811.91,\n          2984,\n          2765.59,\n          2938.92\n        ],\n        [\n          1647475200,\n          2773.8,\n          2836,\n          2746.42,\n          2811.92\n        ],\n        [\n          1647388800,\n          2617.74,\n          2788,\n          2603.38,\n          2773.81\n        ],\n        [\n          1647302400,\n          2589.42,\n          2669,\n          2507,\n          2617.73\n        ]\n      ]\n    }\n  },\n  \"avalanche\": {\n    \"tickers\": [\n      {\n        \"tokenAddress\": \"0xB31f66AA3C1e785363F0875A1B74E27b85FD66c7\",\n        \"tokenSymbol\": \"AVAX\",\n        \"minPrice\": \"51124197724030\",\n        \"maxPrice\": \"51138777479574\",\n        \"updatedAt\": 1733654540446,\n        \"timestamp\": 1733654540\n      },\n      {\n        \"tokenAddress\": \"0x49D5c2BdFfac6CE2BFdB6640F4F80f226bc10bAB\",\n        \"tokenSymbol\": \"ETH\",\n        \"minPrice\": \"3962824322054560\",\n        \"maxPrice\": \"3963001344000000\",\n        \"updatedAt\": 1733654540700,\n        \"timestamp\": 1733654540\n      },\n      {\n        \"tokenAddress\": \"0x152b9d0FdC40C096757F570A51E494bd4b943E50\",\n        \"tokenSymbol\": \"BTC\",\n        \"minPrice\": \"993538180140000000000000000\",\n        \"maxPrice\": \"993596270000000000000000000\",\n        \"updatedAt\": 1733654540700,\n        \"timestamp\": 1733654540\n      },\n      {\n        \"tokenAddress\": \"0x5947BB275c521040051D82396192181b413227A3\",\n        \"tokenSymbol\": \"LINK\",\n        \"minPrice\": \"25868609000000\",\n        \"maxPrice\": \"25883442643265\",\n        \"updatedAt\": 1733654540649,\n        \"timestamp\": 1733654540\n      },\n      {\n        \"tokenAddress\": \"0xFE6B19286885a4F7F55AdAD09C3Cd1f906D2478F\",\n        \"tokenSymbol\": \"SOL\",\n        \"minPrice\": \"235600081580195020000000\",\n        \"maxPrice\": \"235624050000000000000000\",\n        \"updatedAt\": 1733654539742,\n        \"timestamp\": 1733654539\n      },\n      {\n        \"tokenAddress\": \"0xC301E6fe31062C557aEE806cc6A841aE989A3ac6\",\n        \"tokenSymbol\": \"DOGE\",\n        \"minPrice\": \"4548394000000000000000\",\n        \"maxPrice\": \"4548965000000000000000\",\n        \"updatedAt\": 1733654540598,\n        \"timestamp\": 1733654540\n      },\n      {\n        \"tokenAddress\": \"0x8E9C35235C38C44b5a53B56A41eaf6dB9a430cD6\",\n        \"tokenSymbol\": \"LTC\",\n        \"minPrice\": \"1334832740477351000000000\",\n        \"maxPrice\": \"1335132300000000000000000\",\n        \"updatedAt\": 1733654539792,\n        \"timestamp\": 1733654539\n      },\n      {\n        \"tokenAddress\": \"0xB97EF9Ef8734C71904D8002F8b6Bc66Dd9c48a6E\",\n        \"tokenSymbol\": \"USDC\",\n        \"minPrice\": \"999773328010493800000000\",\n        \"maxPrice\": \"999892200000000000000000\",\n        \"updatedAt\": 1733654540548,\n        \"timestamp\": 1733654540\n      },\n      {\n        \"tokenAddress\": \"0xA7D7079b0FEaD91F3e65f86E8915Cb59c1a4C664\",\n        \"tokenSymbol\": \"USDC.e\",\n        \"minPrice\": \"999773328010493800000000\",\n        \"maxPrice\": \"999892200000000000000000\",\n        \"updatedAt\": 1733654540548,\n        \"timestamp\": 1733654540\n      },\n      {\n        \"tokenAddress\": \"0x9702230A8Ea53601f5cD2dc00fDBc13d4dF4A8c7\",\n        \"tokenSymbol\": \"USDT\",\n        \"minPrice\": \"1000440000000000000000000\",\n        \"maxPrice\": \"1000530200000000000000000\",\n        \"updatedAt\": 1733654540649,\n        \"timestamp\": 1733654540\n      },\n      {\n        \"tokenAddress\": \"0xc7198437980c041c805A1EDcbA50c1Ce5db95118\",\n        \"tokenSymbol\": \"USDT.e\",\n        \"minPrice\": \"1000440000000000000000000\",\n        \"maxPrice\": \"1000530200000000000000000\",\n        \"updatedAt\": 1733654540649,\n        \"timestamp\": 1733654540\n      },\n      {\n        \"tokenAddress\": \"0xd586E7F844cEa2F87f50152665BCbc2C279D8d70\",\n        \"tokenSymbol\": \"DAI.e\",\n        \"minPrice\": \"999778827621\",\n        \"maxPrice\": \"1000172000000\",\n        \"updatedAt\": 1733654540497,\n        \"timestamp\": 1733654540\n      },\n      {\n        \"tokenAddress\": \"0x34B2885D617cE2ddeD4F60cCB49809fc17bb58Af\",\n        \"tokenSymbol\": \"XRP\",\n        \"minPrice\": \"2527576700000000000000000\",\n        \"maxPrice\": \"2527810635716744700000000\",\n        \"updatedAt\": 1733654540598,\n        \"timestamp\": 1733654540\n      },\n      {\n        \"tokenAddress\": \"0x62edc0692BD897D2295872a9FFCac5425011c661\",\n        \"tokenSymbol\": \"GMX\",\n        \"minPrice\": \"40848026522706\",\n        \"maxPrice\": \"40858942568950\",\n        \"updatedAt\": 1733654540548,\n        \"timestamp\": 1733654540\n      }\n    ],\n    \"candles\": {\n      \"period\": \"1d\",\n      \"candles\": [\n        [\n          1733616000,\n          51.64,\n          52.1534,\n          50.3766,\n          51.1309\n        ],\n        [\n          1733529600,\n          52.5546,\n          53.127,\n          51.2614,\n          51.64\n        ],\n        [\n          1733443200,\n          50.3499,\n          53.5869,\n          49.6468,\n          52.5546\n        ],\n        [\n          1733356800,\n          52.8498,\n          53.653,\n          49.4357,\n          50.3499\n        ],\n        [\n          1733270400,\n          50.9324,\n          55.8484,\n          50.8713,\n          52.8498\n        ],\n        [\n          1733184000,\n          52.2915,\n          53.9402,\n          47.8697,\n          50.9324\n        ],\n        [\n          1733097600,\n          45.124,\n          52.504,\n          45.0192,\n          52.2915\n        ],\n        [\n          1733011200,\n          44.8376,\n          45.8071,\n          43.7191,\n          45.124\n        ],\n        [\n          1732924800,\n          44.8756,\n          46.2763,\n          43.7089,\n          44.8376\n        ],\n        [\n          1732838400,\n          42.7783,\n          45.0828,\n          42.5366,\n          44.8756\n        ],\n        [\n          1732752000,\n          43.8251,\n          44.2843,\n          41.5161,\n          42.7783\n        ],\n        [\n          1732665600,\n          42.6884,\n          44.4637,\n          41.9368,\n          43.8251\n        ],\n        [\n          1732579200,\n          41.3167,\n          43.3335,\n          38.5043,\n          42.6884\n        ],\n        [\n          1732492800,\n          42.0871,\n          47.9641,\n          40.0713,\n          41.3167\n        ],\n        [\n          1732406400,\n          41.4717,\n          43.1764,\n          38.3505,\n          42.0871\n        ],\n        [\n          1732320000,\n          43.2468,\n          45.3246,\n          40.7297,\n          41.4717\n        ],\n        [\n          1732233600,\n          35.7947,\n          43.5771,\n          35.2106,\n          43.2468\n        ],\n        [\n          1732147200,\n          33.6123,\n          36.2311,\n          32.3445,\n          35.7947\n        ],\n        [\n          1732060800,\n          34.2709,\n          35.7778,\n          32.7985,\n          33.6123\n        ],\n        [\n          1731974400,\n          35.4962,\n          35.6546,\n          33.5651,\n          34.2709\n        ],\n        [\n          1731888000,\n          34.7209,\n          36.1475,\n          34.0948,\n          35.4962\n        ],\n        [\n          1731801600,\n          35.159,\n          37.2697,\n          33.1072,\n          34.7209\n        ],\n        [\n          1731715200,\n          33.1336,\n          35.7407,\n          32.8006,\n          35.159\n        ],\n        [\n          1731628800,\n          31.2026,\n          33.3151,\n          30.5978,\n          33.1336\n        ],\n        [\n          1731542400,\n          33.1544,\n          34.7366,\n          30.6812,\n          31.2026\n        ],\n        [\n          1731456000,\n          33.9755,\n          35.1269,\n          31.2452,\n          33.1544\n        ],\n        [\n          1731369600,\n          35.7556,\n          37.7096,\n          32.6893,\n          33.9755\n        ],\n        [\n          1731283200,\n          31.9072,\n          35.8302,\n          30.7295,\n          35.7556\n        ],\n        [\n          1731196800,\n          30.3815,\n          33.3242,\n          29.7074,\n          31.9072\n        ],\n        [\n          1731110400,\n          28.7978,\n          30.4976,\n          28.5059,\n          30.3815\n        ],\n        [\n          1731024000,\n          27.4035,\n          28.81,\n          27.1239,\n          28.7978\n        ],\n        [\n          1730937600,\n          27.0291,\n          28.02,\n          26.546,\n          27.4035\n        ],\n        [\n          1730851200,\n          23.9937,\n          27.3201,\n          23.9882,\n          27.0291\n        ],\n        [\n          1730764800,\n          22.7146,\n          24.4765,\n          22.5824,\n          23.9937\n        ],\n        [\n          1730678400,\n          23.525,\n          23.9228,\n          22.3342,\n          22.7146\n        ],\n        [\n          1730592000,\n          24.1177,\n          24.2025,\n          22.5935,\n          23.525\n        ],\n        [\n          1730505600,\n          24.7743,\n          25.0092,\n          23.963,\n          24.1177\n        ],\n        [\n          1730419200,\n          24.9886,\n          25.7024,\n          24.3839,\n          24.7743\n        ],\n        [\n          1730332800,\n          26.1664,\n          26.22,\n          24.6448,\n          24.9886\n        ],\n        [\n          1730246400,\n          26.8634,\n          26.8997,\n          25.989,\n          26.1664\n        ],\n        [\n          1730160000,\n          26.2381,\n          27.1568,\n          26.1539,\n          26.8634\n        ],\n        [\n          1730073600,\n          25.7417,\n          26.5189,\n          25.0188,\n          26.2381\n        ],\n        [\n          1729987200,\n          25.3727,\n          25.9079,\n          25.2134,\n          25.7417\n        ],\n        [\n          1729900800,\n          24.8844,\n          25.6479,\n          24.5123,\n          25.3727\n        ],\n        [\n          1729814400,\n          26.8148,\n          26.8727,\n          23.9925,\n          24.8844\n        ],\n        [\n          1729728000,\n          26.7285,\n          27.2208,\n          26.3555,\n          26.8148\n        ],\n        [\n          1729641600,\n          27.6237,\n          27.6897,\n          25.8545,\n          26.7285\n        ],\n        [\n          1729555200,\n          27.7426,\n          28.2093,\n          27.2276,\n          27.6237\n        ],\n        [\n          1729468800,\n          28.9585,\n          29.3113,\n          27.3691,\n          27.7426\n        ],\n        [\n          1729382400,\n          28.0949,\n          28.9909,\n          27.7576,\n          28.9585\n        ],\n        [\n          1729296000,\n          28.0926,\n          28.4521,\n          27.7109,\n          28.0949\n        ],\n        [\n          1729209600,\n          27.2931,\n          28.1694,\n          27.088,\n          28.0926\n        ],\n        [\n          1729123200,\n          28.0175,\n          28.2617,\n          26.8085,\n          27.2931\n        ],\n        [\n          1729036800,\n          28.2193,\n          28.2229,\n          27.2444,\n          28.0175\n        ],\n        [\n          1728950400,\n          29.0525,\n          29.6103,\n          27.5314,\n          28.2193\n        ],\n        [\n          1728864000,\n          29.0408,\n          29.8504,\n          28.6396,\n          29.0525\n        ],\n        [\n          1728777600,\n          28.6271,\n          29.349,\n          28.2901,\n          29.0408\n        ],\n        [\n          1728691200,\n          27.4443,\n          29.3641,\n          27.3805,\n          28.6271\n        ],\n        [\n          1728604800,\n          25.836,\n          27.5849,\n          25.7295,\n          27.4443\n        ],\n        [\n          1728518400,\n          25.7506,\n          26.3422,\n          25.0293,\n          25.836\n        ],\n        [\n          1728432000,\n          26.3325,\n          26.6817,\n          25.6585,\n          25.7506\n        ],\n        [\n          1728345600,\n          26.5562,\n          27.179,\n          26.0259,\n          26.3325\n        ],\n        [\n          1728259200,\n          26.9318,\n          27.7313,\n          26.5111,\n          26.5562\n        ],\n        [\n          1728172800,\n          25.6648,\n          27.0789,\n          25.4916,\n          26.9318\n        ],\n        [\n          1728086400,\n          26.2658,\n          26.4186,\n          25.0996,\n          25.6648\n        ],\n        [\n          1728000000,\n          24.6602,\n          26.5004,\n          24.4284,\n          26.2658\n        ],\n        [\n          1727913600,\n          25.3296,\n          25.6647,\n          23.8925,\n          24.6602\n        ],\n        [\n          1727827200,\n          25.818,\n          26.7753,\n          25.033,\n          25.3296\n        ],\n        [\n          1727740800,\n          27.7055,\n          28.8857,\n          25.0156,\n          25.818\n        ],\n        [\n          1727654400,\n          29.0412,\n          29.1234,\n          27.5529,\n          27.7055\n        ],\n        [\n          1727568000,\n          29.2899,\n          29.4809,\n          28.2455,\n          29.0412\n        ],\n        [\n          1727481600,\n          30.4396,\n          30.7623,\n          29.0349,\n          29.2899\n        ],\n        [\n          1727395200,\n          29.16,\n          30.8615,\n          28.9327,\n          30.4396\n        ],\n        [\n          1727308800,\n          27.2774,\n          29.4289,\n          26.9573,\n          29.16\n        ],\n        [\n          1727222400,\n          28.4666,\n          28.4992,\n          27.1472,\n          27.2774\n        ],\n        [\n          1727136000,\n          27.3847,\n          28.5464,\n          26.8367,\n          28.4666\n        ],\n        [\n          1727049600,\n          27.298,\n          28.1735,\n          26.5628,\n          27.3847\n        ],\n        [\n          1726963200,\n          27.7885,\n          27.8064,\n          26.4528,\n          27.298\n        ],\n        [\n          1726876800,\n          27.6758,\n          28.1313,\n          27.0062,\n          27.7885\n        ],\n        [\n          1726790400,\n          26.6678,\n          28.7546,\n          26.4752,\n          27.6758\n        ],\n        [\n          1726704000,\n          24.7037,\n          26.793,\n          24.6947,\n          26.6678\n        ],\n        [\n          1726617600,\n          23.7772,\n          24.7429,\n          22.7892,\n          24.7037\n        ],\n        [\n          1726531200,\n          23.5126,\n          24.4917,\n          23.1554,\n          23.7772\n        ],\n        [\n          1726444800,\n          23.7933,\n          24.2361,\n          23.2141,\n          23.5126\n        ],\n        [\n          1726358400,\n          25.3311,\n          25.3876,\n          23.6423,\n          23.7933\n        ],\n        [\n          1726272000,\n          24.9232,\n          25.6649,\n          24.6201,\n          25.3311\n        ],\n        [\n          1726185600,\n          24.0148,\n          25.112,\n          23.6676,\n          24.9232\n        ],\n        [\n          1726099200,\n          23.2799,\n          24.1062,\n          23.2632,\n          24.0148\n        ],\n        [\n          1726012800,\n          24.3539,\n          24.5187,\n          22.8697,\n          23.2799\n        ],\n        [\n          1725926400,\n          23.8473,\n          24.5835,\n          23.5708,\n          24.3539\n        ],\n        [\n          1725840000,\n          23.2436,\n          24.3892,\n          23.1322,\n          23.8473\n        ],\n        [\n          1725753600,\n          21.7939,\n          23.5089,\n          21.7089,\n          23.2436\n        ],\n        [\n          1725667200,\n          21.1581,\n          22.0086,\n          21.0448,\n          21.7939\n        ],\n        [\n          1725580800,\n          21.3665,\n          22.1905,\n          20.4682,\n          21.1581\n        ],\n        [\n          1725494400,\n          21.9053,\n          22.1881,\n          21.2151,\n          21.3665\n        ],\n        [\n          1725408000,\n          21.3813,\n          22.321,\n          20.4978,\n          21.9053\n        ],\n        [\n          1725321600,\n          22.3641,\n          22.7268,\n          21.3408,\n          21.3813\n        ],\n        [\n          1725235200,\n          21.4247,\n          22.5671,\n          21.3681,\n          22.3641\n        ],\n        [\n          1725148800,\n          22.8008,\n          22.8376,\n          21.1466,\n          21.4247\n        ],\n        [\n          1725062400,\n          23.2827,\n          23.3947,\n          22.4711,\n          22.8008\n        ],\n        [\n          1724976000,\n          22.8968,\n          23.6406,\n          22.1938,\n          23.2827\n        ],\n        [\n          1724889600,\n          23.4462,\n          24.6874,\n          22.7799,\n          22.8968\n        ],\n        [\n          1724803200,\n          24.0966,\n          24.8391,\n          23.1934,\n          23.4462\n        ],\n        [\n          1724716800,\n          25.9431,\n          26.8126,\n          23.6706,\n          24.0966\n        ],\n        [\n          1724630400,\n          26.9359,\n          27.2132,\n          25.8963,\n          25.9431\n        ],\n        [\n          1724544000,\n          27.1314,\n          27.6908,\n          26.1429,\n          26.9359\n        ],\n        [\n          1724457600,\n          26.5162,\n          28.0103,\n          26.2061,\n          27.1314\n        ],\n        [\n          1724371200,\n          25.2245,\n          27.0335,\n          25.2185,\n          26.5162\n        ],\n        [\n          1724284800,\n          23.5399,\n          25.3013,\n          23.0531,\n          25.2245\n        ],\n        [\n          1724198400,\n          22.265,\n          23.8093,\n          22.2469,\n          23.5399\n        ],\n        [\n          1724112000,\n          21.2195,\n          22.7906,\n          21.1668,\n          22.265\n        ],\n        [\n          1724025600,\n          20.8217,\n          21.2566,\n          20.3878,\n          21.2195\n        ],\n        [\n          1723939200,\n          20.7056,\n          21.5188,\n          20.5442,\n          20.8217\n        ],\n        [\n          1723852800,\n          20.3725,\n          20.7116,\n          20.2364,\n          20.7056\n        ],\n        [\n          1723766400,\n          20.1345,\n          20.6902,\n          19.7881,\n          20.3725\n        ],\n        [\n          1723680000,\n          20.9524,\n          21.1539,\n          19.8515,\n          20.1345\n        ],\n        [\n          1723593600,\n          21.384,\n          21.8861,\n          20.7783,\n          20.9524\n        ],\n        [\n          1723507200,\n          21.2714,\n          21.631,\n          20.602,\n          21.384\n        ],\n        [\n          1723420800,\n          20.4041,\n          21.717,\n          20.3012,\n          21.2714\n        ],\n        [\n          1723334400,\n          21.5876,\n          22.3694,\n          20.3879,\n          20.4041\n        ],\n        [\n          1723248000,\n          21.7508,\n          22.0592,\n          21.4078,\n          21.5876\n        ],\n        [\n          1723161600,\n          22.7461,\n          22.8089,\n          21.3032,\n          21.7508\n        ],\n        [\n          1723075200,\n          19.8537,\n          22.8068,\n          19.5257,\n          22.7461\n        ],\n        [\n          1722988800,\n          20.8966,\n          21.7073,\n          19.7032,\n          19.8537\n        ],\n        [\n          1722902400,\n          19.5416,\n          21.4674,\n          19.5175,\n          20.8966\n        ],\n        [\n          1722816000,\n          21.2374,\n          21.3701,\n          17.3316,\n          19.5416\n        ],\n        [\n          1722729600,\n          22.6622,\n          22.9487,\n          20.5887,\n          21.2374\n        ],\n        [\n          1722643200,\n          23.5735,\n          24.0979,\n          22.1836,\n          22.6622\n        ],\n        [\n          1722556800,\n          25.6864,\n          25.8985,\n          23.3296,\n          23.5735\n        ],\n        [\n          1722470400,\n          25.7011,\n          25.9193,\n          24.002,\n          25.6864\n        ],\n        [\n          1722384000,\n          26.3187,\n          26.8612,\n          25.4319,\n          25.7011\n        ],\n        [\n          1722297600,\n          26.9963,\n          27.3119,\n          26.0269,\n          26.3187\n        ],\n        [\n          1722211200,\n          27.3981,\n          28.8482,\n          26.9706,\n          26.9963\n        ],\n        [\n          1722124800,\n          28.0434,\n          28.1789,\n          27.1019,\n          27.3981\n        ],\n        [\n          1722038400,\n          28.7258,\n          29.5215,\n          27.5832,\n          28.0434\n        ],\n        [\n          1721952000,\n          27.2306,\n          28.8647,\n          27.1629,\n          28.7258\n        ],\n        [\n          1721865600,\n          28.3704,\n          28.5836,\n          26.2589,\n          27.2306\n        ],\n        [\n          1721779200,\n          29.8169,\n          30.5526,\n          28.2622,\n          28.3704\n        ],\n        [\n          1721692800,\n          31.8785,\n          32.6338,\n          29.4468,\n          29.8169\n        ],\n        [\n          1721606400,\n          32.6382,\n          32.9525,\n          31.3239,\n          31.8785\n        ],\n        [\n          1721520000,\n          29.1076,\n          33.0037,\n          28.5592,\n          32.6382\n        ],\n        [\n          1721433600,\n          28.1808,\n          29.1895,\n          27.7973,\n          29.1076\n        ],\n        [\n          1721347200,\n          27.1283,\n          28.4283,\n          26.6494,\n          28.1808\n        ],\n        [\n          1721260800,\n          27.2359,\n          27.938,\n          26.5919,\n          27.1283\n        ],\n        [\n          1721174400,\n          28.0186,\n          29.0395,\n          27.2122,\n          27.2359\n        ],\n        [\n          1721088000,\n          27.8427,\n          29.2617,\n          26.4785,\n          28.0186\n        ],\n        [\n          1721001600,\n          26.3597,\n          27.9026,\n          26.2719,\n          27.8427\n        ],\n        [\n          1720915200,\n          25.8636,\n          26.6747,\n          25.6117,\n          26.3597\n        ],\n        [\n          1720828800,\n          25.9734,\n          26.3482,\n          25.5374,\n          25.8636\n        ],\n        [\n          1720742400,\n          25.2032,\n          26.1046,\n          24.8163,\n          25.9734\n        ],\n        [\n          1720656000,\n          25.7534,\n          26.3718,\n          25.0194,\n          25.2032\n        ],\n        [\n          1720569600,\n          26.4344,\n          27.4213,\n          25.6265,\n          25.7534\n        ],\n        [\n          1720483200,\n          25.2033,\n          26.5093,\n          24.6978,\n          26.4344\n        ],\n        [\n          1720396800,\n          25.7416,\n          27.2045,\n          24.5444,\n          25.2033\n        ],\n        [\n          1720310400,\n          27.4075,\n          27.4944,\n          25.4698,\n          25.7416\n        ],\n        [\n          1720224000,\n          25.1355,\n          27.6114,\n          24.8771,\n          27.4075\n        ],\n        [\n          1720137600,\n          24.4392,\n          25.4446,\n          21.873,\n          25.1355\n        ],\n        [\n          1720051200,\n          26.4779,\n          26.6694,\n          24.2958,\n          24.4392\n        ],\n        [\n          1719964800,\n          28.6631,\n          28.9252,\n          26.4048,\n          26.4779\n        ],\n        [\n          1719878400,\n          28.7938,\n          28.8779,\n          28.0545,\n          28.6631\n        ],\n        [\n          1719792000,\n          29.3127,\n          30.0777,\n          28.7811,\n          28.7938\n        ],\n        [\n          1719705600,\n          27.7208,\n          29.5215,\n          27.3638,\n          29.3127\n        ],\n        [\n          1719619200,\n          27.902,\n          28.6281,\n          27.5342,\n          27.7208\n        ],\n        [\n          1719532800,\n          27.8773,\n          29.0523,\n          27.6334,\n          27.902\n        ],\n        [\n          1719446400,\n          25.8008,\n          28.3467,\n          25.3312,\n          27.8773\n        ],\n        [\n          1719360000,\n          25.3951,\n          26.7238,\n          25.2753,\n          25.8008\n        ],\n        [\n          1719273600,\n          24.779,\n          25.77,\n          24.5996,\n          25.3951\n        ],\n        [\n          1719187200,\n          25.0713,\n          25.2226,\n          23.5396,\n          24.779\n        ],\n        [\n          1719100800,\n          25.6096,\n          25.997,\n          24.1233,\n          25.0713\n        ],\n        [\n          1719014400,\n          27.466,\n          27.4854,\n          24.5139,\n          25.6096\n        ],\n        [\n          1718928000,\n          27.5727,\n          28.0206,\n          26.9223,\n          27.466\n        ],\n        [\n          1718841600,\n          26.9295,\n          28.8662,\n          26.68,\n          27.5727\n        ],\n        [\n          1718755200,\n          26.5942,\n          27.6486,\n          26.3842,\n          26.9295\n        ],\n        [\n          1718668800,\n          28.4482,\n          28.5163,\n          25.1591,\n          26.5942\n        ],\n        [\n          1718582400,\n          30.058,\n          30.3278,\n          27.3187,\n          28.4482\n        ],\n        [\n          1718496000,\n          29.991,\n          30.4607,\n          29.6572,\n          30.058\n        ],\n        [\n          1718409600,\n          30.2784,\n          30.6303,\n          29.9011,\n          29.991\n        ],\n        [\n          1718323200,\n          30.9835,\n          32.0938,\n          29.2943,\n          30.2784\n        ],\n        [\n          1718236800,\n          33.2693,\n          33.4247,\n          30.9269,\n          30.9835\n        ],\n        [\n          1718150400,\n          31.5407,\n          33.9817,\n          30.7909,\n          33.2693\n        ],\n        [\n          1718064000,\n          32.2712,\n          32.3631,\n          30.582,\n          31.5407\n        ],\n        [\n          1717977600,\n          32.9773,\n          33.4611,\n          32.03,\n          32.2712\n        ],\n        [\n          1717891200,\n          32.2762,\n          33.0173,\n          32.0387,\n          32.9773\n        ],\n        [\n          1717804800,\n          33.4964,\n          33.7047,\n          31.9387,\n          32.2762\n        ],\n        [\n          1717718400,\n          35.88,\n          36.8527,\n          30.9234,\n          33.4964\n        ],\n        [\n          1717632000,\n          36.5612,\n          37.187,\n          35.7172,\n          35.88\n        ],\n        [\n          1717545600,\n          36.06,\n          36.8906,\n          35.9254,\n          36.5612\n        ],\n        [\n          1717459200,\n          35.017,\n          36.271,\n          34.5005,\n          36.06\n        ],\n        [\n          1717372800,\n          34.8885,\n          36.246,\n          34.5471,\n          35.017\n        ],\n        [\n          1717286400,\n          35.7286,\n          36.1482,\n          34.757,\n          34.8885\n        ],\n        [\n          1717200000,\n          36.0008,\n          36.1941,\n          35.6687,\n          35.7286\n        ],\n        [\n          1717113600,\n          35.9597,\n          36.7593,\n          35.1912,\n          36.0008\n        ],\n        [\n          1717027200,\n          36.1679,\n          37.0591,\n          35.283,\n          35.9597\n        ],\n        [\n          1716940800,\n          36.9855,\n          37.45,\n          36.1224,\n          36.1679\n        ],\n        [\n          1716854400,\n          38.2332,\n          38.3761,\n          36.5132,\n          36.9855\n        ],\n        [\n          1716768000,\n          36.7484,\n          38.9129,\n          36.6385,\n          38.2332\n        ],\n        [\n          1716681600,\n          38.2762,\n          38.3,\n          36.4813,\n          36.7484\n        ],\n        [\n          1716595200,\n          37.9912,\n          38.6883,\n          37.7162,\n          38.2762\n        ],\n        [\n          1716508800,\n          38.5,\n          38.9787,\n          36.9093,\n          37.9912\n        ],\n        [\n          1716422400,\n          40.0027,\n          40.4531,\n          36.4787,\n          38.5\n        ],\n        [\n          1716336000,\n          41.1921,\n          41.78,\n          39.1925,\n          40.0027\n        ],\n        [\n          1716249600,\n          40.1312,\n          41.3701,\n          39.6756,\n          41.1921\n        ],\n        [\n          1716163200,\n          35.6042,\n          40.29,\n          35.1641,\n          40.1312\n        ],\n        [\n          1716076800,\n          37.2538,\n          37.764,\n          35.3942,\n          35.6042\n        ],\n        [\n          1715990400,\n          36.4339,\n          37.6666,\n          36.35,\n          37.2538\n        ],\n        [\n          1715904000,\n          34.4684,\n          37.5892,\n          34.2692,\n          36.4339\n        ],\n        [\n          1715817600,\n          34.6661,\n          35.0046,\n          33.7591,\n          34.4684\n        ],\n        [\n          1715731200,\n          31.5599,\n          34.7791,\n          31.365,\n          34.6661\n        ],\n        [\n          1715644800,\n          32.4493,\n          33.2875,\n          31.4644,\n          31.5599\n        ],\n        [\n          1715558400,\n          33.1243,\n          33.8005,\n          31.9179,\n          32.4493\n        ],\n        [\n          1715472000,\n          33.4775,\n          33.9837,\n          32.8422,\n          33.1243\n        ],\n        [\n          1715385600,\n          33.7093,\n          34.0243,\n          33.0593,\n          33.4775\n        ],\n        [\n          1715299200,\n          35.0645,\n          36.0961,\n          33.2387,\n          33.7093\n        ],\n        [\n          1715212800,\n          34.0132,\n          35.3632,\n          33.7333,\n          35.0645\n        ],\n        [\n          1715126400,\n          35.3016,\n          35.5008,\n          33.6433,\n          34.0132\n        ],\n        [\n          1715040000,\n          37.1138,\n          37.6038,\n          35.2716,\n          35.3016\n        ],\n        [\n          1714953600,\n          37.3668,\n          39.8731,\n          36.7837,\n          37.1138\n        ],\n        [\n          1714867200,\n          37.3693,\n          37.9944,\n          36.6885,\n          37.3668\n        ],\n        [\n          1714780800,\n          35.5609,\n          37.6787,\n          35.1874,\n          37.3693\n        ],\n        [\n          1714694400,\n          33.58,\n          35.9394,\n          33.31,\n          35.5609\n        ],\n        [\n          1714608000,\n          33.2908,\n          34.1129,\n          32.2629,\n          33.58\n        ],\n        [\n          1714521600,\n          32.6773,\n          33.9114,\n          30.5687,\n          33.2908\n        ],\n        [\n          1714435200,\n          35.2776,\n          35.6987,\n          31.8856,\n          32.6773\n        ],\n        [\n          1714348800,\n          33.9393,\n          35.8574,\n          32.8398,\n          35.2776\n        ],\n        [\n          1714262400,\n          34.4505,\n          35.37,\n          33.7897,\n          33.9393\n        ],\n        [\n          1714176000,\n          34.4134,\n          35.1131,\n          33.1336,\n          34.4505\n        ],\n        [\n          1714089600,\n          35.5872,\n          35.8736,\n          34.2667,\n          34.4134\n        ],\n        [\n          1714003200,\n          36.3386,\n          36.7169,\n          34.6874,\n          35.5872\n        ],\n        [\n          1713916800,\n          38.3026,\n          39.8327,\n          36.0138,\n          36.3386\n        ],\n        [\n          1713830400,\n          39.2134,\n          39.9236,\n          38.003,\n          38.3026\n        ],\n        [\n          1713744000,\n          37.1529,\n          39.7235,\n          36.7864,\n          39.2034\n        ],\n        [\n          1713657600,\n          38.3229,\n          38.7731,\n          36.3891,\n          37.1529\n        ],\n        [\n          1713571200,\n          34.6731,\n          38.503,\n          34.1565,\n          38.3229\n        ],\n        [\n          1713484800,\n          34.8566,\n          36.1431,\n          31.9638,\n          34.6731\n        ],\n        [\n          1713398400,\n          33.582,\n          35.5974,\n          32.8076,\n          34.8566\n        ],\n        [\n          1713312000,\n          34.7661,\n          35.3562,\n          32.2456,\n          33.582\n        ],\n        [\n          1713225600,\n          35.1727,\n          35.9165,\n          32.7159,\n          34.7661\n        ],\n        [\n          1713139200,\n          37.2839,\n          38.6144,\n          34.1414,\n          35.1713\n        ],\n        [\n          1713052800,\n          33.946,\n          37.9141,\n          32.68,\n          37.2839\n        ],\n        [\n          1712966400,\n          39.3673,\n          39.3628,\n          29.4449,\n          33.946\n        ],\n        [\n          1712880000,\n          46.0299,\n          46.8697,\n          35.88,\n          39.3673\n        ],\n        [\n          1712793600,\n          47.304,\n          47.494,\n          45.61,\n          46.0299\n        ],\n        [\n          1712707200,\n          46.4565,\n          48.004,\n          45.1368,\n          47.304\n        ],\n        [\n          1712620800,\n          49.8592,\n          49.9641,\n          46.3465,\n          46.4565\n        ],\n        [\n          1712534400,\n          49.32,\n          50.8035,\n          48.2645,\n          49.8592\n        ],\n        [\n          1712448000,\n          48.1992,\n          49.4845,\n          47.9095,\n          49.32\n        ],\n        [\n          1712361600,\n          45.33,\n          48.8363,\n          45.0725,\n          48.1992\n        ],\n        [\n          1712275200,\n          46.5221,\n          46.6121,\n          44.0009,\n          45.33\n        ],\n        [\n          1712188800,\n          45.8997,\n          48.1829,\n          45.4388,\n          46.5221\n        ],\n        [\n          1712102400,\n          46.8643,\n          48.3145,\n          44.9963,\n          45.8997\n        ],\n        [\n          1712016000,\n          51.3966,\n          51.3916,\n          46.3,\n          46.8643\n        ],\n        [\n          1711929600,\n          54.08,\n          54.1494,\n          50.2716,\n          51.3966\n        ],\n        [\n          1711843200,\n          52.9622,\n          54.2725,\n          52.9021,\n          54.08\n        ],\n        [\n          1711756800,\n          53.3649,\n          54.637,\n          52.8021,\n          52.9622\n        ],\n        [\n          1711670400,\n          54.6396,\n          54.6596,\n          52.5449,\n          53.3649\n        ],\n        [\n          1711584000,\n          54.0749,\n          55.0145,\n          53.1639,\n          54.6396\n        ],\n        [\n          1711497600,\n          55.7915,\n          56.7316,\n          53.0209,\n          54.0749\n        ],\n        [\n          1711411200,\n          57.7685,\n          59.31,\n          55.3514,\n          55.7915\n        ],\n        [\n          1711324800,\n          55.6945,\n          59.1924,\n          54.9451,\n          57.7685\n        ],\n        [\n          1711238400,\n          53.4586,\n          55.822,\n          52.4427,\n          55.6945\n        ],\n        [\n          1711152000,\n          53.4405,\n          55.9506,\n          52.6353,\n          53.4586\n        ],\n        [\n          1711065600,\n          53.8226,\n          57.8085,\n          51.6405,\n          53.4405\n        ],\n        [\n          1710979200,\n          57.07,\n          57.8684,\n          52.7774,\n          53.8226\n        ],\n        [\n          1710892800,\n          53.6042,\n          58.1484,\n          50.4145,\n          57.07\n        ],\n        [\n          1710806400,\n          60.617,\n          61.8433,\n          53.1671,\n          53.6042\n        ],\n        [\n          1710720000,\n          58.3935,\n          65.3543,\n          55.2583,\n          60.617\n        ],\n        [\n          1710633600,\n          53.4124,\n          58.4236,\n          50.0635,\n          58.3935\n        ],\n        [\n          1710547200,\n          58.3701,\n          61.4306,\n          51.9964,\n          53.4124\n        ],\n        [\n          1710460800,\n          53.9338,\n          58.8608,\n          48.34,\n          58.3701\n        ],\n        [\n          1710374400,\n          54.8456,\n          59.295,\n          50.474,\n          53.9338\n        ],\n        [\n          1710288000,\n          55.495,\n          55.5251,\n          52.2653,\n          54.8456\n        ],\n        [\n          1710201600,\n          49.1202,\n          57.3527,\n          46.4213,\n          55.495\n        ],\n        [\n          1710115200,\n          42.107,\n          49.5623,\n          40.089,\n          49.1202\n        ],\n        [\n          1710028800,\n          43.01,\n          43.9993,\n          40.996,\n          42.107\n        ],\n        [\n          1709942400,\n          42.7259,\n          43.6484,\n          42.4476,\n          43.01\n        ],\n        [\n          1709856000,\n          43.2641,\n          44.0294,\n          41.1603,\n          42.7259\n        ],\n        [\n          1709769600,\n          41.5812,\n          44.5137,\n          41.5712,\n          43.2641\n        ],\n        [\n          1709683200,\n          39.4903,\n          42.1614,\n          37.9655,\n          41.5812\n        ],\n        [\n          1709596800,\n          43.1434,\n          45.1726,\n          35,\n          39.4903\n        ],\n        [\n          1709510400,\n          42.61,\n          44.0113,\n          41.4564,\n          43.1434\n        ],\n        [\n          1709424000,\n          44.4019,\n          44.9124,\n          40.4091,\n          42.61\n        ],\n        [\n          1709337600,\n          42.7077,\n          44.571,\n          42.0168,\n          44.4019\n        ],\n        [\n          1709251200,\n          40.9736,\n          43.37,\n          40.9936,\n          42.7077\n        ],\n        [\n          1709164800,\n          40.3646,\n          44.6448,\n          39.6566,\n          40.9736\n        ],\n        [\n          1709078400,\n          39.2848,\n          41.3189,\n          36.4322,\n          40.3646\n        ],\n        [\n          1708992000,\n          39.2904,\n          39.9264,\n          38.3544,\n          39.2848\n        ],\n        [\n          1708905600,\n          37.4585,\n          39.3504,\n          36.2985,\n          39.2904\n        ],\n        [\n          1708819200,\n          36.7571,\n          37.4885,\n          36.425,\n          37.4585\n        ],\n        [\n          1708732800,\n          35.9108,\n          36.9371,\n          35.1959,\n          36.7571\n        ],\n        [\n          1708646400,\n          36.767,\n          36.9315,\n          35.3075,\n          35.9108\n        ],\n        [\n          1708560000,\n          37.6043,\n          38.2006,\n          36.5144,\n          36.767\n        ],\n        [\n          1708473600,\n          38.5073,\n          38.5457,\n          35.9045,\n          37.6043\n        ],\n        [\n          1708387200,\n          39.51,\n          39.705,\n          36.902,\n          38.5073\n        ],\n        [\n          1708300800,\n          40.3003,\n          40.6404,\n          39.1207,\n          39.51\n        ],\n        [\n          1708214400,\n          39.7708,\n          40.7508,\n          39.0006,\n          40.3003\n        ],\n        [\n          1708128000,\n          40.2788,\n          40.4576,\n          38.4134,\n          39.7708\n        ],\n        [\n          1708041600,\n          41.568,\n          41.8051,\n          39.4821,\n          40.2788\n        ],\n        [\n          1707955200,\n          42.2517,\n          43.6248,\n          40.9648,\n          41.568\n        ],\n        [\n          1707868800,\n          39.7474,\n          42.4388,\n          39.1473,\n          42.2517\n        ],\n        [\n          1707782400,\n          40.9921,\n          41.7053,\n          38.8947,\n          39.7474\n        ],\n        [\n          1707696000,\n          39.7371,\n          41.1861,\n          38.4,\n          40.9921\n        ],\n        [\n          1707609600,\n          40.2196,\n          41.2096,\n          39.381,\n          39.7371\n        ],\n        [\n          1707523200,\n          38.0121,\n          41.2397,\n          38.0121,\n          40.2196\n        ],\n        [\n          1707436800,\n          35.4214,\n          38.6064,\n          35.4157,\n          38.0121\n        ],\n        [\n          1707350400,\n          35.2711,\n          36.1147,\n          35.0727,\n          35.4214\n        ],\n        [\n          1707264000,\n          34.1354,\n          35.4776,\n          33.6251,\n          35.2711\n        ],\n        [\n          1707177600,\n          34.4946,\n          34.6944,\n          33.6914,\n          34.1354\n        ],\n        [\n          1707091200,\n          34.8435,\n          35.8792,\n          34.0841,\n          34.5\n        ],\n        [\n          1707004800,\n          35.9406,\n          36.521,\n          34.6777,\n          34.8435\n        ],\n        [\n          1706918400,\n          36.7502,\n          37.562,\n          35.3975,\n          35.9406\n        ],\n        [\n          1706832000,\n          33.8415,\n          36.9254,\n          33.7526,\n          36.7502\n        ],\n        [\n          1706745600,\n          33.1536,\n          33.93,\n          32.294,\n          33.8415\n        ],\n        [\n          1706659200,\n          35.2185,\n          35.4885,\n          33.1136,\n          33.1536\n        ],\n        [\n          1706572800,\n          36.0662,\n          37.1412,\n          35.0065,\n          35.2185\n        ],\n        [\n          1706486400,\n          34.8226,\n          36.5329,\n          34.3526,\n          36.0662\n        ],\n        [\n          1706400000,\n          33.2829,\n          36.7,\n          33.2065,\n          34.8226\n        ],\n        [\n          1706313600,\n          32.2575,\n          33.3029,\n          31.8648,\n          33.2829\n        ],\n        [\n          1706227200,\n          30.4953,\n          33.0889,\n          30.1189,\n          32.2575\n        ],\n        [\n          1706140800,\n          31.1865,\n          31.3432,\n          29.61,\n          30.4953\n        ],\n        [\n          1706054400,\n          30.609,\n          31.8814,\n          29.48,\n          31.1865\n        ],\n        [\n          1705968000,\n          29.501,\n          30.67,\n          27.22,\n          30.609\n        ],\n        [\n          1705881600,\n          32.5234,\n          32.7117,\n          29.3151,\n          29.501\n        ],\n        [\n          1705795200,\n          32.8618,\n          33.4616,\n          32.44,\n          32.5234\n        ],\n        [\n          1705708800,\n          32.7102,\n          32.962,\n          32.0176,\n          32.8618\n        ],\n        [\n          1705622400,\n          33.5652,\n          33.7201,\n          31.177,\n          32.7102\n        ],\n        [\n          1705536000,\n          36.0536,\n          36.1668,\n          32.6938,\n          33.5652\n        ],\n        [\n          1705449600,\n          35.5626,\n          36.4843,\n          35.2519,\n          36.0536\n        ],\n        [\n          1705363200,\n          35.5937,\n          36.5143,\n          34.7698,\n          35.5611\n        ],\n        [\n          1705276800,\n          35.2878,\n          36.7754,\n          35.1416,\n          35.5937\n        ],\n        [\n          1705190400,\n          36.4889,\n          37.8576,\n          35.2778,\n          35.2878\n        ],\n        [\n          1705104000,\n          35.9007,\n          36.6279,\n          34.708,\n          36.4889\n        ],\n        [\n          1705017600,\n          39.3072,\n          39.58,\n          34.6491,\n          35.9007\n        ],\n        [\n          1704931200,\n          38.5425,\n          41.7747,\n          37.5622,\n          39.3072\n        ],\n        [\n          1704844800,\n          34.6631,\n          39.5514,\n          33.3854,\n          38.5425\n        ],\n        [\n          1704758400,\n          36.0959,\n          37.6165,\n          33.8028,\n          34.6631\n        ],\n        [\n          1704672000,\n          33.67,\n          36.436,\n          31.1793,\n          36.0959\n        ],\n        [\n          1704585600,\n          34.6469,\n          35.7978,\n          33.1398,\n          33.67\n        ],\n        [\n          1704499200,\n          36.4794,\n          36.5294,\n          33.4559,\n          34.6469\n        ],\n        [\n          1704412800,\n          38.7799,\n          38.9546,\n          35.0261,\n          36.4794\n        ],\n        [\n          1704326400,\n          36.8133,\n          39.4605,\n          36.12,\n          38.7799\n        ],\n        [\n          1704240000,\n          40.625,\n          41.4336,\n          33.0722,\n          36.8133\n        ],\n        [\n          1704153600,\n          41.9499,\n          43.4303,\n          40.3449,\n          40.625\n        ],\n        [\n          1704067200,\n          38.5501,\n          42,\n          38.0463,\n          41.9499\n        ],\n        [\n          1703980800,\n          39.3257,\n          40.5155,\n          37.6132,\n          38.5501\n        ],\n        [\n          1703894400,\n          40.18,\n          40.3645,\n          38.1685,\n          39.3257\n        ],\n        [\n          1703808000,\n          39.8481,\n          42.1593,\n          38.5298,\n          40.18\n        ],\n        [\n          1703721600,\n          42.4343,\n          43.4147,\n          39.258,\n          39.8481\n        ],\n        [\n          1703635200,\n          44.3986,\n          44.93,\n          41.8845,\n          42.4343\n        ],\n        [\n          1703548800,\n          48.1874,\n          48.3348,\n          40.7656,\n          44.3986\n        ],\n        [\n          1703462400,\n          47.71,\n          48.9204,\n          45.9995,\n          48.1874\n        ],\n        [\n          1703376000,\n          48.0723,\n          49.9136,\n          46.4215,\n          47.71\n        ],\n        [\n          1703289600,\n          45.3788,\n          48.2824,\n          43.4538,\n          48.0723\n        ],\n        [\n          1703203200,\n          45.9665,\n          48.8663,\n          43.6784,\n          45.3788\n        ],\n        [\n          1703116800,\n          43.4688,\n          47.37,\n          43.0682,\n          45.9665\n        ],\n        [\n          1703030400,\n          39.7314,\n          44.4796,\n          39.0829,\n          43.4688\n        ],\n        [\n          1702944000,\n          41.1386,\n          42.1284,\n          38.7493,\n          39.73\n        ],\n        [\n          1702857600,\n          40.5741,\n          41.3832,\n          36.4854,\n          41.1386\n        ],\n        [\n          1702771200,\n          42.19,\n          43.9945,\n          40.25,\n          40.5741\n        ],\n        [\n          1702684800,\n          39.7116,\n          45.3111,\n          38.5134,\n          42.19\n        ],\n        [\n          1702598400,\n          39.2943,\n          42.2527,\n          38.5316,\n          39.7116\n        ],\n        [\n          1702512000,\n          38.9754,\n          40.3421,\n          36.7593,\n          39.2943\n        ],\n        [\n          1702425600,\n          37.4489,\n          41.4583,\n          34.0589,\n          38.9754\n        ],\n        [\n          1702339200,\n          38.0065,\n          42.8478,\n          35.9775,\n          37.4489\n        ],\n        [\n          1702252800,\n          37.1557,\n          39.3708,\n          32.1406,\n          38.0065\n        ],\n        [\n          1702166400,\n          31.91,\n          37.9695,\n          31.5579,\n          37.1557\n        ],\n        [\n          1702080000,\n          30.4599,\n          34.262,\n          30.4698,\n          31.91\n        ],\n        [\n          1701993600,\n          26.2801,\n          30.7984,\n          26.0602,\n          30.4599\n        ],\n        [\n          1701907200,\n          26.2035,\n          27.8837,\n          25.7535,\n          26.2801\n        ],\n        [\n          1701820800,\n          24.5474,\n          27.6566,\n          24.4699,\n          26.2035\n        ],\n        [\n          1701734400,\n          22.6819,\n          24.826,\n          21.8109,\n          24.5474\n        ],\n        [\n          1701648000,\n          21.9477,\n          23.1981,\n          20.6836,\n          22.6819\n        ],\n        [\n          1701561600,\n          22.25,\n          22.75,\n          21.6097,\n          21.9477\n        ],\n        [\n          1701475200,\n          21.8638,\n          22.4394,\n          21.7585,\n          22.25\n        ],\n        [\n          1701388800,\n          21.393,\n          22.6363,\n          21.1159,\n          21.8638\n        ],\n        [\n          1701302400,\n          21.1152,\n          21.5017,\n          20.8236,\n          21.393\n        ],\n        [\n          1701216000,\n          20.6904,\n          21.5756,\n          20.5654,\n          21.1152\n        ],\n        [\n          1701129600,\n          20.3593,\n          20.8542,\n          19.5268,\n          20.6904\n        ],\n        [\n          1701043200,\n          21.0709,\n          21.308,\n          19.8374,\n          20.3593\n        ],\n        [\n          1700956800,\n          21.3707,\n          21.5143,\n          20.1217,\n          21.0709\n        ],\n        [\n          1700870400,\n          20.9082,\n          21.4887,\n          20.658,\n          21.3707\n        ],\n        [\n          1700784000,\n          20.6415,\n          21.8733,\n          20.4531,\n          20.9082\n        ],\n        [\n          1700697600,\n          20.79,\n          21.4883,\n          20.4479,\n          20.6415\n        ],\n        [\n          1700611200,\n          19.0152,\n          21.2458,\n          18.9951,\n          20.79\n        ],\n        [\n          1700524800,\n          20.8617,\n          22.2822,\n          18.9291,\n          19.0152\n        ],\n        [\n          1700438400,\n          22.8539,\n          23.2595,\n          20.7285,\n          20.8617\n        ],\n        [\n          1700352000,\n          22.0025,\n          23.0494,\n          20.7718,\n          22.8539\n        ],\n        [\n          1700265600,\n          21.9483,\n          22.6886,\n          20.1877,\n          22.0025\n        ],\n        [\n          1700179200,\n          21.71,\n          24.67,\n          20,\n          21.9483\n        ],\n        [\n          1700092800,\n          20.7042,\n          24.05,\n          20.2549,\n          21.71\n        ],\n        [\n          1700006400,\n          17.0509,\n          20.9406,\n          17.0209,\n          20.7042\n        ],\n        [\n          1699920000,\n          16.1185,\n          18.1079,\n          15.5789,\n          17.0509\n        ],\n        [\n          1699833600,\n          18.9873,\n          19.7376,\n          16.116,\n          16.1235\n        ],\n        [\n          1699747200,\n          16.8019,\n          19.7376,\n          15.9003,\n          18.9873\n        ],\n        [\n          1699660800,\n          14.7493,\n          16.9939,\n          14.0091,\n          16.8019\n        ],\n        [\n          1699574400,\n          12.9712,\n          14.8588,\n          12.9022,\n          14.7493\n        ],\n        [\n          1699488000,\n          12.994,\n          13.9553,\n          11.9823,\n          12.9712\n        ],\n        [\n          1699401600,\n          12.8166,\n          13.15,\n          12.67,\n          12.994\n        ],\n        [\n          1699315200,\n          13.0804,\n          13.1014,\n          12.3013,\n          12.8166\n        ],\n        [\n          1699228800,\n          12.3583,\n          13.1688,\n          12.2491,\n          13.0804\n        ],\n        [\n          1699142400,\n          12.2254,\n          12.6792,\n          12.1108,\n          12.3583\n        ],\n        [\n          1699056000,\n          12.1137,\n          12.333,\n          11.9317,\n          12.2254\n        ],\n        [\n          1698969600,\n          11.8811,\n          12.19,\n          11.451,\n          12.1137\n        ],\n        [\n          1698883200,\n          12.2336,\n          12.5457,\n          11.4383,\n          11.8811\n        ],\n        [\n          1698796800,\n          11.3366,\n          12.3272,\n          10.884,\n          12.2342\n        ],\n        [\n          1698710400,\n          11.4633,\n          11.7634,\n          11.0163,\n          11.3366\n        ],\n        [\n          1698624000,\n          11.3746,\n          11.6847,\n          11.0692,\n          11.4633\n        ],\n        [\n          1698537600,\n          10.9722,\n          11.44,\n          10.7922,\n          11.3746\n        ],\n        [\n          1698451200,\n          10.5938,\n          11.0809,\n          10.5518,\n          10.9722\n        ],\n        [\n          1698364800,\n          11.0508,\n          11.0608,\n          10.4022,\n          10.5938\n        ],\n        [\n          1698278400,\n          10.5237,\n          11.472,\n          10.3715,\n          11.0508\n        ],\n        [\n          1698192000,\n          10.32,\n          10.632,\n          10.1696,\n          10.5237\n        ],\n        [\n          1698105600,\n          10.5878,\n          10.8057,\n          10.0958,\n          10.32\n        ],\n        [\n          1698019200,\n          10.08456,\n          10.67283,\n          9.87153,\n          10.5878\n        ],\n        [\n          1697932800,\n          9.63736,\n          10.09312,\n          9.54448,\n          10.08456\n        ],\n        [\n          1697846400,\n          9.22378,\n          9.81402,\n          9.18,\n          9.63736\n        ],\n        [\n          1697760000,\n          9.07,\n          9.38587,\n          9.03324,\n          9.22378\n        ],\n        [\n          1697673600,\n          8.91138,\n          9.12,\n          8.65615,\n          9.07\n        ],\n        [\n          1697587200,\n          9.10993,\n          9.21095,\n          8.84548,\n          8.91138\n        ],\n        [\n          1697500800,\n          9.40256,\n          9.41128,\n          9.01623,\n          9.10993\n        ],\n        [\n          1697414400,\n          9.17046,\n          9.81025,\n          9.17,\n          9.40256\n        ],\n        [\n          1697328000,\n          9.14834,\n          9.26234,\n          9.07828,\n          9.17046\n        ],\n        [\n          1697241600,\n          9.1498,\n          9.2474,\n          9.12057,\n          9.14834\n        ],\n        [\n          1697155200,\n          9.11836,\n          9.33707,\n          9.02675,\n          9.1498\n        ],\n        [\n          1697068800,\n          9.3,\n          9.31531,\n          8.88848,\n          9.11836\n        ],\n        [\n          1696982400,\n          9.53063,\n          9.57063,\n          9.21861,\n          9.3\n        ],\n        [\n          1696896000,\n          9.5403,\n          9.85,\n          9.42217,\n          9.53063\n        ],\n        [\n          1696809600,\n          10.0863,\n          10.09,\n          9.30516,\n          9.5403\n        ],\n        [\n          1696723200,\n          10.35772,\n          10.53554,\n          9.97262,\n          10.0863\n        ],\n        [\n          1696636800,\n          10.6602,\n          11.863,\n          10.26,\n          10.3577\n        ],\n        [\n          1696550400,\n          10.1413,\n          10.83,\n          10.1308,\n          10.6602\n        ],\n        [\n          1696464000,\n          10.10484,\n          10.32035,\n          9.82653,\n          10.14125\n        ],\n        [\n          1696377600,\n          9.42,\n          10.28035,\n          9.12507,\n          10.10484\n        ],\n        [\n          1696291200,\n          9.31723,\n          9.47507,\n          9.23172,\n          9.42\n        ],\n        [\n          1696204800,\n          9.75155,\n          9.83078,\n          9.175,\n          9.31723\n        ],\n        [\n          1696118400,\n          9.24187,\n          9.82578,\n          9.21897,\n          9.75155\n        ],\n        [\n          1696032000,\n          9.17932,\n          9.29482,\n          9.11732,\n          9.24187\n        ],\n        [\n          1695945600,\n          9.27,\n          9.36,\n          9.07849,\n          9.17932\n        ],\n        [\n          1695859200,\n          8.92223,\n          9.35145,\n          8.90375,\n          9.27\n        ],\n        [\n          1695772800,\n          9.04,\n          9.18278,\n          8.82573,\n          8.92\n        ],\n        [\n          1695686400,\n          8.94852,\n          9.0652,\n          8.85786,\n          9.04\n        ],\n        [\n          1695600000,\n          8.78176,\n          8.95886,\n          8.63086,\n          8.94852\n        ],\n        [\n          1695513600,\n          8.90178,\n          9.0517,\n          8.75,\n          8.78176\n        ],\n        [\n          1695427200,\n          8.86609,\n          8.9816,\n          8.83009,\n          8.90178\n        ],\n        [\n          1695340800,\n          8.82996,\n          8.91996,\n          8.73991,\n          8.86609\n        ],\n        [\n          1695254400,\n          9.04991,\n          9.10991,\n          8.77991,\n          8.82996\n        ],\n        [\n          1695168000,\n          9.21184,\n          9.24,\n          8.87177,\n          9.04991\n        ],\n        [\n          1695081600,\n          9.11045,\n          9.30789,\n          9.04184,\n          9.21184\n        ],\n        [\n          1694995200,\n          9.10115,\n          9.31236,\n          8.82112,\n          9.11045\n        ],\n        [\n          1694908800,\n          9.38244,\n          9.38244,\n          9.02229,\n          9.10115\n        ],\n        [\n          1694822400,\n          9.43017,\n          9.61008,\n          9.36016,\n          9.38244\n        ],\n        [\n          1694736000,\n          9.40132,\n          9.51133,\n          9.18814,\n          9.43017\n        ],\n        [\n          1694649600,\n          9.29077,\n          9.47039,\n          9.25077,\n          9.40132\n        ],\n        [\n          1694563200,\n          9.21963,\n          9.44924,\n          9.10664,\n          9.29077\n        ],\n        [\n          1694476800,\n          9.23,\n          9.57856,\n          9.2,\n          9.21963\n        ],\n        [\n          1694390400,\n          9.45844,\n          9.51,\n          9.06,\n          9.23\n        ],\n        [\n          1694304000,\n          9.83827,\n          9.83827,\n          9.21838,\n          9.45844\n        ],\n        [\n          1694217600,\n          9.92085,\n          9.92085,\n          9.82914,\n          9.83827\n        ],\n        [\n          1694131200,\n          10.09,\n          10.14247,\n          9.8351,\n          9.92085\n        ],\n        [\n          1694044800,\n          9.94461,\n          10.13495,\n          9.83467,\n          10.09\n        ],\n        [\n          1693958400,\n          9.90942,\n          10.04578,\n          9.77295,\n          9.94461\n        ],\n        [\n          1693872000,\n          9.80173,\n          9.95841,\n          9.65845,\n          9.90942\n        ],\n        [\n          1693785600,\n          9.87749,\n          10.03872,\n          9.6869,\n          9.80173\n        ],\n        [\n          1693699200,\n          9.91268,\n          9.98993,\n          9.82994,\n          9.87749\n        ],\n        [\n          1693612800,\n          9.92327,\n          9.96056,\n          9.75912,\n          9.91268\n        ],\n        [\n          1693526400,\n          9.97955,\n          10.05955,\n          9.75815,\n          9.92327\n        ],\n        [\n          1693440000,\n          10.41137,\n          10.54138,\n          9.83129,\n          9.97955\n        ],\n        [\n          1693353600,\n          10.8174,\n          10.8279,\n          10.3308,\n          10.4114\n        ],\n        [\n          1693267200,\n          10.3648,\n          11.1943,\n          10.3248,\n          10.8109\n        ],\n        [\n          1693180800,\n          10.2,\n          10.43977,\n          9.91788,\n          10.36476\n        ],\n        [\n          1693094400,\n          10.0854,\n          10.2754,\n          10.0697,\n          10.2\n        ],\n        [\n          1693008000,\n          10.04,\n          10.1254,\n          10.0044,\n          10.0854\n        ],\n        [\n          1692921600,\n          10.11457,\n          10.12707,\n          9.8847,\n          10.04\n        ],\n        [\n          1692835200,\n          10.33878,\n          10.35939,\n          9.97232,\n          10.11457\n        ],\n        [\n          1692748800,\n          10.1459,\n          10.4658,\n          10.058,\n          10.3388\n        ],\n        [\n          1692662400,\n          10.35949,\n          10.37949,\n          9.7361,\n          10.14594\n        ],\n        [\n          1692576000,\n          10.8651,\n          10.878,\n          10.1751,\n          10.3595\n        ],\n        [\n          1692489600,\n          10.81,\n          10.92,\n          10.7389,\n          10.8651\n        ],\n        [\n          1692403200,\n          10.8058,\n          10.8858,\n          10.56,\n          10.81\n        ],\n        [\n          1692316800,\n          10.5786,\n          10.997,\n          10.5386,\n          10.8058\n        ],\n        [\n          1692230400,\n          11.36703,\n          11.49688,\n          9.9886,\n          10.57857\n        ],\n        [\n          1692144000,\n          11.8146,\n          11.8581,\n          11.0837,\n          11.367\n        ],\n        [\n          1692057600,\n          12.3528,\n          12.3628,\n          11.3121,\n          11.8146\n        ],\n        [\n          1691971200,\n          12.2613,\n          12.4456,\n          12.1707,\n          12.3528\n        ],\n        [\n          1691884800,\n          12.3839,\n          12.4212,\n          12.1913,\n          12.2613\n        ],\n        [\n          1691798400,\n          12.4326,\n          12.48,\n          12.3439,\n          12.3839\n        ],\n        [\n          1691712000,\n          12.4727,\n          12.5352,\n          12.34,\n          12.4326\n        ],\n        [\n          1691625600,\n          12.6196,\n          12.6591,\n          12.4553,\n          12.4727\n        ],\n        [\n          1691539200,\n          12.68,\n          12.7981,\n          12.4896,\n          12.6196\n        ],\n        [\n          1691452800,\n          12.4493,\n          12.7881,\n          12.3688,\n          12.68\n        ],\n        [\n          1691366400,\n          12.5788,\n          12.7391,\n          12.2046,\n          12.4493\n        ],\n        [\n          1691280000,\n          12.4326,\n          12.6544,\n          12.4113,\n          12.5788\n        ],\n        [\n          1691193600,\n          12.4011,\n          12.4363,\n          12.2728,\n          12.4326\n        ],\n        [\n          1691107200,\n          12.4315,\n          12.6005,\n          12.2612,\n          12.4011\n        ],\n        [\n          1691020800,\n          12.5427,\n          12.6307,\n          12.39,\n          12.4315\n        ],\n        [\n          1690934400,\n          12.88,\n          12.9579,\n          12.4255,\n          12.5427\n        ],\n        [\n          1690848000,\n          12.8193,\n          12.8886,\n          12.4086,\n          12.88\n        ],\n        [\n          1690761600,\n          13.1205,\n          13.2753,\n          12.7086,\n          12.8193\n        ],\n        [\n          1690675200,\n          13.2392,\n          13.4105,\n          12.9203,\n          13.1205\n        ],\n        [\n          1690588800,\n          13.2232,\n          13.2896,\n          13.1592,\n          13.2392\n        ],\n        [\n          1690502400,\n          13.1498,\n          13.2912,\n          13.0165,\n          13.2232\n        ],\n        [\n          1690416000,\n          13.2687,\n          13.4298,\n          13.0249,\n          13.1498\n        ],\n        [\n          1690329600,\n          13.3396,\n          13.4587,\n          13.0887,\n          13.2687\n        ],\n        [\n          1690243200,\n          13.11,\n          13.5345,\n          13.04,\n          13.3396\n        ],\n        [\n          1690156800,\n          13.5427,\n          13.6,\n          12.815,\n          13.11\n        ],\n        [\n          1690070400,\n          13.5213,\n          13.7514,\n          13.4056,\n          13.5427\n        ],\n        [\n          1689984000,\n          13.9798,\n          14.0503,\n          13.3213,\n          13.5213\n        ],\n        [\n          1689897600,\n          13.8694,\n          14.0694,\n          13.7347,\n          13.9798\n        ],\n        [\n          1689811200,\n          13.9902,\n          14.4202,\n          13.6901,\n          13.8694\n        ],\n        [\n          1689724800,\n          13.8027,\n          14.2728,\n          13.7627,\n          13.9902\n        ],\n        [\n          1689638400,\n          14.4022,\n          14.5811,\n          13.616,\n          13.8027\n        ],\n        [\n          1689552000,\n          14.293,\n          14.6262,\n          13.8709,\n          14.4022\n        ],\n        [\n          1689465600,\n          14.842,\n          14.932,\n          14.176,\n          14.293\n        ],\n        [\n          1689379200,\n          14.649,\n          15.3495,\n          14.4195,\n          14.842\n        ],\n        [\n          1689292800,\n          14.1142,\n          15.9674,\n          14.0542,\n          14.649\n        ],\n        [\n          1689206400,\n          13.0147,\n          14.1894,\n          12.8995,\n          14.1142\n        ],\n        [\n          1689120000,\n          13.2701,\n          13.3501,\n          12.8602,\n          13.0147\n        ],\n        [\n          1689033600,\n          13.3908,\n          13.6904,\n          13.1608,\n          13.2701\n        ],\n        [\n          1688947200,\n          13.5841,\n          13.8542,\n          13.174,\n          13.3908\n        ],\n        [\n          1688860800,\n          13.6432,\n          14.2133,\n          13.5741,\n          13.5841\n        ],\n        [\n          1688774400,\n          12.741,\n          13.8756,\n          12.73,\n          13.6432\n        ],\n        [\n          1688688000,\n          12.3748,\n          12.751,\n          12.2698,\n          12.741\n        ],\n        [\n          1688601600,\n          12.6714,\n          13.1115,\n          12.2514,\n          12.3748\n        ],\n        [\n          1688515200,\n          13.0374,\n          13.1518,\n          12.5009,\n          12.6714\n        ],\n        [\n          1688428800,\n          13.2501,\n          13.4002,\n          13.0118,\n          13.0374\n        ],\n        [\n          1688342400,\n          13.1254,\n          13.4509,\n          13.0708,\n          13.2501\n        ],\n        [\n          1688256000,\n          13,\n          13.2154,\n          12.7104,\n          13.1254\n        ],\n        [\n          1688169600,\n          13.0231,\n          13.1541,\n          12.8381,\n          13\n        ],\n        [\n          1688083200,\n          12.6698,\n          13.3248,\n          12.1396,\n          13.0231\n        ],\n        [\n          1687996800,\n          12.3394,\n          12.95,\n          12.27,\n          12.6698\n        ],\n        [\n          1687910400,\n          13.2011,\n          13.2111,\n          12.1155,\n          12.3394\n        ],\n        [\n          1687824000,\n          13.3113,\n          13.4713,\n          13.13,\n          13.2011\n        ]\n      ]\n    }\n  }\n}","timestamp":"2024-12-08T10:42:23.506Z"}
{"level":"info","message":"Analyzing trends...","timestamp":"2024-12-08T10:42:23.520Z"}
{"level":"error","message":"Integration validation failed: candles.map is not a function","timestamp":"2024-12-08T10:42:23.521Z"}
