timestamp,chain,pair,buy_venue,sell_venue,buy_price,sell_price,spread_bps,fee_bps,gross_edge_bps,net_edge_bps,trade_size_usd,gross_profit_usd,net_profit_usd,aave_fee_usd,gas_usd,decision,would_revert,mode
2026-02-21 02:23:03,arbitrum,ETH/USDT,curve,uniswap_v3,1967.195165,1969.436101,11.3915,10,1.3915,-3.81,1000.0,1.1392,-0.3808,0.5,0.02,SKIP,True,SHADOW
2026-02-21 02:24:03,arbitrum,ETH/USDT,curve,uniswap_v3,1967.250048,1969.436101,11.1122,10,1.1122,-4.09,1000.0,1.1112,-0.4088,0.5,0.02,SKIP,True,SHADOW
2026-02-21 02:25:03,arbitrum,ETH/USDT,curve,uniswap_v3,1967.250048,1969.435725,11.1103,10,1.1103,-4.09,1000.0,1.111,-0.409,0.5,0.02,SKIP,True,SHADOW
2026-02-21 02:26:03,arbitrum,ETH/USDT,curve,uniswap_v3,1967.250048,1969.43862,11.125,10,1.125,-4.08,1000.0,1.1125,-0.4075,0.5,0.02,SKIP,True,SHADOW
2026-02-21 04:37:05,arbitrum,ETH/USDT,curve,uniswap_v3,1959.083412,1961.613844,12.9164,10,2.9164,-2.28,1000.0,1.2916,-0.2284,0.5,0.02,SKIP,True,SHADOW
2026-02-21 04:38:05,arbitrum,ETH/USDT,curve,uniswap_v3,1959.083412,1961.613844,12.9164,10,2.9164,-2.28,1000.0,1.2916,-0.2284,0.5,0.02,SKIP,True,SHADOW
2026-02-21 04:39:05,arbitrum,ETH/USDT,curve,uniswap_v3,1959.083412,1961.613844,12.9164,10,2.9164,-2.28,1000.0,1.2916,-0.2284,0.5,0.02,SKIP,True,SHADOW
2026-02-21 04:40:05,arbitrum,ETH/USDT,curve,uniswap_v3,1959.083412,1961.613844,12.9164,10,2.9164,-2.28,1000.0,1.2916,-0.2284,0.5,0.02,SKIP,True,SHADOW
2026-02-21 04:41:05,arbitrum,ETH/USDT,curve,uniswap_v3,1959.083412,1961.330712,11.4712,10,1.4712,-3.73,1000.0,1.1471,-0.3729,0.5,0.02,SKIP,True,SHADOW
2026-02-21 04:42:05,arbitrum,ETH/USDT,curve,uniswap_v3,1959.083412,1961.330717,11.4712,10,1.4712,-3.73,1000.0,1.1471,-0.3729,0.5,0.02,SKIP,True,SHADOW
2026-02-21 04:43:05,arbitrum,ETH/USDT,curve,uniswap_v3,1959.083412,1961.330717,11.4712,10,1.4712,-3.73,1000.0,1.1471,-0.3729,0.5,0.02,SKIP,True,SHADOW
2026-02-21 04:44:05,arbitrum,ETH/USDT,curve,uniswap_v3,1959.083412,1961.330717,11.4712,10,1.4712,-3.73,1000.0,1.1471,-0.3729,0.5,0.02,SKIP,True,SHADOW
2026-02-21 04:45:05,arbitrum,ETH/USDT,curve,uniswap_v3,1959.083412,1961.330717,11.4712,10,1.4712,-3.73,1000.0,1.1471,-0.3729,0.5,0.02,SKIP,True,SHADOW
2026-02-21 04:59:05,arbitrum,ETH/USDT,curve,uniswap_v3,1960.39353,1962.482567,10.6562,10,0.6562,-4.54,1000.0,1.0656,-0.4544,0.5,0.02,SKIP,True,SHADOW
2026-02-21 05:00:05,arbitrum,ETH/USDT,curve,uniswap_v3,1960.430274,1962.482567,10.4686,10,0.4686,-4.73,1000.0,1.0469,-0.4731,0.5,0.02,SKIP,True,SHADOW
2026-02-21 05:01:05,arbitrum,ETH/USDT,curve,uniswap_v3,1960.430274,1962.482567,10.4686,10,0.4686,-4.73,1000.0,1.0469,-0.4731,0.5,0.02,SKIP,True,SHADOW
2026-02-21 05:02:05,arbitrum,ETH/USDT,curve,uniswap_v3,1960.430274,1962.482567,10.4686,10,0.4686,-4.73,1000.0,1.0469,-0.4731,0.5,0.02,SKIP,True,SHADOW
2026-02-21 06:13:06,arbitrum,ETH/USDT,curve,uniswap_v3,1962.945196,1964.918297,10.0517,10,0.0517,-5.15,1000.0,1.0052,-0.5148,0.5,0.02,SKIP,True,SHADOW
2026-02-21 06:14:06,arbitrum,ETH/USDT,curve,uniswap_v3,1962.945196,1965.282071,11.9049,10,1.9049,-3.3,1000.0,1.1905,-0.3295,0.5,0.02,SKIP,True,SHADOW
2026-02-21 06:15:06,arbitrum,ETH/USDT,curve,uniswap_v3,1963.127165,1965.282071,10.9769,10,0.9769,-4.22,1000.0,1.0977,-0.4223,0.5,0.02,SKIP,True,SHADOW
2026-02-21 06:16:06,arbitrum,ETH/USDT,curve,uniswap_v3,1963.253802,1965.282071,10.3312,10,0.3312,-4.87,1000.0,1.0331,-0.4869,0.5,0.02,SKIP,True,SHADOW
2026-02-21 07:11:06,arbitrum,ETH/USDT,curve,uniswap_v3,1961.90141,1963.976879,10.5789,10,0.5789,-4.62,1000.0,1.0579,-0.4621,0.5,0.02,SKIP,True,SHADOW
2026-02-21 07:12:06,arbitrum,ETH/USDT,curve,uniswap_v3,1961.90141,1963.976879,10.5789,10,0.5789,-4.62,1000.0,1.0579,-0.4621,0.5,0.02,SKIP,True,SHADOW
2026-02-21 07:13:06,arbitrum,ETH/USDT,curve,uniswap_v3,1961.90141,1963.914467,10.2607,10,0.2607,-4.94,1000.0,1.0261,-0.4939,0.5,0.02,SKIP,True,SHADOW
2026-02-21 07:14:06,arbitrum,ETH/USDT,curve,uniswap_v3,1961.90141,1963.914467,10.2607,10,0.2607,-4.94,1000.0,1.0261,-0.4939,0.5,0.02,SKIP,True,SHADOW
2026-02-21 07:15:06,arbitrum,ETH/USDT,curve,uniswap_v3,1961.90141,1963.914467,10.2607,10,0.2607,-4.94,1000.0,1.0261,-0.4939,0.5,0.02,SKIP,True,SHADOW
2026-02-21 07:16:06,arbitrum,ETH/USDT,curve,uniswap_v3,1961.90141,1963.914467,10.2607,10,0.2607,-4.94,1000.0,1.0261,-0.4939,0.5,0.02,SKIP,True,SHADOW
2026-02-21 07:17:06,arbitrum,ETH/USDT,curve,uniswap_v3,1961.90141,1963.933307,10.3568,10,0.3568,-4.84,1000.0,1.0357,-0.4843,0.5,0.02,SKIP,True,SHADOW
2026-02-21 08:10:07,arbitrum,ETH/USDT,curve,uniswap_v3,1962.399976,1964.422063,10.3042,10,0.3042,-4.9,1000.0,1.0304,-0.4896,0.5,0.02,SKIP,True,SHADOW
2026-02-21 08:11:07,arbitrum,ETH/USDT,curve,uniswap_v3,1962.399976,1964.422063,10.3042,10,0.3042,-4.9,1000.0,1.0304,-0.4896,0.5,0.02,SKIP,True,SHADOW
2026-02-21 08:12:07,arbitrum,ETH/USDT,curve,uniswap_v3,1962.399976,1964.422063,10.3042,10,0.3042,-4.9,1000.0,1.0304,-0.4896,0.5,0.02,SKIP,True,SHADOW
2026-02-21 08:13:07,arbitrum,ETH/USDT,curve,uniswap_v3,1962.399976,1964.422063,10.3042,10,0.3042,-4.9,1000.0,1.0304,-0.4896,0.5,0.02,SKIP,True,SHADOW
2026-02-21 08:55:07,arbitrum,ETH/USDT,curve,uniswap_v3,1964.710283,1966.962746,11.4646,10,1.4646,-3.74,1000.0,1.1465,-0.3735,0.5,0.02,SKIP,True,SHADOW
2026-02-21 08:58:07,arbitrum,ETH/USDT,curve,uniswap_v3,1965.354869,1967.42468,10.5315,10,0.5315,-4.67,1000.0,1.0531,-0.4669,0.5,0.02,SKIP,True,SHADOW
2026-02-21 08:59:07,arbitrum,ETH/USDT,curve,uniswap_v3,1965.722396,1970.404591,23.8192,10,13.8192,8.62,1000.0,2.3819,0.8619,0.5,0.02,EXECUTE,False,SHADOW
2026-02-21 09:00:07,arbitrum,ETH/USDT,curve,uniswap_v3,1965.765704,1969.786782,20.4555,10,10.4555,5.26,1000.0,2.0455,0.5255,0.5,0.02,EXECUTE,False,SHADOW
2026-02-21 09:01:07,arbitrum,ETH/USDT,curve,uniswap_v3,1965.765704,1969.786782,20.4555,10,10.4555,5.26,1000.0,2.0455,0.5255,0.5,0.02,EXECUTE,False,SHADOW
2026-02-21 09:02:08,arbitrum,ETH/USDT,curve,uniswap_v3,1965.765704,1969.782001,20.4312,10,10.4312,5.23,1000.0,2.0431,0.5231,0.5,0.02,EXECUTE,False,SHADOW
2026-02-21 09:03:08,arbitrum,ETH/USDT,curve,uniswap_v3,1965.765704,1968.917788,16.0349,10,6.0349,0.83,1000.0,1.6035,0.0835,0.5,0.02,EXECUTE,False,SHADOW
2026-02-21 09:04:08,arbitrum,ETH/USDT,curve,uniswap_v3,1966.576293,1969.257803,13.6354,10,3.6354,-1.56,1000.0,1.3635,-0.1565,0.5,0.02,SKIP,True,SHADOW
2026-02-21 09:05:08,arbitrum,ETH/USDT,curve,uniswap_v3,1966.576293,1969.175851,13.2187,10,3.2187,-1.98,1000.0,1.3219,-0.1981,0.5,0.02,SKIP,True,SHADOW
2026-02-21 09:06:08,arbitrum,ETH/USDT,curve,uniswap_v3,1966.576293,1969.175851,13.2187,10,3.2187,-1.98,1000.0,1.3219,-0.1981,0.5,0.02,SKIP,True,SHADOW
2026-02-21 09:07:08,arbitrum,ETH/USDT,curve,uniswap_v3,1966.576293,1969.175851,13.2187,10,3.2187,-1.98,1000.0,1.3219,-0.1981,0.5,0.02,SKIP,True,SHADOW
2026-02-21 09:08:08,arbitrum,ETH/USDT,curve,uniswap_v3,1966.576293,1969.16985,13.1882,10,3.1882,-2.01,1000.0,1.3188,-0.2012,0.5,0.02,SKIP,True,SHADOW
2026-02-21 09:09:08,arbitrum,ETH/USDT,curve,uniswap_v3,1966.576293,1969.166065,13.1689,10,3.1689,-2.03,1000.0,1.3169,-0.2031,0.5,0.02,SKIP,True,SHADOW
2026-02-21 09:17:08,arbitrum,ETH/USDT,curve,uniswap_v3,1967.966674,1970.501986,12.8829,10,2.8829,-2.32,1000.0,1.2883,-0.2317,0.5,0.02,SKIP,True,SHADOW
2026-02-21 09:18:08,arbitrum,ETH/USDT,curve,uniswap_v3,1968.163618,1971.819862,18.5769,10,8.5769,3.38,1000.0,1.8577,0.3377,0.5,0.02,EXECUTE,False,SHADOW
2026-02-21 09:19:08,arbitrum,ETH/USDT,curve,uniswap_v3,1968.163618,1971.819862,18.5769,10,8.5769,3.38,1000.0,1.8577,0.3377,0.5,0.02,EXECUTE,False,SHADOW
2026-02-21 09:20:08,arbitrum,ETH/USDT,curve,uniswap_v3,1968.163618,1971.819862,18.5769,10,8.5769,3.38,1000.0,1.8577,0.3377,0.5,0.02,EXECUTE,False,SHADOW
2026-02-21 09:21:08,arbitrum,ETH/USDT,curve,uniswap_v3,1968.163618,1971.819862,18.5769,10,8.5769,3.38,1000.0,1.8577,0.3377,0.5,0.02,EXECUTE,False,SHADOW
2026-02-21 09:22:08,arbitrum,ETH/USDT,curve,uniswap_v3,1969.238811,1976.702284,37.9003,10,27.9003,22.7,1000.0,3.79,2.27,0.5,0.02,EXECUTE,False,SHADOW
2026-02-21 09:23:08,arbitrum,ETH/USDT,curve,uniswap_v3,1969.238811,1975.303484,30.797,10,20.797,15.6,1000.0,3.0797,1.5597,0.5,0.02,EXECUTE,False,SHADOW
2026-02-21 09:24:08,arbitrum,ETH/USDT,curve,uniswap_v3,1969.238811,1975.303484,30.797,10,20.797,15.6,1000.0,3.0797,1.5597,0.5,0.02,EXECUTE,False,SHADOW
2026-02-21 09:25:09,arbitrum,ETH/USDT,curve,uniswap_v3,1969.238811,1975.105887,29.7936,10,19.7936,14.59,1000.0,2.9794,1.4594,0.5,0.02,EXECUTE,False,SHADOW
2026-02-21 09:26:09,arbitrum,ETH/USDT,curve,uniswap_v3,1969.238811,1976.121985,34.9535,10,24.9535,19.75,1000.0,3.4953,1.9753,0.5,0.02,EXECUTE,False,SHADOW
2026-02-21 09:27:09,arbitrum,ETH/USDT,curve,uniswap_v3,1971.264449,1976.121985,24.6417,10,14.6417,9.44,1000.0,2.4642,0.9442,0.5,0.02,EXECUTE,False,SHADOW
2026-02-21 09:28:09,arbitrum,ETH/USDT,curve,uniswap_v3,1971.264449,1976.121985,24.6417,10,14.6417,9.44,1000.0,2.4642,0.9442,0.5,0.02,EXECUTE,False,SHADOW
2026-02-21 09:29:09,arbitrum,ETH/USDT,curve,uniswap_v3,1971.264449,1976.121985,24.6417,10,14.6417,9.44,1000.0,2.4642,0.9442,0.5,0.02,EXECUTE,False,SHADOW
2026-02-21 09:30:09,arbitrum,ETH/USDT,curve,uniswap_v3,1971.264449,1976.096034,24.5101,10,14.5101,9.31,1000.0,2.451,0.931,0.5,0.02,EXECUTE,False,SHADOW
2026-02-21 09:34:09,arbitrum,ETH/USDT,curve,uniswap_v3,1971.264449,1975.982616,23.9347,10,13.9347,8.73,1000.0,2.3935,0.8735,0.5,0.02,EXECUTE,False,SHADOW
2026-02-22 00:59:44,arbitrum,ETH/USDT,curve,uniswap_v3,1970.159472,1972.164718,10.1781,10,0.1781,-5.02,1000.0,1.0178,-0.5022,0.5,0.02,SKIP,True,SHADOW
2026-02-22 01:02:44,arbitrum,ETH/USDT,curve,uniswap_v3,1970.313004,1972.646088,11.8412,10,1.8412,-3.36,1000.0,1.1841,-0.3359,0.5,0.02,SKIP,True,SHADOW
2026-02-22 01:03:44,arbitrum,ETH/USDT,curve,uniswap_v3,1970.699801,1975.057454,22.1122,10,12.1122,6.91,1000.0,2.2112,0.6912,0.5,0.02,EXECUTE,False,SHADOW
2026-02-22 01:04:46,arbitrum,ETH/USDT,curve,uniswap_v3,1970.699801,1974.858288,21.1016,10,11.1016,5.9,1000.0,2.1102,0.5902,0.5,0.02,EXECUTE,False,SHADOW
2026-02-22 01:05:48,arbitrum,ETH/USDT,curve,uniswap_v3,1970.699801,1974.858288,21.1016,10,11.1016,5.9,1000.0,2.1102,0.5902,0.5,0.02,EXECUTE,False,SHADOW
2026-02-22 01:06:50,arbitrum,ETH/USDT,curve,uniswap_v3,1970.699801,1975.4229,23.9666,10,13.9666,8.77,1000.0,2.3967,0.8767,0.5,0.02,EXECUTE,False,SHADOW
2026-02-22 01:07:51,arbitrum,ETH/USDT,curve,uniswap_v3,1971.404822,1975.4229,20.3818,10,10.3818,5.18,1000.0,2.0382,0.5182,0.5,0.02,EXECUTE,False,SHADOW
2026-02-22 01:08:52,arbitrum,ETH/USDT,curve,uniswap_v3,1971.640021,1975.239751,18.2575,10,8.2575,3.06,1000.0,1.8258,0.3058,0.5,0.02,EXECUTE,False,SHADOW
2026-02-22 01:09:54,arbitrum,ETH/USDT,curve,uniswap_v3,1971.640021,1975.239751,18.2575,10,8.2575,3.06,1000.0,1.8258,0.3058,0.5,0.02,EXECUTE,False,SHADOW
2026-02-22 01:10:56,arbitrum,ETH/USDT,curve,uniswap_v3,1971.640021,1975.138909,17.7461,10,7.7461,2.55,1000.0,1.7746,0.2546,0.5,0.02,EXECUTE,False,SHADOW
2026-02-22 01:11:58,arbitrum,ETH/USDT,curve,uniswap_v3,1971.640021,1974.356775,13.7792,10,3.7792,-1.42,1000.0,1.3779,-0.1421,0.5,0.02,SKIP,True,SHADOW
2026-02-22 01:12:58,arbitrum,ETH/USDT,curve,uniswap_v3,1971.640021,1974.356775,13.7792,10,3.7792,-1.42,1000.0,1.3779,-0.1421,0.5,0.02,SKIP,True,SHADOW
2026-02-22 01:13:58,arbitrum,ETH/USDT,curve,uniswap_v3,1971.640021,1974.356775,13.7792,10,3.7792,-1.42,1000.0,1.3779,-0.1421,0.5,0.02,SKIP,True,SHADOW
2026-02-22 01:14:58,arbitrum,ETH/USDT,curve,uniswap_v3,1971.640021,1974.356775,13.7792,10,3.7792,-1.42,1000.0,1.3779,-0.1421,0.5,0.02,SKIP,True,SHADOW
2026-02-22 01:15:58,arbitrum,ETH/USDT,curve,uniswap_v3,1971.640021,1974.356775,13.7792,10,3.7792,-1.42,1000.0,1.3779,-0.1421,0.5,0.02,SKIP,True,SHADOW
2026-02-22 01:18:58,arbitrum,ETH/USDT,curve,uniswap_v3,1973.541625,1977.459362,19.8513,10,9.8513,4.65,1000.0,1.9851,0.4651,0.5,0.02,EXECUTE,False,SHADOW
2026-02-22 01:20:00,arbitrum,ETH/USDT,curve,uniswap_v3,1973.541625,1977.199012,18.5321,10,8.5321,3.33,1000.0,1.8532,0.3332,0.5,0.02,EXECUTE,False,SHADOW
2026-02-22 01:24:01,arbitrum,ETH/USDT,curve,uniswap_v3,1974.409015,1976.811021,12.1657,10,2.1657,-3.03,1000.0,1.2166,-0.3034,0.5,0.02,SKIP,True,SHADOW
2026-02-22 01:25:01,arbitrum,ETH/USDT,curve,uniswap_v3,1974.409015,1976.811021,12.1657,10,2.1657,-3.03,1000.0,1.2166,-0.3034,0.5,0.02,SKIP,True,SHADOW
2026-02-22 01:26:01,arbitrum,ETH/USDT,curve,uniswap_v3,1974.668447,1976.927815,11.4418,10,1.4418,-3.76,1000.0,1.1442,-0.3758,0.5,0.02,SKIP,True,SHADOW
2026-02-22 01:32:01,arbitrum,ETH/USDT,curve,uniswap_v3,1975.718032,1978.330843,13.2246,10,3.2246,-1.98,1000.0,1.3225,-0.1975,0.5,0.02,SKIP,True,SHADOW
2026-02-22 01:33:01,arbitrum,ETH/USDT,curve,uniswap_v3,1975.898808,1978.683758,14.0946,10,4.0946,-1.11,1000.0,1.4095,-0.1105,0.5,0.02,SKIP,True,SHADOW
2026-02-22 01:34:01,arbitrum,ETH/USDT,curve,uniswap_v3,1975.898808,1978.683758,14.0946,10,4.0946,-1.11,1000.0,1.4095,-0.1105,0.5,0.02,SKIP,True,SHADOW
2026-02-22 01:35:01,arbitrum,ETH/USDT,curve,uniswap_v3,1975.898808,1978.683758,14.0946,10,4.0946,-1.11,1000.0,1.4095,-0.1105,0.5,0.02,SKIP,True,SHADOW
2026-02-22 01:51:01,arbitrum,ETH/USDT,curve,uniswap_v3,1976.819354,1978.925179,10.6526,10,0.6526,-4.55,1000.0,1.0653,-0.4547,0.5,0.02,SKIP,True,SHADOW
2026-02-22 01:52:01,arbitrum,ETH/USDT,curve,uniswap_v3,1976.819354,1978.925179,10.6526,10,0.6526,-4.55,1000.0,1.0653,-0.4547,0.5,0.02,SKIP,True,SHADOW
2026-02-22 01:53:01,arbitrum,ETH/USDT,curve,uniswap_v3,1976.819354,1978.925179,10.6526,10,0.6526,-4.55,1000.0,1.0653,-0.4547,0.5,0.02,SKIP,True,SHADOW
2026-02-22 01:54:01,arbitrum,ETH/USDT,curve,uniswap_v3,1976.819354,1978.925179,10.6526,10,0.6526,-4.55,1000.0,1.0653,-0.4547,0.5,0.02,SKIP,True,SHADOW
2026-02-22 02:05:01,arbitrum,ETH/USDT,curve,uniswap_v3,1977.322708,1979.880493,12.9356,10,2.9356,-2.26,1000.0,1.2936,-0.2264,0.5,0.02,SKIP,True,SHADOW
2026-02-22 02:10:01,arbitrum,ETH/USDT,curve,uniswap_v3,1977.911432,1982.103616,21.195,10,11.195,6.0,1000.0,2.1195,0.5995,0.5,0.02,EXECUTE,False,SHADOW
2026-02-22 02:11:02,arbitrum,ETH/USDT,curve,uniswap_v3,1978.19177,1981.723735,17.8545,10,7.8545,2.65,1000.0,1.7854,0.2654,0.5,0.02,EXECUTE,False,SHADOW
2026-02-22 02:12:03,arbitrum,ETH/USDT,curve,uniswap_v3,1978.19177,1981.723735,17.8545,10,7.8545,2.65,1000.0,1.7854,0.2654,0.5,0.02,EXECUTE,False,SHADOW
2026-02-22 02:13:05,arbitrum,ETH/USDT,curve,uniswap_v3,1978.19177,1981.294533,15.6848,10,5.6848,0.48,1000.0,1.5685,0.0485,0.5,0.02,EXECUTE,False,SHADOW
2026-02-22 02:14:06,arbitrum,ETH/USDT,curve,uniswap_v3,1978.19177,1981.299348,15.7092,10,5.7092,0.51,1000.0,1.5709,0.0509,0.5,0.02,EXECUTE,False,SHADOW
2026-02-22 04:04:08,arbitrum,ETH/USDT,curve,uniswap_v3,1972.864153,1975.140683,11.5392,10,1.5392,-3.66,1000.0,1.1539,-0.3661,0.5,0.02,SKIP,True,SHADOW
2026-02-22 04:06:08,arbitrum,ETH/USDT,curve,uniswap_v3,1973.230086,1975.347956,10.733,10,0.733,-4.47,1000.0,1.0733,-0.4467,0.5,0.02,SKIP,True,SHADOW
2026-02-22 04:07:08,arbitrum,ETH/USDT,curve,uniswap_v3,1973.230086,1975.347956,10.733,10,0.733,-4.47,1000.0,1.0733,-0.4467,0.5,0.02,SKIP,True,SHADOW
2026-02-22 04:08:08,arbitrum,ETH/USDT,curve,uniswap_v3,1973.230086,1975.347956,10.733,10,0.733,-4.47,1000.0,1.0733,-0.4467,0.5,0.02,SKIP,True,SHADOW
2026-02-22 04:09:08,arbitrum,ETH/USDT,curve,uniswap_v3,1973.230086,1975.347957,10.733,10,0.733,-4.47,1000.0,1.0733,-0.4467,0.5,0.02,SKIP,True,SHADOW
2026-02-22 04:10:08,arbitrum,ETH/USDT,curve,uniswap_v3,1973.230086,1975.347957,10.733,10,0.733,-4.47,1000.0,1.0733,-0.4467,0.5,0.02,SKIP,True,SHADOW
2026-02-22 06:05:09,arbitrum,ETH/USDT,curve,uniswap_v3,1973.522403,1975.676697,10.916,10,0.916,-4.28,1000.0,1.0916,-0.4284,0.5,0.02,SKIP,True,SHADOW
2026-02-22 06:06:09,arbitrum,ETH/USDT,curve,uniswap_v3,1973.708099,1975.929469,11.2548,10,1.2548,-3.95,1000.0,1.1255,-0.3945,0.5,0.02,SKIP,True,SHADOW
2026-02-22 06:07:09,arbitrum,ETH/USDT,curve,uniswap_v3,1973.708099,1975.929469,11.2548,10,1.2548,-3.95,1000.0,1.1255,-0.3945,0.5,0.02,SKIP,True,SHADOW
2026-02-22 06:08:10,arbitrum,ETH/USDT,curve,uniswap_v3,1973.708099,1975.929469,11.2548,10,1.2548,-3.95,1000.0,1.1255,-0.3945,0.5,0.02,SKIP,True,SHADOW
2026-02-22 06:34:10,arbitrum,ETH/USDT,curve,uniswap_v3,1975.210035,1977.747066,12.8444,10,2.8444,-2.36,1000.0,1.2844,-0.2356,0.5,0.02,SKIP,True,SHADOW
2026-02-22 06:37:10,arbitrum,ETH/USDT,curve,uniswap_v3,1975.513019,1978.011155,12.6455,10,2.6455,-2.55,1000.0,1.2645,-0.2555,0.5,0.02,SKIP,True,SHADOW
2026-02-22 06:38:10,arbitrum,ETH/USDT,curve,uniswap_v3,1976.007058,1978.003946,10.1057,10,0.1057,-5.09,1000.0,1.0106,-0.5094,0.5,0.02,SKIP,True,SHADOW
2026-02-23 00:20:26,arbitrum,ETH/USDT,uniswap_v3,curve,1952.770434,1954.875011,10.7774,10,0.7774,-4.42,1000.0,1.0777,-0.4423,0.5,0.02,SKIP,True,SHADOW
2026-02-23 00:21:26,arbitrum,ETH/USDT,uniswap_v3,curve,1952.50766,1954.875011,12.1247,10,2.1247,-3.08,1000.0,1.2125,-0.3075,0.5,0.02,SKIP,True,SHADOW
2026-02-23 00:22:26,arbitrum,ETH/USDT,uniswap_v3,curve,1952.047448,1954.653275,13.3492,10,3.3492,-1.85,1000.0,1.3349,-0.1851,0.5,0.02,SKIP,True,SHADOW
2026-02-23 00:23:26,arbitrum,ETH/USDT,uniswap_v3,curve,1951.80438,1954.653275,14.5962,10,4.5962,-0.6,1000.0,1.4596,-0.0604,0.5,0.02,SKIP,True,SHADOW
2026-02-23 00:24:26,arbitrum,ETH/USDT,uniswap_v3,curve,1951.618788,1954.653275,15.5486,10,5.5486,0.35,1000.0,1.5549,0.0349,0.5,0.02,EXECUTE,False,SHADOW
2026-02-23 00:25:28,arbitrum,ETH/USDT,uniswap_v3,curve,1951.074148,1954.219604,16.1217,10,6.1217,0.92,1000.0,1.6122,0.0922,0.5,0.02,EXECUTE,False,SHADOW
2026-02-23 00:26:29,arbitrum,ETH/USDT,uniswap_v3,curve,1949.398832,1954.129218,24.2659,10,14.2659,9.07,1000.0,2.4266,0.9066,0.5,0.02,EXECUTE,False,SHADOW
2026-02-23 00:27:32,arbitrum,ETH/USDT,uniswap_v3,curve,1947.337494,1953.763812,33.0005,10,23.0005,17.8,1000.0,3.3001,1.7801,0.5,0.02,EXECUTE,False,SHADOW
2026-02-23 00:28:34,arbitrum,ETH/USDT,uniswap_v3,curve,1947.337494,1953.763812,33.0005,10,23.0005,17.8,1000.0,3.3001,1.7801,0.5,0.02,EXECUTE,False,SHADOW
2026-02-23 00:29:35,arbitrum,ETH/USDT,uniswap_v3,curve,1947.821303,1953.763812,30.5085,10,20.5085,15.31,1000.0,3.0509,1.5309,0.5,0.02,EXECUTE,False,SHADOW
2026-02-23 00:30:36,arbitrum,ETH/USDT,uniswap_v3,curve,1947.846655,1953.763812,30.3779,10,20.3779,15.18,1000.0,3.0378,1.5178,0.5,0.02,EXECUTE,False,SHADOW
2026-02-23 00:31:38,arbitrum,ETH/USDT,uniswap_v3,curve,1947.349822,1953.763812,32.937,10,22.937,17.74,1000.0,3.2937,1.7737,0.5,0.02,EXECUTE,False,SHADOW
2026-02-23 00:32:39,arbitrum,ETH/USDT,uniswap_v3,curve,1946.760234,1953.763812,35.9756,10,25.9756,20.78,1000.0,3.5976,2.0776,0.5,0.02,EXECUTE,False,SHADOW
2026-02-23 00:33:41,arbitrum,ETH/USDT,uniswap_v3,curve,1946.760234,1951.522469,24.4624,10,14.4624,9.26,1000.0,2.4462,0.9262,0.5,0.02,EXECUTE,False,SHADOW
2026-02-23 00:34:43,arbitrum,ETH/USDT,uniswap_v3,curve,1945.690583,1951.048108,27.5353,10,17.5353,12.34,1000.0,2.7535,1.2335,0.5,0.02,EXECUTE,False,SHADOW
2026-02-23 00:35:44,arbitrum,ETH/USDT,uniswap_v3,curve,1945.690583,1951.048108,27.5353,10,17.5353,12.34,1000.0,2.7535,1.2335,0.5,0.02,EXECUTE,False,SHADOW
2026-02-23 00:36:45,arbitrum,ETH/USDT,uniswap_v3,curve,1945.477651,1951.048108,28.6328,10,18.6328,13.43,1000.0,2.8633,1.3433,0.5,0.02,EXECUTE,False,SHADOW
2026-02-23 00:37:47,arbitrum,ETH/USDT,uniswap_v3,curve,1945.477651,1951.048108,28.6328,10,18.6328,13.43,1000.0,2.8633,1.3433,0.5,0.02,EXECUTE,False,SHADOW
2026-02-23 00:38:48,arbitrum,ETH/USDT,uniswap_v3,curve,1944.626638,1951.048108,33.0216,10,23.0216,17.82,1000.0,3.3022,1.7822,0.5,0.02,EXECUTE,False,SHADOW
2026-02-23 00:39:50,arbitrum,ETH/USDT,uniswap_v3,curve,1943.002356,1949.846657,35.2254,10,25.2254,20.03,1000.0,3.5225,2.0025,0.5,0.02,EXECUTE,False,SHADOW
2026-02-23 00:40:51,arbitrum,ETH/USDT,uniswap_v3,curve,1942.755704,1949.846657,36.4995,10,26.4995,21.3,1000.0,3.65,2.13,0.5,0.02,EXECUTE,False,SHADOW
2026-02-23 00:41:52,arbitrum,ETH/USDT,uniswap_v3,curve,1943.192932,1949.846657,34.2412,10,24.2412,19.04,1000.0,3.4241,1.9041,0.5,0.02,EXECUTE,False,SHADOW
2026-02-23 00:42:53,arbitrum,ETH/USDT,uniswap_v3,curve,1943.64947,1949.846657,31.8843,10,21.8843,16.68,1000.0,3.1884,1.6684,0.5,0.02,EXECUTE,False,SHADOW
2026-02-23 00:43:55,arbitrum,ETH/USDT,uniswap_v3,curve,1943.226066,1949.846657,34.0701,10,24.0701,18.87,1000.0,3.407,1.887,0.5,0.02,EXECUTE,False,SHADOW
2026-02-23 00:44:56,arbitrum,ETH/USDT,uniswap_v3,curve,1942.109725,1949.022831,35.5959,10,25.5959,20.4,1000.0,3.5596,2.0396,0.5,0.02,EXECUTE,False,SHADOW
2026-02-23 00:45:59,arbitrum,ETH/USDT,uniswap_v3,curve,1938.268251,1948.317993,51.8491,10,41.8491,36.65,1000.0,5.1849,3.6649,0.5,0.02,EXECUTE,False,SHADOW
2026-02-23 00:47:00,arbitrum,ETH/USDT,uniswap_v3,curve,1938.630219,1947.709186,46.8319,10,36.8319,31.63,1000.0,4.6832,3.1632,0.5,0.02,EXECUTE,False,SHADOW
2026-02-23 00:48:02,arbitrum,ETH/USDT,uniswap_v3,curve,1941.744125,1947.263003,28.4223,10,18.4223,13.22,1000.0,2.8422,1.3222,0.5,0.02,EXECUTE,False,SHADOW
2026-02-23 00:49:04,arbitrum,ETH/USDT,uniswap_v3,curve,1942.35012,1947.263003,25.2935,10,15.2935,10.09,1000.0,2.5293,1.0093,0.5,0.02,EXECUTE,False,SHADOW
2026-02-23 00:50:05,arbitrum,ETH/USDT,uniswap_v3,curve,1942.469327,1947.263003,24.6783,10,14.6783,9.48,1000.0,2.4678,0.9478,0.5,0.02,EXECUTE,False,SHADOW
2026-02-23 00:51:07,arbitrum,ETH/USDT,uniswap_v3,curve,1942.305939,1947.263003,25.5215,10,15.5215,10.32,1000.0,2.5522,1.0322,0.5,0.02,EXECUTE,False,SHADOW
2026-02-23 00:52:08,arbitrum,ETH/USDT,uniswap_v3,curve,1942.131261,1945.843737,19.1155,10,9.1155,3.92,1000.0,1.9116,0.3916,0.5,0.02,EXECUTE,False,SHADOW
2026-02-23 00:53:09,arbitrum,ETH/USDT,uniswap_v3,curve,1941.412947,1945.665121,21.9025,10,11.9025,6.7,1000.0,2.1902,0.6702,0.5,0.02,EXECUTE,False,SHADOW
2026-02-23 00:54:10,arbitrum,ETH/USDT,uniswap_v3,curve,1941.412947,1945.665121,21.9025,10,11.9025,6.7,1000.0,2.1902,0.6702,0.5,0.02,EXECUTE,False,SHADOW
2026-02-23 00:55:12,arbitrum,ETH/USDT,uniswap_v3,curve,1942.365816,1945.665121,16.986,10,6.986,1.79,1000.0,1.6986,0.1786,0.5,0.02,EXECUTE,False,SHADOW
2026-02-23 00:56:13,arbitrum,ETH/USDT,uniswap_v3,curve,1942.36581,1945.665121,16.986,10,6.986,1.79,1000.0,1.6986,0.1786,0.5,0.02,EXECUTE,False,SHADOW
2026-02-23 00:57:15,arbitrum,ETH/USDT,uniswap_v3,curve,1942.36581,1945.665121,16.986,10,6.986,1.79,1000.0,1.6986,0.1786,0.5,0.02,EXECUTE,False,SHADOW
2026-02-23 00:59:17,arbitrum,ETH/USDT,uniswap_v3,curve,1931.055929,1944.474619,69.4889,10,59.4889,54.29,1000.0,6.9489,5.4289,0.5,0.02,EXECUTE,False,SHADOW
2026-02-23 01:00:18,arbitrum,ETH/USDT,uniswap_v3,curve,1929.623237,1943.303142,70.8942,10,60.8942,55.69,1000.0,7.0894,5.5694,0.5,0.02,EXECUTE,False,SHADOW
2026-02-23 01:01:19,arbitrum,ETH/USDT,uniswap_v3,curve,1923.336362,1941.677097,95.359,10,85.359,80.16,1000.0,9.5359,8.0159,0.5,0.02,EXECUTE,False,SHADOW
2026-02-23 01:02:21,arbitrum,ETH/USDT,uniswap_v3,curve,1923.336362,1941.677097,95.359,10,85.359,80.16,1000.0,9.5359,8.0159,0.5,0.02,EXECUTE,False,SHADOW
2026-02-23 01:03:22,arbitrum,ETH/USDT,uniswap_v3,curve,1910.649665,1939.928914,153.2424,10,143.2424,138.04,1000.0,15.3242,13.8042,0.5,0.02,EXECUTE,False,SHADOW
2026-02-23 01:04:24,arbitrum,ETH/USDT,uniswap_v3,curve,1903.133416,1936.285954,174.1998,10,164.1998,159.0,1000.0,17.42,15.9,0.5,0.02,EXECUTE,False,SHADOW
2026-02-23 01:05:25,arbitrum,ETH/USDT,uniswap_v3,curve,1908.996574,1933.975308,130.8475,10,120.8475,115.65,1000.0,13.0847,11.5648,0.5,0.02,EXECUTE,False,SHADOW
2026-02-23 01:06:26,arbitrum,ETH/USDT,uniswap_v3,curve,1902.996497,1931.700696,150.8368,10,140.8368,135.64,1000.0,15.0837,13.5637,0.5,0.02,EXECUTE,False,SHADOW
2026-02-23 01:07:28,arbitrum,ETH/USDT,uniswap_v3,curve,1895.09773,1931.700696,193.1455,10,183.1455,177.95,1000.0,19.3146,17.7946,0.5,0.02,EXECUTE,False,SHADOW
2026-02-23 01:08:29,arbitrum,ETH/USDT,uniswap_v3,curve,1895.09773,1929.497001,181.5171,10,171.5171,166.32,1000.0,18.1517,16.6317,0.5,0.02,EXECUTE,False,SHADOW
2026-02-23 01:09:31,arbitrum,ETH/USDT,uniswap_v3,curve,1885.090241,1927.40653,224.4789,10,214.4789,209.28,1000.0,22.4479,20.9279,0.5,0.02,EXECUTE,False,SHADOW
2026-02-23 01:11:32,arbitrum,ETH/USDT,uniswap_v3,curve,1881.056231,1917.947042,196.1175,10,186.1175,180.92,1000.0,19.6118,18.0918,0.5,0.02,EXECUTE,False,SHADOW
2026-02-23 01:12:34,arbitrum,ETH/USDT,uniswap_v3,curve,1888.323056,1914.604583,139.1792,10,129.1792,123.98,1000.0,13.9179,12.3979,0.5,0.02,EXECUTE,False,SHADOW
2026-02-23 01:13:36,arbitrum,ETH/USDT,uniswap_v3,curve,1888.323056,1914.604583,139.1792,10,129.1792,123.98,1000.0,13.9179,12.3979,0.5,0.02,EXECUTE,False,SHADOW
2026-02-23 01:19:37,arbitrum,ETH/USDT,uniswap_v3,curve,1876.174438,1904.678745,151.9278,10,141.9278,136.73,1000.0,15.1928,13.6728,0.5,0.02,EXECUTE,False,SHADOW
2026-02-23 01:20:38,arbitrum,ETH/USDT,uniswap_v3,curve,1872.138075,1901.212391,155.3001,10,145.3001,140.1,1000.0,15.53,14.01,0.5,0.02,EXECUTE,False,SHADOW
2026-02-23 01:21:40,arbitrum,ETH/USDT,uniswap_v3,curve,1874.26282,1901.212391,143.7876,10,133.7876,128.59,1000.0,14.3788,12.8588,0.5,0.02,EXECUTE,False,SHADOW
2026-02-23 01:22:41,arbitrum,ETH/USDT,uniswap_v3,curve,1873.768977,1901.212391,146.461,10,136.461,131.26,1000.0,14.6461,13.1261,0.5,0.02,EXECUTE,False,SHADOW
2026-02-23 01:25:43,arbitrum,ETH/USDT,uniswap_v3,curve,1871.605289,1893.154066,115.1353,10,105.1353,99.94,1000.0,11.5135,9.9935,0.5,0.02,EXECUTE,False,SHADOW
2026-02-23 01:26:45,arbitrum,ETH/USDT,uniswap_v3,curve,1871.801418,1893.154066,114.0754,10,104.0754,98.88,1000.0,11.4075,9.8875,0.5,0.02,EXECUTE,False,SHADOW
2026-02-23 01:27:46,arbitrum,ETH/USDT,uniswap_v3,curve,1872.021811,1893.154066,112.8847,10,102.8847,97.68,1000.0,11.2885,9.7685,0.5,0.02,EXECUTE,False,SHADOW
2026-02-23 01:28:48,arbitrum,ETH/USDT,uniswap_v3,curve,1876.301678,1888.151176,63.1535,10,53.1535,47.95,1000.0,6.3153,4.7954,0.5,0.02,EXECUTE,False,SHADOW
2026-02-23 01:29:49,arbitrum,ETH/USDT,uniswap_v3,curve,1876.627152,1888.151176,61.4082,10,51.4082,46.21,1000.0,6.1408,4.6208,0.5,0.02,EXECUTE,False,SHADOW
2026-02-23 01:30:50,arbitrum,ETH/USDT,uniswap_v3,curve,1876.627152,1888.151176,61.4082,10,51.4082,46.21,1000.0,6.1408,4.6208,0.5,0.02,EXECUTE,False,SHADOW
2026-02-23 01:31:51,arbitrum,ETH/USDT,uniswap_v3,curve,1872.618339,1886.501735,74.1389,10,64.1389,58.94,1000.0,7.4139,5.8939,0.5,0.02,EXECUTE,False,SHADOW
2026-02-23 01:33:53,arbitrum,ETH/USDT,uniswap_v3,curve,1872.949158,1886.501735,72.3596,10,62.3596,57.16,1000.0,7.236,5.716,0.5,0.02,EXECUTE,False,SHADOW
2026-02-23 01:34:55,arbitrum,ETH/USDT,uniswap_v3,curve,1878.019202,1886.501735,45.1674,10,35.1674,29.97,1000.0,4.5167,2.9967,0.5,0.02,EXECUTE,False,SHADOW
2026-02-23 01:35:56,arbitrum,ETH/USDT,uniswap_v3,curve,1877.812127,1886.501735,46.2752,10,36.2752,31.08,1000.0,4.6275,3.1075,0.5,0.02,EXECUTE,False,SHADOW
2026-02-23 01:36:57,arbitrum,ETH/USDT,uniswap_v3,curve,1877.812127,1881.819829,21.3424,10,11.3424,6.14,1000.0,2.1342,0.6142,0.5,0.02,EXECUTE,False,SHADOW
2026-02-23 01:37:59,arbitrum,ETH/USDT,uniswap_v3,curve,1876.73328,1881.819829,27.1032,10,17.1032,11.9,1000.0,2.7103,1.1903,0.5,0.02,EXECUTE,False,SHADOW
2026-02-23 01:39:01,arbitrum,ETH/USDT,uniswap_v3,curve,1878.586806,1881.819829,17.2099,10,7.2099,2.01,1000.0,1.721,0.201,0.5,0.02,EXECUTE,False,SHADOW
2026-02-23 01:40:02,arbitrum,ETH/USDT,uniswap_v3,curve,1878.558527,1881.132074,13.6996,10,3.6996,-1.5,1000.0,1.37,-0.15,0.5,0.02,SKIP,True,SHADOW
2026-02-23 01:41:02,arbitrum,ETH/USDT,uniswap_v3,curve,1873.876289,1880.984307,37.9322,10,27.9322,22.73,1000.0,3.7932,2.2732,0.5,0.02,EXECUTE,False,SHADOW
2026-02-23 01:42:03,arbitrum,ETH/USDT,uniswap_v3,curve,1873.876289,1880.984307,37.9322,10,27.9322,22.73,1000.0,3.7932,2.2732,0.5,0.02,EXECUTE,False,SHADOW
2026-02-23 01:43:04,arbitrum,ETH/USDT,uniswap_v3,curve,1873.232777,1880.984307,41.3805,10,31.3805,26.18,1000.0,4.138,2.618,0.5,0.02,EXECUTE,False,SHADOW
2026-02-23 01:44:05,arbitrum,ETH/USDT,uniswap_v3,curve,1871.370031,1880.423069,48.3765,10,38.3765,33.18,1000.0,4.8377,3.3176,0.5,0.02,EXECUTE,False,SHADOW
2026-02-23 01:45:07,arbitrum,ETH/USDT,uniswap_v3,curve,1872.961619,1880.423069,39.8377,10,29.8377,24.64,1000.0,3.9838,2.4638,0.5,0.02,EXECUTE,False,SHADOW
2026-02-23 01:46:08,arbitrum,ETH/USDT,uniswap_v3,curve,1864.748876,1878.948945,76.15,10,66.15,60.95,1000.0,7.615,6.095,0.5,0.02,EXECUTE,False,SHADOW
2026-02-23 01:47:12,arbitrum,ETH/USDT,uniswap_v3,curve,1854.390144,1878.948945,132.436,10,122.436,117.24,1000.0,13.2436,11.7236,0.5,0.02,EXECUTE,False,SHADOW
2026-02-23 01:51:13,arbitrum,ETH/USDT,uniswap_v3,curve,1867.056363,1875.929311,47.5237,10,37.5237,32.32,1000.0,4.7524,3.2324,0.5,0.02,EXECUTE,False,SHADOW
2026-02-23 01:52:14,arbitrum,ETH/USDT,uniswap_v3,curve,1861.344928,1875.929311,78.354,10,68.354,63.15,1000.0,7.8354,6.3154,0.5,0.02,EXECUTE,False,SHADOW
2026-02-23 01:53:15,arbitrum,ETH/USDT,uniswap_v3,curve,1861.344928,1873.473311,65.1592,10,55.1592,49.96,1000.0,6.5159,4.9959,0.5,0.02,EXECUTE,False,SHADOW
2026-02-23 01:54:17,arbitrum,ETH/USDT,uniswap_v3,curve,1859.234125,1872.53437,71.5361,10,61.5361,56.34,1000.0,7.1536,5.6336,0.5,0.02,EXECUTE,False,SHADOW
2026-02-23 01:56:19,arbitrum,ETH/USDT,uniswap_v3,curve,1858.134912,1870.995514,69.2124,10,59.2124,54.01,1000.0,6.9212,5.4012,0.5,0.02,EXECUTE,False,SHADOW
2026-02-23 01:57:20,arbitrum,ETH/USDT,uniswap_v3,curve,1864.734083,1869.794401,27.1369,10,17.1369,11.94,1000.0,2.7137,1.1937,0.5,0.02,EXECUTE,False,SHADOW
2026-02-23 01:58:21,arbitrum,ETH/USDT,uniswap_v3,curve,1864.734083,1869.794401,27.1369,10,17.1369,11.94,1000.0,2.7137,1.1937,0.5,0.02,EXECUTE,False,SHADOW
2026-02-23 01:59:22,arbitrum,ETH/USDT,uniswap_v3,curve,1864.639706,1869.794401,27.6445,10,17.6445,12.44,1000.0,2.7645,1.2445,0.5,0.02,EXECUTE,False,SHADOW
2026-02-23 02:00:24,arbitrum,ETH/USDT,uniswap_v3,curve,1860.141941,1869.794401,51.891,10,41.891,36.69,1000.0,5.1891,3.6691,0.5,0.02,EXECUTE,False,SHADOW
2026-02-23 02:01:25,arbitrum,ETH/USDT,uniswap_v3,curve,1854.283068,1868.258497,75.3684,10,65.3684,60.17,1000.0,7.5368,6.0168,0.5,0.02,EXECUTE,False,SHADOW
2026-02-23 02:02:26,arbitrum,ETH/USDT,uniswap_v3,curve,1856.58942,1866.580269,53.8129,10,43.8129,38.61,1000.0,5.3813,3.8613,0.5,0.02,EXECUTE,False,SHADOW
2026-02-23 02:03:28,arbitrum,ETH/USDT,uniswap_v3,curve,1858.978421,1866.580269,40.8926,10,30.8926,25.69,1000.0,4.0893,2.5693,0.5,0.02,EXECUTE,False,SHADOW
2026-02-23 02:04:29,arbitrum,ETH/USDT,uniswap_v3,curve,1858.978421,1866.580269,40.8926,10,30.8926,25.69,1000.0,4.0893,2.5693,0.5,0.02,EXECUTE,False,SHADOW
2026-02-23 02:05:31,arbitrum,ETH/USDT,uniswap_v3,curve,1859.289304,1865.007075,30.7525,10,20.7525,15.55,1000.0,3.0753,1.5553,0.5,0.02,EXECUTE,False,SHADOW
2026-02-23 02:07:32,arbitrum,ETH/USDT,uniswap_v3,curve,1862.539132,1864.516422,10.6161,10,0.6161,-4.58,1000.0,1.0616,-0.4584,0.5,0.02,SKIP,True,SHADOW
2026-02-23 02:12:32,arbitrum,ETH/USDT,uniswap_v3,curve,1861.361389,1864.516422,16.9501,10,6.9501,1.75,1000.0,1.695,0.175,0.5,0.02,EXECUTE,False,SHADOW
2026-02-23 02:13:34,arbitrum,ETH/USDT,uniswap_v3,curve,1859.958627,1864.516422,24.5048,10,14.5048,9.3,1000.0,2.4505,0.9305,0.5,0.02,EXECUTE,False,SHADOW
2026-02-23 02:14:35,arbitrum,ETH/USDT,uniswap_v3,curve,1862.37859,1864.516422,11.479,10,1.479,-3.72,1000.0,1.1479,-0.3721,0.5,0.02,SKIP,True,SHADOW
2026-02-23 02:15:35,arbitrum,ETH/USDT,uniswap_v3,curve,1862.37859,1864.516422,11.479,10,1.479,-3.72,1000.0,1.1479,-0.3721,0.5,0.02,SKIP,True,SHADOW
2026-02-23 02:16:35,arbitrum,ETH/USDT,uniswap_v3,curve,1862.309494,1864.516422,11.8505,10,1.8505,-3.35,1000.0,1.185,-0.335,0.5,0.02,SKIP,True,SHADOW
2026-02-23 04:27:03,arbitrum,ETH/USDT,uniswap_v3,curve,1860.348024,1862.920267,13.8267,10,3.8267,-1.37,1000.0,1.3827,-0.1373,0.5,0.02,SKIP,True,SHADOW
2026-02-23 04:31:03,arbitrum,ETH/USDT,uniswap_v3,curve,1860.914679,1862.817975,10.2277,10,0.2277,-4.97,1000.0,1.0228,-0.4972,0.5,0.02,SKIP,True,SHADOW
2026-02-23 04:33:43,arbitrum,ETH/USDT,uniswap_v3,curve,1860.552247,1862.817975,12.1777,10,2.1777,-3.02,1000.0,1.2178,-0.3022,0.5,0.02,SKIP,True,SHADOW
2026-02-23 04:34:43,arbitrum,ETH/USDT,uniswap_v3,curve,1860.136764,1862.817975,14.4141,10,4.4141,-0.79,1000.0,1.4414,-0.0786,0.5,0.02,SKIP,True,SHADOW
2026-02-23 04:35:43,arbitrum,ETH/USDT,uniswap_v3,curve,1859.313757,1862.817975,18.8468,10,8.8468,3.65,1000.0,1.8847,0.3647,0.5,0.02,EXECUTE,False,SHADOW
2026-02-23 04:36:44,arbitrum,ETH/USDT,uniswap_v3,curve,1859.222643,1862.817975,19.3378,10,9.3378,4.14,1000.0,1.9338,0.4138,0.5,0.02,EXECUTE,False,SHADOW
2026-02-23 04:37:44,arbitrum,ETH/USDT,uniswap_v3,curve,1858.772353,1862.575315,20.4595,10,10.4595,5.26,1000.0,2.0459,0.5259,0.5,0.02,EXECUTE,False,SHADOW
2026-02-23 04:38:44,arbitrum,ETH/USDT,uniswap_v3,curve,1858.585362,1862.575315,21.4677,10,11.4677,6.27,1000.0,2.1468,0.6268,0.5,0.02,EXECUTE,False,SHADOW
2026-02-23 04:39:45,arbitrum,ETH/USDT,uniswap_v3,curve,1856.588841,1862.575315,32.2445,10,22.2445,17.04,1000.0,3.2245,1.7045,0.5,0.02,EXECUTE,False,SHADOW
2026-02-23 04:40:45,arbitrum,ETH/USDT,uniswap_v3,curve,1855.494746,1861.828918,34.1374,10,24.1374,18.94,1000.0,3.4137,1.8937,0.5,0.02,EXECUTE,False,SHADOW
2026-02-23 04:41:45,arbitrum,ETH/USDT,uniswap_v3,curve,1855.763581,1861.828918,32.6838,10,22.6838,17.48,1000.0,3.2684,1.7484,0.5,0.02,EXECUTE,False,SHADOW
2026-02-23 04:42:46,arbitrum,ETH/USDT,uniswap_v3,curve,1855.763581,1861.502629,30.9255,10,20.9255,15.73,1000.0,3.0925,1.5725,0.5,0.02,EXECUTE,False,SHADOW
2026-02-23 04:43:46,arbitrum,ETH/USDT,uniswap_v3,curve,1856.54406,1861.162729,24.8778,10,14.8778,9.68,1000.0,2.4878,0.9678,0.5,0.02,EXECUTE,False,SHADOW
2026-02-23 04:44:46,arbitrum,ETH/USDT,uniswap_v3,curve,1856.990624,1861.162729,22.467,10,12.467,7.27,1000.0,2.2467,0.7267,0.5,0.02,EXECUTE,False,SHADOW
2026-02-23 04:45:47,arbitrum,ETH/USDT,uniswap_v3,curve,1856.943943,1861.162729,22.719,10,12.719,7.52,1000.0,2.2719,0.7519,0.5,0.02,EXECUTE,False,SHADOW
2026-02-23 04:46:47,arbitrum,ETH/USDT,uniswap_v3,curve,1856.97016,1861.162729,22.5775,10,12.5775,7.38,1000.0,2.2578,0.7378,0.5,0.02,EXECUTE,False,SHADOW
2026-02-23 04:47:48,arbitrum,ETH/USDT,uniswap_v3,curve,1857.197125,1861.162729,21.3526,10,11.3526,6.15,1000.0,2.1353,0.6153,0.5,0.02,EXECUTE,False,SHADOW
2026-02-23 04:48:48,arbitrum,ETH/USDT,uniswap_v3,curve,1857.54467,1861.162729,19.4776,10,9.4776,4.28,1000.0,1.9478,0.4278,0.5,0.02,EXECUTE,False,SHADOW
2026-02-23 04:49:48,arbitrum,ETH/USDT,uniswap_v3,curve,1857.550414,1861.162729,19.4467,10,9.4467,4.25,1000.0,1.9447,0.4247,0.5,0.02,EXECUTE,False,SHADOW
2026-02-23 04:50:49,arbitrum,ETH/USDT,uniswap_v3,curve,1857.550414,1861.162729,19.4467,10,9.4467,4.25,1000.0,1.9447,0.4247,0.5,0.02,EXECUTE,False,SHADOW
2026-02-23 04:51:49,arbitrum,ETH/USDT,uniswap_v3,curve,1858.137714,1861.162729,16.2798,10,6.2798,1.08,1000.0,1.628,0.108,0.5,0.02,EXECUTE,False,SHADOW
2026-02-23 04:52:49,arbitrum,ETH/USDT,uniswap_v3,curve,1858.097513,1861.162729,16.4965,10,6.4965,1.3,1000.0,1.6497,0.1297,0.5,0.02,EXECUTE,False,SHADOW
2026-02-23 04:53:49,arbitrum,ETH/USDT,uniswap_v3,curve,1858.097513,1861.162729,16.4965,10,6.4965,1.3,1000.0,1.6497,0.1297,0.5,0.02,EXECUTE,False,SHADOW
2026-02-23 04:54:49,arbitrum,ETH/USDT,uniswap_v3,curve,1858.509051,1861.162729,14.2785,10,4.2785,-0.92,1000.0,1.4278,-0.0922,0.5,0.02,SKIP,True,SHADOW
2026-02-23 04:55:49,arbitrum,ETH/USDT,uniswap_v3,curve,1858.509051,1861.162729,14.2785,10,4.2785,-0.92,1000.0,1.4278,-0.0922,0.5,0.02,SKIP,True,SHADOW
2026-02-23 04:56:49,arbitrum,ETH/USDT,uniswap_v3,curve,1858.509051,1861.162729,14.2785,10,4.2785,-0.92,1000.0,1.4278,-0.0922,0.5,0.02,SKIP,True,SHADOW
2026-02-23 04:57:49,arbitrum,ETH/USDT,uniswap_v3,curve,1859.096797,1861.162729,11.1126,10,1.1126,-4.09,1000.0,1.1113,-0.4087,0.5,0.02,SKIP,True,SHADOW
2026-02-23 04:58:49,arbitrum,ETH/USDT,uniswap_v3,curve,1859.096797,1861.162729,11.1126,10,1.1126,-4.09,1000.0,1.1113,-0.4087,0.5,0.02,SKIP,True,SHADOW
2026-02-23 05:27:49,arbitrum,ETH/USDT,uniswap_v3,curve,1864.048218,1865.947816,10.1907,10,0.1907,-5.01,1000.0,1.0191,-0.5009,0.5,0.02,SKIP,True,SHADOW
2026-02-23 05:28:49,arbitrum,ETH/USDT,uniswap_v3,curve,1864.048218,1865.947816,10.1907,10,0.1907,-5.01,1000.0,1.0191,-0.5009,0.5,0.02,SKIP,True,SHADOW
2026-02-23 05:49:20,arbitrum,ETH/USDT,uniswap_v3,curve,1865.153507,1867.434072,12.2272,10,2.2272,-2.97,1000.0,1.2227,-0.2973,0.5,0.02,SKIP,True,SHADOW
2026-02-23 05:50:20,arbitrum,ETH/USDT,uniswap_v3,curve,1863.327448,1868.658679,28.6113,10,18.6113,13.41,1000.0,2.8611,1.3411,0.5,0.02,EXECUTE,False,SHADOW
2026-02-23 05:51:21,arbitrum,ETH/USDT,uniswap_v3,curve,1863.328759,1868.635872,28.4819,10,18.4819,13.28,1000.0,2.8482,1.3282,0.5,0.02,EXECUTE,False,SHADOW
2026-02-23 05:52:21,arbitrum,ETH/USDT,uniswap_v3,curve,1863.328759,1868.635872,28.4819,10,18.4819,13.28,1000.0,2.8482,1.3282,0.5,0.02,EXECUTE,False,SHADOW
2026-02-23 05:53:21,arbitrum,ETH/USDT,uniswap_v3,curve,1863.328759,1868.635872,28.4819,10,18.4819,13.28,1000.0,2.8482,1.3282,0.5,0.02,EXECUTE,False,SHADOW
2026-02-23 05:54:21,arbitrum,ETH/USDT,uniswap_v3,curve,1864.186134,1868.635872,23.8696,10,13.8696,8.67,1000.0,2.387,0.867,0.5,0.02,EXECUTE,False,SHADOW
2026-02-23 05:55:22,arbitrum,ETH/USDT,uniswap_v3,curve,1864.186134,1868.635872,23.8696,10,13.8696,8.67,1000.0,2.387,0.867,0.5,0.02,EXECUTE,False,SHADOW
2026-02-23 05:56:22,arbitrum,ETH/USDT,uniswap_v3,curve,1864.377576,1868.635872,22.8403,10,12.8403,7.64,1000.0,2.284,0.764,0.5,0.02,EXECUTE,False,SHADOW
2026-02-23 05:57:22,arbitrum,ETH/USDT,uniswap_v3,curve,1864.377576,1868.635872,22.8403,10,12.8403,7.64,1000.0,2.284,0.764,0.5,0.02,EXECUTE,False,SHADOW
2026-02-23 05:58:22,arbitrum,ETH/USDT,uniswap_v3,curve,1864.377576,1868.635872,22.8403,10,12.8403,7.64,1000.0,2.284,0.764,0.5,0.02,EXECUTE,False,SHADOW
2026-02-23 05:59:22,arbitrum,ETH/USDT,uniswap_v3,curve,1864.757518,1868.635872,20.7982,10,10.7982,5.6,1000.0,2.0798,0.5598,0.5,0.02,EXECUTE,False,SHADOW
2026-02-23 06:00:22,arbitrum,ETH/USDT,uniswap_v3,curve,1865.495177,1868.635872,16.8357,10,6.8357,1.64,1000.0,1.6836,0.1636,0.5,0.02,EXECUTE,False,SHADOW
2026-02-23 06:01:23,arbitrum,ETH/USDT,uniswap_v3,curve,1864.979678,1868.635872,19.6045,10,9.6045,4.4,1000.0,1.9605,0.4405,0.5,0.02,EXECUTE,False,SHADOW
2026-02-23 06:02:23,arbitrum,ETH/USDT,uniswap_v3,curve,1865.1416,1868.635872,18.7346,10,8.7346,3.53,1000.0,1.8735,0.3535,0.5,0.02,EXECUTE,False,SHADOW
2026-02-23 06:03:24,arbitrum,ETH/USDT,uniswap_v3,curve,1865.149473,1868.635872,18.6923,10,8.6923,3.49,1000.0,1.8692,0.3492,0.5,0.02,EXECUTE,False,SHADOW
2026-02-23 06:04:24,arbitrum,ETH/USDT,uniswap_v3,curve,1866.243795,1868.635872,12.8176,10,2.8176,-2.38,1000.0,1.2818,-0.2382,0.5,0.02,SKIP,True,SHADOW
2026-02-23 06:05:24,arbitrum,ETH/USDT,uniswap_v3,curve,1866.243795,1868.635872,12.8176,10,2.8176,-2.38,1000.0,1.2818,-0.2382,0.5,0.02,SKIP,True,SHADOW
2026-02-23 06:06:24,arbitrum,ETH/USDT,uniswap_v3,curve,1866.556171,1868.635872,11.1419,10,1.1419,-4.06,1000.0,1.1142,-0.4058,0.5,0.02,SKIP,True,SHADOW
2026-02-23 07:24:25,arbitrum,ETH/USDT,uniswap_v3,curve,1878.140285,1880.962062,15.0243,10,5.0243,-0.18,1000.0,1.5024,-0.0176,0.5,0.02,SKIP,True,SHADOW
2026-02-23 07:25:25,arbitrum,ETH/USDT,uniswap_v3,curve,1878.140285,1880.792304,14.1205,10,4.1205,-1.08,1000.0,1.4121,-0.1079,0.5,0.02,SKIP,True,SHADOW
2026-02-23 07:26:25,arbitrum,ETH/USDT,uniswap_v3,curve,1878.140285,1880.792304,14.1205,10,4.1205,-1.08,1000.0,1.4121,-0.1079,0.5,0.02,SKIP,True,SHADOW
2026-02-23 07:27:25,arbitrum,ETH/USDT,uniswap_v3,curve,1878.613297,1880.792304,11.599,10,1.599,-3.6,1000.0,1.1599,-0.3601,0.5,0.02,SKIP,True,SHADOW
2026-02-23 07:28:25,arbitrum,ETH/USDT,uniswap_v3,curve,1878.145762,1880.792304,14.0913,10,4.0913,-1.11,1000.0,1.4091,-0.1109,0.5,0.02,SKIP,True,SHADOW
2026-02-23 07:29:25,arbitrum,ETH/USDT,uniswap_v3,curve,1878.318114,1880.792304,13.1724,10,3.1724,-2.03,1000.0,1.3172,-0.2028,0.5,0.02,SKIP,True,SHADOW
2026-02-23 07:33:25,arbitrum,ETH/USDT,uniswap_v3,curve,1878.066627,1880.792304,14.5132,10,4.5132,-0.69,1000.0,1.4513,-0.0687,0.5,0.02,SKIP,True,SHADOW
2026-02-23 07:34:25,arbitrum,ETH/USDT,uniswap_v3,curve,1878.516057,1880.792304,12.1173,10,2.1173,-3.08,1000.0,1.2117,-0.3083,0.5,0.02,SKIP,True,SHADOW
2026-02-23 08:27:25,arbitrum,ETH/USDT,uniswap_v3,curve,1883.429344,1885.766179,12.4073,10,2.4073,-2.79,1000.0,1.2407,-0.2793,0.5,0.02,SKIP,True,SHADOW
2026-02-23 08:31:26,arbitrum,ETH/USDT,uniswap_v3,curve,1883.472647,1885.766179,12.1771,10,2.1771,-3.02,1000.0,1.2177,-0.3023,0.5,0.02,SKIP,True,SHADOW
2026-02-23 08:34:26,arbitrum,ETH/USDT,uniswap_v3,curve,1881.085343,1885.273354,22.2638,10,12.2638,7.06,1000.0,2.2264,0.7064,0.5,0.02,EXECUTE,False,SHADOW
2026-02-23 08:35:26,arbitrum,ETH/USDT,uniswap_v3,curve,1881.067763,1885.273354,22.3575,10,12.3575,7.16,1000.0,2.2358,0.7158,0.5,0.02,EXECUTE,False,SHADOW
2026-02-23 08:36:27,arbitrum,ETH/USDT,uniswap_v3,curve,1880.843088,1885.273354,23.5547,10,13.5547,8.35,1000.0,2.3555,0.8355,0.5,0.02,EXECUTE,False,SHADOW
2026-02-23 08:37:28,arbitrum,ETH/USDT,uniswap_v3,curve,1879.001496,1885.273354,33.3787,10,23.3787,18.18,1000.0,3.3379,1.8179,0.5,0.02,EXECUTE,False,SHADOW
2026-02-23 08:38:28,arbitrum,ETH/USDT,uniswap_v3,curve,1878.616172,1884.379094,30.6764,10,20.6764,15.48,1000.0,3.0676,1.5476,0.5,0.02,EXECUTE,False,SHADOW
2026-02-23 08:39:28,arbitrum,ETH/USDT,uniswap_v3,curve,1878.616172,1884.379094,30.6764,10,20.6764,15.48,1000.0,3.0676,1.5476,0.5,0.02,EXECUTE,False,SHADOW
2026-02-23 08:41:28,arbitrum,ETH/USDT,uniswap_v3,curve,1878.703519,1883.849526,27.3913,10,17.3913,12.19,1000.0,2.7391,1.2191,0.5,0.02,EXECUTE,False,SHADOW
2026-02-23 08:42:29,arbitrum,ETH/USDT,uniswap_v3,curve,1878.327408,1883.849526,29.3991,10,19.3991,14.2,1000.0,2.9399,1.4199,0.5,0.02,EXECUTE,False,SHADOW
2026-02-23 08:43:29,arbitrum,ETH/USDT,uniswap_v3,curve,1878.32577,1883.849526,29.4079,10,19.4079,14.21,1000.0,2.9408,1.4208,0.5,0.02,EXECUTE,False,SHADOW
2026-02-23 08:44:30,arbitrum,ETH/USDT,uniswap_v3,curve,1878.32577,1882.250667,20.8957,10,10.8957,5.7,1000.0,2.0896,0.5696,0.5,0.02,EXECUTE,False,SHADOW
2026-02-23 08:45:30,arbitrum,ETH/USDT,uniswap_v3,curve,1878.32577,1882.250667,20.8957,10,10.8957,5.7,1000.0,2.0896,0.5696,0.5,0.02,EXECUTE,False,SHADOW
2026-02-23 08:46:30,arbitrum,ETH/USDT,uniswap_v3,curve,1878.32577,1882.250667,20.8957,10,10.8957,5.7,1000.0,2.0896,0.5696,0.5,0.02,EXECUTE,False,SHADOW
2026-02-23 08:47:30,arbitrum,ETH/USDT,uniswap_v3,curve,1878.32577,1882.250667,20.8957,10,10.8957,5.7,1000.0,2.0896,0.5696,0.5,0.02,EXECUTE,False,SHADOW
2026-02-23 08:48:30,arbitrum,ETH/USDT,uniswap_v3,curve,1878.915524,1882.250667,17.7504,10,7.7504,2.55,1000.0,1.775,0.255,0.5,0.02,EXECUTE,False,SHADOW
2026-02-23 08:49:30,arbitrum,ETH/USDT,uniswap_v3,curve,1879.134359,1882.250667,16.5837,10,6.5837,1.38,1000.0,1.6584,0.1384,0.5,0.02,EXECUTE,False,SHADOW
2026-02-23 08:50:31,arbitrum,ETH/USDT,uniswap_v3,curve,1879.820433,1882.250667,12.928,10,2.928,-2.27,1000.0,1.2928,-0.2272,0.5,0.02,SKIP,True,SHADOW
2026-02-23 08:51:31,arbitrum,ETH/USDT,uniswap_v3,curve,1879.829136,1882.250667,12.8817,10,2.8817,-2.32,1000.0,1.2882,-0.2318,0.5,0.02,SKIP,True,SHADOW
2026-02-23 08:52:31,arbitrum,ETH/USDT,uniswap_v3,curve,1879.829136,1882.250667,12.8817,10,2.8817,-2.32,1000.0,1.2882,-0.2318,0.5,0.02,SKIP,True,SHADOW
2026-02-23 08:53:31,arbitrum,ETH/USDT,uniswap_v3,curve,1878.511689,1882.250667,19.9039,10,9.9039,4.7,1000.0,1.9904,0.4704,0.5,0.02,EXECUTE,False,SHADOW
2026-02-23 08:55:31,arbitrum,ETH/USDT,uniswap_v3,curve,1878.305693,1882.250667,21.0028,10,11.0028,5.8,1000.0,2.1003,0.5803,0.5,0.02,EXECUTE,False,SHADOW
2026-02-23 08:57:32,arbitrum,ETH/USDT,uniswap_v3,curve,1879.876781,1882.250667,12.6279,10,2.6279,-2.57,1000.0,1.2628,-0.2572,0.5,0.02,SKIP,True,SHADOW
2026-02-23 08:58:32,arbitrum,ETH/USDT,uniswap_v3,curve,1879.876781,1882.250667,12.6279,10,2.6279,-2.57,1000.0,1.2628,-0.2572,0.5,0.02,SKIP,True,SHADOW
2026-02-23 08:59:32,arbitrum,ETH/USDT,uniswap_v3,curve,1880.0425,1882.250667,11.7453,10,1.7453,-3.45,1000.0,1.1745,-0.3455,0.5,0.02,SKIP,True,SHADOW
2026-02-24 00:04:40,arbitrum,ETH/USDT,uniswap_v3,curve,1856.570058,1858.77114,11.8556,10,1.8556,-3.34,1000.0,1.1856,-0.3344,0.5,0.02,SKIP,True,SHADOW
2026-02-24 00:05:40,arbitrum,ETH/USDT,uniswap_v3,curve,1856.570058,1858.77114,11.8556,10,1.8556,-3.34,1000.0,1.1856,-0.3344,0.5,0.02,SKIP,True,SHADOW
2026-02-24 00:06:40,arbitrum,ETH/USDT,uniswap_v3,curve,1856.570058,1858.77114,11.8556,10,1.8556,-3.34,1000.0,1.1856,-0.3344,0.5,0.02,SKIP,True,SHADOW
2026-02-24 00:07:40,arbitrum,ETH/USDT,uniswap_v3,curve,1856.058096,1858.437233,12.8182,10,2.8182,-2.38,1000.0,1.2818,-0.2382,0.5,0.02,SKIP,True,SHADOW
2026-02-24 00:08:40,arbitrum,ETH/USDT,uniswap_v3,curve,1856.078552,1858.437233,12.7079,10,2.7079,-2.49,1000.0,1.2708,-0.2492,0.5,0.02,SKIP,True,SHADOW
2026-02-24 00:09:40,arbitrum,ETH/USDT,uniswap_v3,curve,1856.196108,1858.437233,12.0738,10,2.0738,-3.13,1000.0,1.2074,-0.3126,0.5,0.02,SKIP,True,SHADOW
2026-02-24 00:10:40,arbitrum,ETH/USDT,uniswap_v3,curve,1856.196108,1858.437233,12.0738,10,2.0738,-3.13,1000.0,1.2074,-0.3126,0.5,0.02,SKIP,True,SHADOW
2026-02-24 01:04:40,arbitrum,ETH/USDT,uniswap_v3,curve,1863.03849,1865.56975,13.5867,10,3.5867,-1.61,1000.0,1.3587,-0.1613,0.5,0.02,SKIP,True,SHADOW
2026-02-24 01:06:40,arbitrum,ETH/USDT,uniswap_v3,curve,1862.969153,1865.56975,13.9594,10,3.9594,-1.24,1000.0,1.3959,-0.1241,0.5,0.02,SKIP,True,SHADOW
2026-02-24 01:08:40,arbitrum,ETH/USDT,uniswap_v3,curve,1862.669586,1865.56975,15.5699,10,5.5699,0.37,1000.0,1.557,0.037,0.5,0.02,EXECUTE,False,SHADOW
2026-02-24 01:09:41,arbitrum,ETH/USDT,uniswap_v3,curve,1863.330593,1865.56975,12.017,10,2.017,-3.18,1000.0,1.2017,-0.3183,0.5,0.02,SKIP,True,SHADOW
2026-02-24 01:13:41,arbitrum,ETH/USDT,uniswap_v3,curve,1850.782721,1863.380985,68.0699,10,58.0699,52.87,1000.0,6.807,5.287,0.5,0.02,EXECUTE,False,SHADOW
2026-02-24 01:14:41,arbitrum,ETH/USDT,uniswap_v3,curve,1844.956887,1862.069109,92.7513,10,82.7513,77.55,1000.0,9.2751,7.7551,0.5,0.02,EXECUTE,False,SHADOW
2026-02-24 01:15:42,arbitrum,ETH/USDT,uniswap_v3,curve,1846.374618,1862.069109,85.0017,10,75.0017,69.8,1000.0,8.5002,6.9802,0.5,0.02,EXECUTE,False,SHADOW
2026-02-24 01:16:42,arbitrum,ETH/USDT,uniswap_v3,curve,1846.374618,1862.069109,85.0017,10,75.0017,69.8,1000.0,8.5002,6.9802,0.5,0.02,EXECUTE,False,SHADOW
2026-02-24 01:18:42,arbitrum,ETH/USDT,uniswap_v3,curve,1815.098111,1855.242321,221.1683,10,211.1683,205.97,1000.0,22.1168,20.5968,0.5,0.02,EXECUTE,False,SHADOW
2026-02-24 01:19:43,arbitrum,ETH/USDT,uniswap_v3,curve,1832.045755,1852.864123,113.6345,10,103.6345,98.43,1000.0,11.3635,9.8435,0.5,0.02,EXECUTE,False,SHADOW
2026-02-24 01:20:44,arbitrum,ETH/USDT,uniswap_v3,curve,1831.546867,1850.240563,102.0651,10,92.0651,86.87,1000.0,10.2065,8.6865,0.5,0.02,EXECUTE,False,SHADOW
2026-02-24 01:21:44,arbitrum,ETH/USDT,uniswap_v3,curve,1839.13888,1850.240563,60.3635,10,50.3635,45.16,1000.0,6.0364,4.5164,0.5,0.02,EXECUTE,False,SHADOW
2026-02-24 01:22:45,arbitrum,ETH/USDT,uniswap_v3,curve,1839.13888,1850.06853,59.4281,10,49.4281,44.23,1000.0,5.9428,4.4228,0.5,0.02,EXECUTE,False,SHADOW
2026-02-24 01:24:45,arbitrum,ETH/USDT,uniswap_v3,curve,1842.831245,1847.772031,26.8108,10,16.8108,11.61,1000.0,2.6811,1.1611,0.5,0.02,EXECUTE,False,SHADOW
2026-02-24 01:40:46,arbitrum,ETH/USDT,uniswap_v3,curve,1842.108278,1849.925386,42.4357,10,32.4357,27.24,1000.0,4.2436,2.7236,0.5,0.02,EXECUTE,False,SHADOW
2026-02-24 01:41:46,arbitrum,ETH/USDT,uniswap_v3,curve,1843.133459,1849.668722,35.4574,10,25.4574,20.26,1000.0,3.5457,2.0257,0.5,0.02,EXECUTE,False,SHADOW
2026-02-24 01:45:47,arbitrum,ETH/USDT,uniswap_v3,curve,1846.626016,1849.174843,13.8026,10,3.8026,-1.4,1000.0,1.3803,-0.1397,0.5,0.02,SKIP,True,SHADOW
2026-02-24 01:46:47,arbitrum,ETH/USDT,uniswap_v3,curve,1845.964293,1849.174843,17.3923,10,7.3923,2.19,1000.0,1.7392,0.2192,0.5,0.02,EXECUTE,False,SHADOW
2026-02-24 01:47:47,arbitrum,ETH/USDT,uniswap_v3,curve,1844.255073,1848.824901,24.7787,10,14.7787,9.58,1000.0,2.4779,0.9579,0.5,0.02,EXECUTE,False,SHADOW
2026-02-24 01:48:48,arbitrum,ETH/USDT,uniswap_v3,curve,1844.255073,1848.824901,24.7787,10,14.7787,9.58,1000.0,2.4779,0.9579,0.5,0.02,EXECUTE,False,SHADOW
2026-02-24 01:49:48,arbitrum,ETH/USDT,uniswap_v3,curve,1840.788127,1848.397404,41.3371,10,31.3371,26.14,1000.0,4.1337,2.6137,0.5,0.02,EXECUTE,False,SHADOW
2026-02-24 01:56:48,arbitrum,ETH/USDT,uniswap_v3,curve,1843.411735,1847.220914,20.6637,10,10.6637,5.46,1000.0,2.0664,0.5464,0.5,0.02,EXECUTE,False,SHADOW
2026-02-24 01:57:49,arbitrum,ETH/USDT,uniswap_v3,curve,1842.965954,1847.220914,23.0876,10,13.0876,7.89,1000.0,2.3088,0.7888,0.5,0.02,EXECUTE,False,SHADOW
2026-02-24 01:58:49,arbitrum,ETH/USDT,uniswap_v3,curve,1842.965954,1847.220914,23.0876,10,13.0876,7.89,1000.0,2.3088,0.7888,0.5,0.02,EXECUTE,False,SHADOW
2026-02-24 01:59:49,arbitrum,ETH/USDT,uniswap_v3,curve,1842.712239,1847.006123,23.302,10,13.302,8.1,1000.0,2.3302,0.8102,0.5,0.02,EXECUTE,False,SHADOW
2026-02-24 02:01:50,arbitrum,ETH/USDT,uniswap_v3,curve,1841.610501,1846.382945,25.9145,10,15.9145,10.71,1000.0,2.5915,1.0715,0.5,0.02,EXECUTE,False,SHADOW
2026-02-24 02:02:50,arbitrum,ETH/USDT,uniswap_v3,curve,1842.646692,1846.382945,20.2766,10,10.2766,5.08,1000.0,2.0277,0.5077,0.5,0.02,EXECUTE,False,SHADOW
2026-02-24 02:05:51,arbitrum,ETH/USDT,uniswap_v3,curve,1838.290485,1844.858669,35.7298,10,25.7298,20.53,1000.0,3.573,2.053,0.5,0.02,EXECUTE,False,SHADOW
2026-02-24 02:06:51,arbitrum,ETH/USDT,uniswap_v3,curve,1842.150386,1844.69978,13.8392,10,3.8392,-1.36,1000.0,1.3839,-0.1361,0.5,0.02,SKIP,True,SHADOW
2026-02-24 02:07:51,arbitrum,ETH/USDT,uniswap_v3,curve,1841.99947,1844.69978,14.6597,10,4.6597,-0.54,1000.0,1.466,-0.054,0.5,0.02,SKIP,True,SHADOW
2026-02-24 02:08:51,arbitrum,ETH/USDT,uniswap_v3,curve,1841.451445,1843.939369,13.5107,10,3.5107,-1.69,1000.0,1.3511,-0.1689,0.5,0.02,SKIP,True,SHADOW
2026-02-24 02:09:52,arbitrum,ETH/USDT,uniswap_v3,curve,1841.451445,1843.939369,13.5107,10,3.5107,-1.69,1000.0,1.3511,-0.1689,0.5,0.02,SKIP,True,SHADOW
2026-02-24 02:10:52,arbitrum,ETH/USDT,uniswap_v3,curve,1840.499233,1843.94201,18.7057,10,8.7057,3.51,1000.0,1.8706,0.3506,0.5,0.02,EXECUTE,False,SHADOW
2026-02-24 02:17:52,arbitrum,ETH/USDT,uniswap_v3,curve,1842.28373,1844.348472,11.2075,10,1.2075,-3.99,1000.0,1.1207,-0.3993,0.5,0.02,SKIP,True,SHADOW
2026-02-24 02:18:52,arbitrum,ETH/USDT,uniswap_v3,curve,1840.609474,1844.174684,19.3697,10,9.3697,4.17,1000.0,1.937,0.417,0.5,0.02,EXECUTE,False,SHADOW
2026-02-24 02:19:53,arbitrum,ETH/USDT,uniswap_v3,curve,1840.609474,1844.174684,19.3697,10,9.3697,4.17,1000.0,1.937,0.417,0.5,0.02,EXECUTE,False,SHADOW
2026-02-24 02:43:53,arbitrum,ETH/USDT,uniswap_v3,curve,1843.680954,1845.770731,11.3348,10,1.3348,-3.87,1000.0,1.1335,-0.3865,0.5,0.02,SKIP,True,SHADOW
2026-02-24 02:44:53,arbitrum,ETH/USDT,uniswap_v3,curve,1843.128667,1845.611899,13.4729,10,3.4729,-1.73,1000.0,1.3473,-0.1727,0.5,0.02,SKIP,True,SHADOW
2026-02-24 02:45:53,arbitrum,ETH/USDT,uniswap_v3,curve,1843.128667,1845.611899,13.4729,10,3.4729,-1.73,1000.0,1.3473,-0.1727,0.5,0.02,SKIP,True,SHADOW
2026-02-24 02:46:53,arbitrum,ETH/USDT,uniswap_v3,curve,1842.262079,1845.534584,17.7635,10,7.7635,2.56,1000.0,1.7764,0.2564,0.5,0.02,EXECUTE,False,SHADOW
2026-02-24 02:53:54,arbitrum,ETH/USDT,uniswap_v3,curve,1843.289056,1845.285835,10.8327,10,0.8327,-4.37,1000.0,1.0833,-0.4367,0.5,0.02,SKIP,True,SHADOW
2026-02-24 02:54:54,arbitrum,ETH/USDT,uniswap_v3,curve,1843.17334,1845.285835,11.4612,10,1.4612,-3.74,1000.0,1.1461,-0.3739,0.5,0.02,SKIP,True,SHADOW
2026-02-24 02:55:54,arbitrum,ETH/USDT,uniswap_v3,curve,1843.17334,1845.285835,11.4612,10,1.4612,-3.74,1000.0,1.1461,-0.3739,0.5,0.02,SKIP,True,SHADOW
2026-02-24 03:03:54,arbitrum,ETH/USDT,uniswap_v3,curve,1832.507999,1844.823224,67.2042,10,57.2042,52.0,1000.0,6.7204,5.2004,0.5,0.02,EXECUTE,False,SHADOW
2026-02-24 03:06:54,arbitrum,ETH/USDT,uniswap_v3,curve,1834.219536,1843.363601,49.8526,10,39.8526,34.65,1000.0,4.9853,3.4653,0.5,0.02,EXECUTE,False,SHADOW
2026-02-24 03:07:55,arbitrum,ETH/USDT,uniswap_v3,curve,1835.206032,1843.363601,44.4504,10,34.4504,29.25,1000.0,4.445,2.925,0.5,0.02,EXECUTE,False,SHADOW
2026-02-24 03:08:55,arbitrum,ETH/USDT,uniswap_v3,curve,1838.13682,1843.363601,28.4352,10,18.4352,13.24,1000.0,2.8435,1.3235,0.5,0.02,EXECUTE,False,SHADOW
2026-02-24 03:12:56,arbitrum,ETH/USDT,uniswap_v3,curve,1833.737258,1840.782583,38.4206,10,28.4206,23.22,1000.0,3.8421,2.3221,0.5,0.02,EXECUTE,False,SHADOW
2026-02-24 03:13:57,arbitrum,ETH/USDT,uniswap_v3,curve,1833.370165,1840.782583,40.4306,10,30.4306,25.23,1000.0,4.0431,2.5231,0.5,0.02,EXECUTE,False,SHADOW
2026-02-24 03:14:57,arbitrum,ETH/USDT,uniswap_v3,curve,1833.370165,1840.782583,40.4306,10,30.4306,25.23,1000.0,4.0431,2.5231,0.5,0.02,EXECUTE,False,SHADOW
2026-02-24 03:15:57,arbitrum,ETH/USDT,uniswap_v3,curve,1830.515876,1839.705559,50.2027,10,40.2027,35.0,1000.0,5.0203,3.5003,0.5,0.02,EXECUTE,False,SHADOW
2026-02-24 03:16:58,arbitrum,ETH/USDT,uniswap_v3,curve,1833.300233,1838.233257,26.9079,10,16.9079,11.71,1000.0,2.6908,1.1708,0.5,0.02,EXECUTE,False,SHADOW
2026-02-24 03:17:58,arbitrum,ETH/USDT,uniswap_v3,curve,1834.272703,1838.233257,21.592,10,11.592,6.39,1000.0,2.1592,0.6392,0.5,0.02,EXECUTE,False,SHADOW
2026-02-24 03:18:58,arbitrum,ETH/USDT,uniswap_v3,curve,1833.47814,1838.233257,25.935,10,15.935,10.74,1000.0,2.5935,1.0735,0.5,0.02,EXECUTE,False,SHADOW
2026-02-24 03:19:59,arbitrum,ETH/USDT,uniswap_v3,curve,1833.477478,1838.233257,25.9386,10,15.9386,10.74,1000.0,2.5939,1.0739,0.5,0.02,EXECUTE,False,SHADOW
2026-02-24 03:20:59,arbitrum,ETH/USDT,uniswap_v3,curve,1834.895731,1836.989913,11.4131,10,1.4131,-3.79,1000.0,1.1413,-0.3787,0.5,0.02,SKIP,True,SHADOW
2026-02-24 03:23:59,arbitrum,ETH/USDT,uniswap_v3,curve,1833.385184,1836.441353,16.6695,10,6.6695,1.47,1000.0,1.6669,0.1469,0.5,0.02,EXECUTE,False,SHADOW
2026-02-24 03:25:00,arbitrum,ETH/USDT,uniswap_v3,curve,1833.385184,1836.441353,16.6695,10,6.6695,1.47,1000.0,1.6669,0.1469,0.5,0.02,EXECUTE,False,SHADOW
2026-02-24 03:26:00,arbitrum,ETH/USDT,uniswap_v3,curve,1833.385184,1836.441353,16.6695,10,6.6695,1.47,1000.0,1.6669,0.1469,0.5,0.02,EXECUTE,False,SHADOW
2026-02-24 03:27:00,arbitrum,ETH/USDT,uniswap_v3,curve,1832.379459,1836.441353,22.1673,10,12.1673,6.97,1000.0,2.2167,0.6967,0.5,0.02,EXECUTE,False,SHADOW
2026-02-24 03:28:01,arbitrum,ETH/USDT,uniswap_v3,curve,1832.920496,1836.441353,19.209,10,9.209,4.01,1000.0,1.9209,0.4009,0.5,0.02,EXECUTE,False,SHADOW
2026-02-24 03:29:01,arbitrum,ETH/USDT,uniswap_v3,curve,1832.005223,1836.441353,24.2146,10,14.2146,9.01,1000.0,2.4215,0.9015,0.5,0.02,EXECUTE,False,SHADOW
2026-02-24 03:30:02,arbitrum,ETH/USDT,uniswap_v3,curve,1832.121299,1836.441353,23.5795,10,13.5795,8.38,1000.0,2.358,0.838,0.5,0.02,EXECUTE,False,SHADOW
2026-02-24 03:31:02,arbitrum,ETH/USDT,uniswap_v3,curve,1830.60921,1836.441353,31.859,10,21.859,16.66,1000.0,3.1859,1.6659,0.5,0.02,EXECUTE,False,SHADOW
2026-02-24 03:32:03,arbitrum,ETH/USDT,uniswap_v3,curve,1831.714958,1836.441353,25.8031,10,15.8031,10.6,1000.0,2.5803,1.0603,0.5,0.02,EXECUTE,False,SHADOW
2026-02-24 03:33:03,arbitrum,ETH/USDT,uniswap_v3,curve,1832.564238,1836.441353,21.1568,10,11.1568,5.96,1000.0,2.1157,0.5957,0.5,0.02,EXECUTE,False,SHADOW
2026-02-24 03:34:04,arbitrum,ETH/USDT,uniswap_v3,curve,1830.302231,1836.441353,33.5416,10,23.5416,18.34,1000.0,3.3542,1.8342,0.5,0.02,EXECUTE,False,SHADOW
2026-02-24 03:35:05,arbitrum,ETH/USDT,uniswap_v3,curve,1830.302231,1834.732262,24.2038,10,14.2038,9.0,1000.0,2.4204,0.9004,0.5,0.02,EXECUTE,False,SHADOW
2026-02-24 03:36:06,arbitrum,ETH/USDT,uniswap_v3,curve,1831.648871,1834.732262,16.834,10,6.834,1.63,1000.0,1.6834,0.1634,0.5,0.02,EXECUTE,False,SHADOW
2026-02-24 03:38:06,arbitrum,ETH/USDT,uniswap_v3,curve,1829.844532,1834.732262,26.7112,10,16.7112,11.51,1000.0,2.6711,1.1511,0.5,0.02,EXECUTE,False,SHADOW
2026-02-24 03:39:07,arbitrum,ETH/USDT,uniswap_v3,curve,1829.844532,1834.732262,26.7112,10,16.7112,11.51,1000.0,2.6711,1.1511,0.5,0.02,EXECUTE,False,SHADOW
2026-02-24 03:40:07,arbitrum,ETH/USDT,uniswap_v3,curve,1831.400798,1833.587267,11.9388,10,1.9388,-3.26,1000.0,1.1939,-0.3261,0.5,0.02,SKIP,True,SHADOW
2026-02-24 03:41:07,arbitrum,ETH/USDT,uniswap_v3,curve,1831.649157,1833.587267,10.5812,10,0.5812,-4.62,1000.0,1.0581,-0.4619,0.5,0.02,SKIP,True,SHADOW
2026-02-24 03:45:07,arbitrum,ETH/USDT,uniswap_v3,curve,1830.206041,1832.676688,13.4993,10,3.4993,-1.7,1000.0,1.3499,-0.1701,0.5,0.02,SKIP,True,SHADOW
2026-02-24 03:46:07,arbitrum,ETH/USDT,uniswap_v3,curve,1830.226765,1832.676688,13.3859,10,3.3859,-1.81,1000.0,1.3386,-0.1814,0.5,0.02,SKIP,True,SHADOW
2026-02-24 03:47:07,arbitrum,ETH/USDT,uniswap_v3,curve,1830.673135,1832.676688,10.9444,10,0.9444,-4.26,1000.0,1.0944,-0.4256,0.5,0.02,SKIP,True,SHADOW
2026-02-24 03:48:07,arbitrum,ETH/USDT,uniswap_v3,curve,1828.551811,1833.09041,24.8207,10,14.8207,9.62,1000.0,2.4821,0.9621,0.5,0.02,EXECUTE,False,SHADOW
2026-02-24 03:49:07,arbitrum,ETH/USDT,uniswap_v3,curve,1828.551811,1833.09041,24.8207,10,14.8207,9.62,1000.0,2.4821,0.9621,0.5,0.02,EXECUTE,False,SHADOW
2026-02-24 03:50:07,arbitrum,ETH/USDT,uniswap_v3,curve,1828.991692,1833.121466,22.5795,10,12.5795,7.38,1000.0,2.2579,0.7379,0.5,0.02,EXECUTE,False,SHADOW
2026-02-24 03:52:08,arbitrum,ETH/USDT,uniswap_v3,curve,1826.569721,1832.429241,32.0794,10,22.0794,16.88,1000.0,3.2079,1.6879,0.5,0.02,EXECUTE,False,SHADOW
2026-02-24 03:53:09,arbitrum,ETH/USDT,uniswap_v3,curve,1829.301414,1831.419881,11.5807,10,1.5807,-3.62,1000.0,1.1581,-0.3619,0.5,0.02,SKIP,True,SHADOW
2026-02-24 03:54:09,arbitrum,ETH/USDT,uniswap_v3,curve,1829.301414,1831.419881,11.5807,10,1.5807,-3.62,1000.0,1.1581,-0.3619,0.5,0.02,SKIP,True,SHADOW
2026-02-24 04:11:09,arbitrum,ETH/USDT,uniswap_v3,curve,1827.429899,1832.35907,26.9732,10,16.9732,11.77,1000.0,2.6973,1.1773,0.5,0.02,EXECUTE,False,SHADOW
2026-02-24 04:12:09,arbitrum,ETH/USDT,uniswap_v3,curve,1828.958152,1832.35907,18.5948,10,8.5948,3.39,1000.0,1.8595,0.3395,0.5,0.02,EXECUTE,False,SHADOW
2026-02-24 04:13:10,arbitrum,ETH/USDT,uniswap_v3,curve,1825.9488,1831.887323,32.5229,10,22.5229,17.32,1000.0,3.2523,1.7323,0.5,0.02,EXECUTE,False,SHADOW
2026-02-24 04:16:10,arbitrum,ETH/USDT,uniswap_v3,curve,1817.699302,1830.904801,72.6495,10,62.6495,57.45,1000.0,7.2649,5.745,0.5,0.02,EXECUTE,False,SHADOW
2026-02-24 04:18:11,arbitrum,ETH/USDT,uniswap_v3,curve,1816.88324,1829.360103,68.6718,10,58.6718,53.47,1000.0,6.8672,5.3472,0.5,0.02,EXECUTE,False,SHADOW
2026-02-24 04:19:12,arbitrum,ETH/USDT,uniswap_v3,curve,1815.739593,1828.192741,68.5844,10,58.5844,53.38,1000.0,6.8584,5.3384,0.5,0.02,EXECUTE,False,SHADOW
2026-02-24 04:20:12,arbitrum,ETH/USDT,uniswap_v3,curve,1815.739593,1828.192741,68.5844,10,58.5844,53.38,1000.0,6.8584,5.3384,0.5,0.02,EXECUTE,False,SHADOW
2026-02-24 04:21:12,arbitrum,ETH/USDT,uniswap_v3,curve,1818.497654,1828.192741,53.3137,10,43.3137,38.11,1000.0,5.3314,3.8114,0.5,0.02,EXECUTE,False,SHADOW
2026-02-24 04:22:13,arbitrum,ETH/USDT,uniswap_v3,curve,1822.677733,1826.258107,19.6435,10,9.6435,4.44,1000.0,1.9644,0.4444,0.5,0.02,EXECUTE,False,SHADOW
2026-02-24 04:32:13,arbitrum,ETH/USDT,uniswap_v3,curve,1824.605843,1827.880431,17.9468,10,7.9468,2.75,1000.0,1.7947,0.2747,0.5,0.02,EXECUTE,False,SHADOW
2026-02-24 04:33:14,arbitrum,ETH/USDT,uniswap_v3,curve,1822.278583,1827.77795,30.1785,10,20.1785,14.98,1000.0,3.0178,1.4978,0.5,0.02,EXECUTE,False,SHADOW
2026-02-24 04:34:14,arbitrum,ETH/USDT,uniswap_v3,curve,1824.535454,1827.384217,15.6136,10,5.6136,0.41,1000.0,1.5614,0.0414,0.5,0.02,EXECUTE,False,SHADOW
2026-02-24 04:35:15,arbitrum,ETH/USDT,uniswap_v3,curve,1824.894065,1827.286871,13.112,10,3.112,-2.09,1000.0,1.3112,-0.2088,0.5,0.02,SKIP,True,SHADOW
2026-02-24 04:36:15,arbitrum,ETH/USDT,uniswap_v3,curve,1824.894065,1827.286871,13.112,10,3.112,-2.09,1000.0,1.3112,-0.2088,0.5,0.02,SKIP,True,SHADOW
2026-02-24 05:19:59,arbitrum,ETH/USDT,uniswap_v3,curve,1830.258972,1833.957665,20.2086,10,10.2086,5.01,1000.0,2.0209,0.5009,0.5,0.02,EXECUTE,False,SHADOW
2026-02-24 05:21:00,arbitrum,ETH/USDT,uniswap_v3,curve,1828.648071,1833.772928,28.0254,10,18.0254,12.83,1000.0,2.8025,1.2825,0.5,0.02,EXECUTE,False,SHADOW
2026-02-24 05:22:00,arbitrum,ETH/USDT,uniswap_v3,curve,1830.444308,1833.772928,18.1848,10,8.1848,2.98,1000.0,1.8185,0.2985,0.5,0.02,EXECUTE,False,SHADOW
2026-02-24 05:23:01,arbitrum,ETH/USDT,uniswap_v3,curve,1828.981164,1833.422941,24.2855,10,14.2855,9.09,1000.0,2.4285,0.9085,0.5,0.02,EXECUTE,False,SHADOW
2026-02-24 05:24:01,arbitrum,ETH/USDT,uniswap_v3,curve,1824.657059,1833.244633,47.064,10,37.064,31.86,1000.0,4.7064,3.1864,0.5,0.02,EXECUTE,False,SHADOW
2026-02-24 05:25:02,arbitrum,ETH/USDT,uniswap_v3,curve,1818.036337,1832.127923,77.5099,10,67.5099,62.31,1000.0,7.751,6.231,0.5,0.02,EXECUTE,False,SHADOW
2026-02-24 05:26:03,arbitrum,ETH/USDT,uniswap_v3,curve,1821.20038,1831.822708,58.326,10,48.326,43.13,1000.0,5.8326,4.3126,0.5,0.02,EXECUTE,False,SHADOW
2026-02-24 05:27:03,arbitrum,ETH/USDT,uniswap_v3,curve,1819.950434,1831.822708,65.2341,10,55.2341,50.03,1000.0,6.5234,5.0034,0.5,0.02,EXECUTE,False,SHADOW
2026-02-24 05:28:04,arbitrum,ETH/USDT,uniswap_v3,curve,1819.319252,1831.822708,68.726,10,58.726,53.53,1000.0,6.8726,5.3526,0.5,0.02,EXECUTE,False,SHADOW
2026-02-24 05:29:04,arbitrum,ETH/USDT,uniswap_v3,curve,1816.044071,1828.968728,71.1693,10,61.1693,55.97,1000.0,7.1169,5.5969,0.5,0.02,EXECUTE,False,SHADOW
2026-02-24 05:30:04,arbitrum,ETH/USDT,uniswap_v3,curve,1819.227905,1827.531508,45.6436,10,35.6436,30.44,1000.0,4.5644,3.0444,0.5,0.02,EXECUTE,False,SHADOW
2026-02-24 05:31:05,arbitrum,ETH/USDT,uniswap_v3,curve,1820.252638,1827.531508,39.9882,10,29.9882,24.79,1000.0,3.9988,2.4788,0.5,0.02,EXECUTE,False,SHADOW
2026-02-24 05:32:06,arbitrum,ETH/USDT,uniswap_v3,curve,1818.729828,1827.531508,48.3947,10,38.3947,33.19,1000.0,4.8395,3.3195,0.5,0.02,EXECUTE,False,SHADOW
2026-02-24 05:34:06,arbitrum,ETH/USDT,uniswap_v3,curve,1823.572548,1825.752053,11.9518,10,1.9518,-3.25,1000.0,1.1952,-0.3248,0.5,0.02,SKIP,True,SHADOW
2026-02-24 05:36:06,arbitrum,ETH/USDT,uniswap_v3,curve,1821.698091,1825.752053,22.2538,10,12.2538,7.05,1000.0,2.2254,0.7054,0.5,0.02,EXECUTE,False,SHADOW
2026-02-24 05:41:07,arbitrum,ETH/USDT,uniswap_v3,curve,1821.64279,1824.926132,18.0241,10,8.0241,2.82,1000.0,1.8024,0.2824,0.5,0.02,EXECUTE,False,SHADOW
2026-02-24 05:42:07,arbitrum,ETH/USDT,uniswap_v3,curve,1821.64279,1824.801861,17.3419,10,7.3419,2.14,1000.0,1.7342,0.2142,0.5,0.02,EXECUTE,False,SHADOW
2026-02-24 05:43:07,arbitrum,ETH/USDT,uniswap_v3,curve,1821.87133,1824.801861,16.0853,10,6.0853,0.89,1000.0,1.6085,0.0885,0.5,0.02,EXECUTE,False,SHADOW
2026-02-24 05:44:08,arbitrum,ETH/USDT,uniswap_v3,curve,1821.87133,1824.801861,16.0853,10,6.0853,0.89,1000.0,1.6085,0.0885,0.5,0.02,EXECUTE,False,SHADOW
2026-02-24 05:45:08,arbitrum,ETH/USDT,uniswap_v3,curve,1822.481652,1824.801861,12.731,10,2.731,-2.47,1000.0,1.2731,-0.2469,0.5,0.02,SKIP,True,SHADOW
2026-02-24 06:06:08,arbitrum,ETH/USDT,uniswap_v3,curve,1821.501743,1825.042772,19.4402,10,9.4402,4.24,1000.0,1.944,0.424,0.5,0.02,EXECUTE,False,SHADOW
2026-02-24 06:07:08,arbitrum,ETH/USDT,uniswap_v3,curve,1822.612932,1825.042772,13.3316,10,3.3316,-1.87,1000.0,1.3332,-0.1868,0.5,0.02,SKIP,True,SHADOW
2026-02-24 06:53:04,arbitrum,ETH/USDT,uniswap_v3,curve,1822.675676,1826.719773,22.1877,10,12.1877,6.99,1000.0,2.2188,0.6988,0.5,0.02,EXECUTE,False,SHADOW
2026-02-24 06:54:04,arbitrum,ETH/USDT,uniswap_v3,curve,1823.639847,1826.719773,16.8889,10,6.8889,1.69,1000.0,1.6889,0.1689,0.5,0.02,EXECUTE,False,SHADOW
2026-02-24 06:55:05,arbitrum,ETH/USDT,uniswap_v3,curve,1823.565119,1826.352233,15.2839,10,5.2839,0.08,1000.0,1.5284,0.0084,0.5,0.02,EXECUTE,False,SHADOW
2026-02-24 06:56:05,arbitrum,ETH/USDT,uniswap_v3,curve,1820.286094,1826.205623,32.5198,10,22.5198,17.32,1000.0,3.252,1.732,0.5,0.02,EXECUTE,False,SHADOW
2026-02-24 06:57:06,arbitrum,ETH/USDT,uniswap_v3,curve,1820.403024,1826.012424,30.8141,10,20.8141,15.61,1000.0,3.0814,1.5614,0.5,0.02,EXECUTE,False,SHADOW
2026-02-24 06:58:06,arbitrum,ETH/USDT,uniswap_v3,curve,1820.071031,1826.012424,32.6437,10,22.6437,17.44,1000.0,3.2644,1.7444,0.5,0.02,EXECUTE,False,SHADOW
2026-02-24 06:59:06,arbitrum,ETH/USDT,uniswap_v3,curve,1820.762385,1826.012424,28.8343,10,18.8343,13.63,1000.0,2.8834,1.3634,0.5,0.02,EXECUTE,False,SHADOW
2026-02-24 07:00:07,arbitrum,ETH/USDT,uniswap_v3,curve,1820.755561,1826.012424,28.8719,10,18.8719,13.67,1000.0,2.8872,1.3672,0.5,0.02,EXECUTE,False,SHADOW
2026-02-24 07:01:07,arbitrum,ETH/USDT,uniswap_v3,curve,1820.967289,1826.012424,27.7058,10,17.7058,12.51,1000.0,2.7706,1.2506,0.5,0.02,EXECUTE,False,SHADOW
2026-02-24 07:02:08,arbitrum,ETH/USDT,uniswap_v3,curve,1821.071508,1826.012424,27.1319,10,17.1319,11.93,1000.0,2.7132,1.1932,0.5,0.02,EXECUTE,False,SHADOW
2026-02-24 07:03:08,arbitrum,ETH/USDT,uniswap_v3,curve,1822.614324,1826.012424,18.6441,10,8.6441,3.44,1000.0,1.8644,0.3444,0.5,0.02,EXECUTE,False,SHADOW
2026-02-24 07:05:08,arbitrum,ETH/USDT,uniswap_v3,curve,1818.197095,1822.829078,25.4757,10,15.4757,10.28,1000.0,2.5476,1.0276,0.5,0.02,EXECUTE,False,SHADOW
2026-02-24 07:06:09,arbitrum,ETH/USDT,uniswap_v3,curve,1816.95241,1822.753305,31.9265,10,21.9265,16.73,1000.0,3.1926,1.6726,0.5,0.02,EXECUTE,False,SHADOW
2026-02-24 07:07:09,arbitrum,ETH/USDT,uniswap_v3,curve,1818.608677,1822.753305,22.7901,10,12.7901,7.59,1000.0,2.279,0.759,0.5,0.02,EXECUTE,False,SHADOW
2026-02-24 07:23:09,arbitrum,ETH/USDT,uniswap_v3,curve,1820.940594,1824.562052,19.8878,10,9.8878,4.69,1000.0,1.9888,0.4688,0.5,0.02,EXECUTE,False,SHADOW
2026-02-24 07:24:10,arbitrum,ETH/USDT,uniswap_v3,curve,1820.940594,1824.562052,19.8878,10,9.8878,4.69,1000.0,1.9888,0.4688,0.5,0.02,EXECUTE,False,SHADOW
2026-02-24 07:25:10,arbitrum,ETH/USDT,uniswap_v3,curve,1820.940594,1824.562052,19.8878,10,9.8878,4.69,1000.0,1.9888,0.4688,0.5,0.02,EXECUTE,False,SHADOW
2026-02-24 07:43:10,arbitrum,ETH/USDT,uniswap_v3,curve,1822.87037,1827.069847,23.0377,10,13.0377,7.84,1000.0,2.3038,0.7838,0.5,0.02,EXECUTE,False,SHADOW
2026-02-24 07:44:11,arbitrum,ETH/USDT,uniswap_v3,curve,1822.87037,1826.799994,21.5573,10,11.5573,6.36,1000.0,2.1557,0.6357,0.5,0.02,EXECUTE,False,SHADOW
2026-02-24 07:45:11,arbitrum,ETH/USDT,uniswap_v3,curve,1822.961469,1826.799994,21.0565,10,11.0565,5.86,1000.0,2.1057,0.5857,0.5,0.02,EXECUTE,False,SHADOW
2026-02-24 07:46:11,arbitrum,ETH/USDT,uniswap_v3,curve,1823.492404,1826.799994,18.1388,10,8.1388,2.94,1000.0,1.8139,0.2939,0.5,0.02,EXECUTE,False,SHADOW
2026-02-24 07:47:12,arbitrum,ETH/USDT,uniswap_v3,curve,1822.946856,1826.799994,21.1369,10,11.1369,5.94,1000.0,2.1137,0.5937,0.5,0.02,EXECUTE,False,SHADOW
2026-02-24 07:48:12,arbitrum,ETH/USDT,uniswap_v3,curve,1822.59206,1825.893568,18.1144,10,8.1144,2.91,1000.0,1.8114,0.2914,0.5,0.02,EXECUTE,False,SHADOW
2026-02-24 07:49:13,arbitrum,ETH/USDT,uniswap_v3,curve,1822.967202,1825.893568,16.0528,10,6.0528,0.85,1000.0,1.6053,0.0853,0.5,0.02,EXECUTE,False,SHADOW
2026-02-24 07:50:13,arbitrum,ETH/USDT,uniswap_v3,curve,1822.967202,1825.893568,16.0528,10,6.0528,0.85,1000.0,1.6053,0.0853,0.5,0.02,EXECUTE,False,SHADOW
2026-02-24 07:53:13,arbitrum,ETH/USDT,uniswap_v3,curve,1823.492938,1825.893568,13.165,10,3.165,-2.04,1000.0,1.3165,-0.2035,0.5,0.02,SKIP,True,SHADOW
2026-02-24 07:54:13,arbitrum,ETH/USDT,uniswap_v3,curve,1823.492938,1825.893568,13.165,10,3.165,-2.04,1000.0,1.3165,-0.2035,0.5,0.02,SKIP,True,SHADOW
2026-02-24 07:55:13,arbitrum,ETH/USDT,uniswap_v3,curve,1823.786864,1825.893568,11.5513,10,1.5513,-3.65,1000.0,1.1551,-0.3649,0.5,0.02,SKIP,True,SHADOW
2026-02-24 08:03:13,arbitrum,ETH/USDT,uniswap_v3,curve,1819.544992,1824.312592,26.2022,10,16.2022,11.0,1000.0,2.6202,1.1002,0.5,0.02,EXECUTE,False,SHADOW
2026-02-24 08:04:13,arbitrum,ETH/USDT,uniswap_v3,curve,1820.891582,1824.280642,18.6121,10,8.6121,3.41,1000.0,1.8612,0.3412,0.5,0.02,EXECUTE,False,SHADOW
2026-02-24 08:05:14,arbitrum,ETH/USDT,uniswap_v3,curve,1820.692963,1823.85287,17.3555,10,7.3555,2.16,1000.0,1.7355,0.2155,0.5,0.02,EXECUTE,False,SHADOW
2026-02-24 08:06:14,arbitrum,ETH/USDT,uniswap_v3,curve,1821.344243,1823.85287,13.7735,10,3.7735,-1.43,1000.0,1.3774,-0.1426,0.5,0.02,SKIP,True,SHADOW
2026-02-24 08:07:14,arbitrum,ETH/USDT,uniswap_v3,curve,1820.147717,1823.85287,20.3563,10,10.3563,5.16,1000.0,2.0356,0.5156,0.5,0.02,EXECUTE,False,SHADOW
2026-02-24 08:08:15,arbitrum,ETH/USDT,uniswap_v3,curve,1821.060034,1823.447955,13.1128,10,3.1128,-2.09,1000.0,1.3113,-0.2087,0.5,0.02,SKIP,True,SHADOW
2026-02-24 08:20:15,arbitrum,ETH/USDT,uniswap_v3,curve,1822.256857,1824.282096,11.1139,10,1.1139,-4.09,1000.0,1.1114,-0.4086,0.5,0.02,SKIP,True,SHADOW
2026-02-24 09:05:15,arbitrum,ETH/USDT,uniswap_v3,curve,1829.109696,1831.5514,13.3491,10,3.3491,-1.85,1000.0,1.3349,-0.1851,0.5,0.02,SKIP,True,SHADOW
2026-02-24 09:08:15,arbitrum,ETH/USDT,uniswap_v3,curve,1826.668558,1831.207481,24.8481,10,14.8481,9.65,1000.0,2.4848,0.9648,0.5,0.02,EXECUTE,False,SHADOW
2026-02-24 09:09:16,arbitrum,ETH/USDT,uniswap_v3,curve,1826.552036,1831.207481,25.4876,10,15.4876,10.29,1000.0,2.5488,1.0288,0.5,0.02,EXECUTE,False,SHADOW
2026-02-24 09:10:16,arbitrum,ETH/USDT,uniswap_v3,curve,1825.547982,1830.59813,27.6637,10,17.6637,12.46,1000.0,2.7664,1.2464,0.5,0.02,EXECUTE,False,SHADOW
2026-02-24 09:11:17,arbitrum,ETH/USDT,uniswap_v3,curve,1826.426109,1830.59813,22.8425,10,12.8425,7.64,1000.0,2.2843,0.7643,0.5,0.02,EXECUTE,False,SHADOW
2026-02-24 09:12:17,arbitrum,ETH/USDT,uniswap_v3,curve,1826.426109,1830.59813,22.8425,10,12.8425,7.64,1000.0,2.2843,0.7643,0.5,0.02,EXECUTE,False,SHADOW
2026-02-24 09:13:17,arbitrum,ETH/USDT,uniswap_v3,curve,1827.319945,1830.59813,17.9399,10,7.9399,2.74,1000.0,1.794,0.274,0.5,0.02,EXECUTE,False,SHADOW
2026-02-24 09:14:16,arbitrum,ETH/USDT,uniswap_v3,curve,1827.319945,1830.59813,17.9399,10,7.9399,2.74,1000.0,1.794,0.274,0.5,0.02,EXECUTE,False,SHADOW
2026-02-24 09:15:23,arbitrum,ETH/USDT,uniswap_v3,curve,1827.319945,1830.59813,17.9399,10,7.9399,2.74,1000.0,1.794,0.274,0.5,0.02,EXECUTE,False,SHADOW
2026-02-24 09:16:26,arbitrum,ETH/USDT,uniswap_v3,curve,1826.654436,1830.59813,21.5897,10,11.5897,6.39,1000.0,2.159,0.639,0.5,0.02,EXECUTE,False,SHADOW
2026-02-24 09:17:29,arbitrum,ETH/USDT,uniswap_v3,curve,1826.21901,1830.59813,23.9792,10,13.9792,8.78,1000.0,2.3979,0.8779,0.5,0.02,EXECUTE,False,SHADOW
2026-02-24 09:18:30,arbitrum,ETH/USDT,uniswap_v3,curve,1826.21901,1830.59813,23.9792,10,13.9792,8.78,1000.0,2.3979,0.8779,0.5,0.02,EXECUTE,False,SHADOW
2026-02-24 09:48:19,arbitrum,ETH/USDT,uniswap_v3,curve,1819.847677,1823.416381,19.6099,10,9.6099,4.41,1000.0,1.961,0.441,0.5,0.02,EXECUTE,False,SHADOW
2026-02-24 09:49:19,arbitrum,ETH/USDT,uniswap_v3,curve,1821.147611,1823.416381,12.4579,10,2.4579,-2.74,1000.0,1.2458,-0.2742,0.5,0.02,SKIP,True,SHADOW
2026-02-24 10:35:19,arbitrum,ETH/USDT,uniswap_v3,curve,1824.125393,1826.448712,12.7366,10,2.7366,-2.46,1000.0,1.2737,-0.2463,0.5,0.02,SKIP,True,SHADOW
2026-02-24 10:40:23,arbitrum,ETH/USDT,uniswap_v3,curve,1824.365334,1827.284414,16.0005,10,6.0005,0.8,1000.0,1.6,0.08,0.5,0.02,EXECUTE,False,SHADOW
2026-02-24 10:41:23,arbitrum,ETH/USDT,uniswap_v3,curve,1821.326435,1827.054575,31.4504,10,21.4504,16.25,1000.0,3.145,1.625,0.5,0.02,EXECUTE,False,SHADOW
2026-02-24 10:42:23,arbitrum,ETH/USDT,uniswap_v3,curve,1821.326435,1827.054575,31.4504,10,21.4504,16.25,1000.0,3.145,1.625,0.5,0.02,EXECUTE,False,SHADOW
2026-02-24 10:43:23,arbitrum,ETH/USDT,uniswap_v3,curve,1821.841153,1827.054575,28.6162,10,18.6162,13.42,1000.0,2.8616,1.3416,0.5,0.02,EXECUTE,False,SHADOW
2026-02-24 10:44:23,arbitrum,ETH/USDT,uniswap_v3,curve,1821.841153,1827.054575,28.6162,10,18.6162,13.42,1000.0,2.8616,1.3416,0.5,0.02,EXECUTE,False,SHADOW
2026-02-24 10:45:23,arbitrum,ETH/USDT,uniswap_v3,curve,1821.986114,1826.001066,22.0361,10,12.0361,6.84,1000.0,2.2036,0.6836,0.5,0.02,EXECUTE,False,SHADOW
2026-02-24 10:46:23,arbitrum,ETH/USDT,uniswap_v3,curve,1822.617308,1826.001066,18.5654,10,8.5654,3.37,1000.0,1.8565,0.3365,0.5,0.02,EXECUTE,False,SHADOW
2026-02-24 10:47:23,arbitrum,ETH/USDT,uniswap_v3,curve,1823.046011,1826.001066,16.2094,10,6.2094,1.01,1000.0,1.6209,0.1009,0.5,0.02,EXECUTE,False,SHADOW
2026-02-24 10:48:23,arbitrum,ETH/USDT,uniswap_v3,curve,1823.129194,1826.001066,15.7524,10,5.7524,0.55,1000.0,1.5752,0.0552,0.5,0.02,EXECUTE,False,SHADOW
2026-02-24 10:50:00,arbitrum,ETH/USDT,uniswap_v3,curve,1823.12842,1826.001066,15.7567,10,5.7567,0.56,1000.0,1.5757,0.0557,0.5,0.02,EXECUTE,False,SHADOW
2026-02-24 11:06:00,arbitrum,ETH/USDT,uniswap_v3,curve,1823.940243,1826.160657,12.1737,10,2.1737,-3.03,1000.0,1.2174,-0.3026,0.5,0.02,SKIP,True,SHADOW
2026-02-24 11:07:00,arbitrum,ETH/USDT,uniswap_v3,curve,1822.603163,1826.068364,19.0124,10,9.0124,3.81,1000.0,1.9012,0.3812,0.5,0.02,EXECUTE,False,SHADOW
2026-02-24 11:08:00,arbitrum,ETH/USDT,uniswap_v3,curve,1821.506038,1825.797987,23.5626,10,13.5626,8.36,1000.0,2.3563,0.8363,0.5,0.02,EXECUTE,False,SHADOW
2026-02-24 11:09:00,arbitrum,ETH/USDT,uniswap_v3,curve,1821.506038,1825.797987,23.5626,10,13.5626,8.36,1000.0,2.3563,0.8363,0.5,0.02,EXECUTE,False,SHADOW
2026-02-24 11:10:00,arbitrum,ETH/USDT,uniswap_v3,curve,1821.506038,1825.33204,21.0046,10,11.0046,5.8,1000.0,2.1005,0.5805,0.5,0.02,EXECUTE,False,SHADOW
2026-02-24 11:11:00,arbitrum,ETH/USDT,uniswap_v3,curve,1820.557358,1825.061115,24.7383,10,14.7383,9.54,1000.0,2.4738,0.9538,0.5,0.02,EXECUTE,False,SHADOW
2026-02-24 11:12:00,arbitrum,ETH/USDT,uniswap_v3,curve,1821.112461,1824.976402,21.2175,10,11.2175,6.02,1000.0,2.1218,0.6018,0.5,0.02,EXECUTE,False,SHADOW
2026-02-24 11:13:00,arbitrum,ETH/USDT,uniswap_v3,curve,1820.939026,1824.976402,22.1719,10,12.1719,6.97,1000.0,2.2172,0.6972,0.5,0.02,EXECUTE,False,SHADOW
2026-02-24 11:14:00,arbitrum,ETH/USDT,uniswap_v3,curve,1821.284537,1824.976402,20.2707,10,10.2707,5.07,1000.0,2.0271,0.5071,0.5,0.02,EXECUTE,False,SHADOW
2026-02-24 11:15:00,arbitrum,ETH/USDT,uniswap_v3,curve,1821.426995,1824.976402,19.487,10,9.487,4.29,1000.0,1.9487,0.4287,0.5,0.02,EXECUTE,False,SHADOW
2026-02-24 11:16:00,arbitrum,ETH/USDT,uniswap_v3,curve,1821.426995,1824.976402,19.487,10,9.487,4.29,1000.0,1.9487,0.4287,0.5,0.02,EXECUTE,False,SHADOW
2026-02-24 11:17:00,arbitrum,ETH/USDT,uniswap_v3,curve,1821.427187,1824.976402,19.4859,10,9.4859,4.29,1000.0,1.9486,0.4286,0.5,0.02,EXECUTE,False,SHADOW
2026-02-24 11:18:00,arbitrum,ETH/USDT,uniswap_v3,curve,1821.236183,1824.976402,20.5367,10,10.5367,5.34,1000.0,2.0537,0.5337,0.5,0.02,EXECUTE,False,SHADOW
2026-02-24 11:18:58,arbitrum,ETH/USDT,uniswap_v3,curve,1821.236183,1824.976402,20.5367,10,10.5367,5.34,1000.0,2.0537,0.5337,0.5,0.02,EXECUTE,False,SHADOW
2026-02-24 11:19:58,arbitrum,ETH/USDT,uniswap_v3,curve,1821.182653,1824.976402,20.8312,10,10.8312,5.63,1000.0,2.0831,0.5631,0.5,0.02,EXECUTE,False,SHADOW
2026-02-24 11:20:58,arbitrum,ETH/USDT,uniswap_v3,curve,1821.380976,1824.976402,19.7401,10,9.7401,4.54,1000.0,1.974,0.454,0.5,0.02,EXECUTE,False,SHADOW
2026-02-24 11:21:58,arbitrum,ETH/USDT,uniswap_v3,curve,1821.595431,1824.976402,18.5605,10,8.5605,3.36,1000.0,1.8561,0.3361,0.5,0.02,EXECUTE,False,SHADOW
2026-02-24 11:22:58,arbitrum,ETH/USDT,uniswap_v3,curve,1821.249812,1824.976402,20.4617,10,10.4617,5.26,1000.0,2.0462,0.5262,0.5,0.02,EXECUTE,False,SHADOW
2026-02-24 11:23:58,arbitrum,ETH/USDT,uniswap_v3,curve,1821.16183,1824.976402,20.9458,10,10.9458,5.75,1000.0,2.0946,0.5746,0.5,0.02,EXECUTE,False,SHADOW
2026-02-24 11:24:58,arbitrum,ETH/USDT,uniswap_v3,curve,1820.345054,1824.976402,25.4421,10,15.4421,10.24,1000.0,2.5442,1.0242,0.5,0.02,EXECUTE,False,SHADOW
2026-02-24 11:25:58,arbitrum,ETH/USDT,uniswap_v3,curve,1820.678425,1824.976402,23.6065,10,13.6065,8.41,1000.0,2.3607,0.8407,0.5,0.02,EXECUTE,False,SHADOW
2026-02-24 11:26:58,arbitrum,ETH/USDT,uniswap_v3,curve,1821.205989,1824.976402,20.7028,10,10.7028,5.5,1000.0,2.0703,0.5503,0.5,0.02,EXECUTE,False,SHADOW
2026-02-24 11:27:58,arbitrum,ETH/USDT,uniswap_v3,curve,1822.338331,1824.976402,14.4763,10,4.4763,-0.72,1000.0,1.4476,-0.0724,0.5,0.02,SKIP,True,SHADOW
2026-02-24 11:28:58,arbitrum,ETH/USDT,uniswap_v3,curve,1822.161841,1824.976402,15.4463,10,5.4463,0.25,1000.0,1.5446,0.0246,0.5,0.02,EXECUTE,False,SHADOW
2026-02-24 11:29:58,arbitrum,ETH/USDT,uniswap_v3,curve,1821.858802,1824.976402,17.1122,10,7.1122,1.91,1000.0,1.7112,0.1912,0.5,0.02,EXECUTE,False,SHADOW
2026-02-24 11:30:58,arbitrum,ETH/USDT,uniswap_v3,curve,1821.704972,1824.976402,17.9581,10,7.9581,2.76,1000.0,1.7958,0.2758,0.5,0.02,EXECUTE,False,SHADOW
2026-02-24 11:31:58,arbitrum,ETH/USDT,uniswap_v3,curve,1821.552991,1824.976402,18.7939,10,8.7939,3.59,1000.0,1.8794,0.3594,0.5,0.02,EXECUTE,False,SHADOW
2026-02-24 11:32:58,arbitrum,ETH/USDT,uniswap_v3,curve,1819.365144,1824.976402,30.8418,10,20.8418,15.64,1000.0,3.0842,1.5642,0.5,0.02,EXECUTE,False,SHADOW
2026-02-24 11:33:58,arbitrum,ETH/USDT,uniswap_v3,curve,1819.033943,1820.896014,10.2366,10,0.2366,-4.96,1000.0,1.0237,-0.4963,0.5,0.02,SKIP,True,SHADOW
2026-02-24 12:39:03,arbitrum,ETH/USDT,uniswap_v3,curve,1824.117923,1825.963469,10.1175,10,0.1175,-5.08,1000.0,1.0118,-0.5082,0.5,0.02,SKIP,True,LIVE
2026-02-24 12:40:03,arbitrum,ETH/USDT,uniswap_v3,curve,1823.075949,1825.459953,13.0768,10,3.0768,-2.12,1000.0,1.3077,-0.2123,0.5,0.02,SKIP,True,LIVE
2026-02-24 12:41:03,arbitrum,ETH/USDT,uniswap_v3,curve,1821.914837,1825.459953,19.4582,10,9.4582,4.26,1000.0,1.9458,0.4258,0.5,0.02,EXECUTE,False,LIVE
2026-02-24 12:42:03,arbitrum,ETH/USDT,uniswap_v3,curve,1821.914837,1825.099331,17.4788,10,7.4788,2.28,1000.0,1.7479,0.2279,0.5,0.02,EXECUTE,False,LIVE
2026-02-24 12:43:03,arbitrum,ETH/USDT,uniswap_v3,curve,1821.916554,1824.986089,16.8478,10,6.8478,1.65,1000.0,1.6848,0.1648,0.5,0.02,EXECUTE,False,LIVE
2026-02-24 12:44:04,arbitrum,ETH/USDT,uniswap_v3,curve,1821.912084,1824.986089,16.8724,10,6.8724,1.67,1000.0,1.6872,0.1672,0.5,0.02,EXECUTE,False,LIVE
2026-02-24 12:45:04,arbitrum,ETH/USDT,uniswap_v3,curve,1822.04042,1824.986089,16.1669,10,6.1669,0.97,1000.0,1.6167,0.0967,0.5,0.02,EXECUTE,False,LIVE
2026-02-24 12:46:04,arbitrum,ETH/USDT,uniswap_v3,curve,1823.145205,1824.986089,10.0973,10,0.0973,-5.1,1000.0,1.0097,-0.5103,0.5,0.02,SKIP,True,LIVE
2026-02-24 12:47:04,arbitrum,ETH/USDT,uniswap_v3,curve,1822.093247,1824.986089,15.8765,10,5.8765,0.68,1000.0,1.5877,0.0677,0.5,0.02,EXECUTE,False,LIVE
2026-02-24 12:48:04,arbitrum,ETH/USDT,uniswap_v3,curve,1822.892682,1824.986089,11.484,10,1.484,-3.72,1000.0,1.1484,-0.3716,0.5,0.02,SKIP,True,LIVE
2026-02-24 12:49:04,arbitrum,ETH/USDT,uniswap_v3,curve,1822.892682,1824.986089,11.484,10,1.484,-3.72,1000.0,1.1484,-0.3716,0.5,0.02,SKIP,True,LIVE
2026-02-24 13:07:04,arbitrum,ETH/USDT,uniswap_v3,curve,1822.964925,1825.26864,12.6372,10,2.6372,-2.56,1000.0,1.2637,-0.2563,0.5,0.02,SKIP,True,LIVE
2026-02-24 13:22:05,arbitrum,ETH/USDT,uniswap_v3,curve,1821.048161,1824.308321,17.9027,10,7.9027,2.7,1000.0,1.7903,0.2703,0.5,0.02,EXECUTE,False,LIVE
2026-02-24 13:23:05,arbitrum,ETH/USDT,uniswap_v3,curve,1820.403404,1824.133172,20.4887,10,10.4887,5.29,1000.0,2.0489,0.5289,0.5,0.02,EXECUTE,False,LIVE
2026-02-24 13:24:05,arbitrum,ETH/USDT,uniswap_v3,curve,1819.589014,1824.133172,24.9735,10,14.9735,9.77,1000.0,2.4973,0.9773,0.5,0.02,EXECUTE,False,LIVE
2026-02-24 13:25:05,arbitrum,ETH/USDT,uniswap_v3,curve,1820.194651,1824.133172,21.6379,10,11.6379,6.44,1000.0,2.1638,0.6438,0.5,0.02,EXECUTE,False,LIVE
2026-02-24 13:26:05,arbitrum,ETH/USDT,uniswap_v3,curve,1821.237273,1824.133172,15.9007,10,5.9007,0.7,1000.0,1.5901,0.0701,0.5,0.02,EXECUTE,False,LIVE
2026-02-24 13:27:05,arbitrum,ETH/USDT,uniswap_v3,curve,1820.917759,1824.133172,17.6582,10,7.6582,2.46,1000.0,1.7658,0.2458,0.5,0.02,EXECUTE,False,LIVE
2026-02-24 13:28:05,arbitrum,ETH/USDT,uniswap_v3,curve,1820.917759,1824.133172,17.6582,10,7.6582,2.46,1000.0,1.7658,0.2458,0.5,0.02,EXECUTE,False,LIVE
2026-02-24 13:29:05,arbitrum,ETH/USDT,uniswap_v3,curve,1820.260378,1824.133172,21.276,10,11.276,6.08,1000.0,2.1276,0.6076,0.5,0.02,EXECUTE,False,LIVE
2026-02-24 13:30:05,arbitrum,ETH/USDT,uniswap_v3,curve,1820.260378,1824.133172,21.276,10,11.276,6.08,1000.0,2.1276,0.6076,0.5,0.02,EXECUTE,False,LIVE
2026-02-24 13:31:05,arbitrum,ETH/USDT,uniswap_v3,curve,1821.982832,1824.133172,11.8022,10,1.8022,-3.4,1000.0,1.1802,-0.3398,0.5,0.02,SKIP,True,LIVE
2026-02-24 13:32:05,arbitrum,ETH/USDT,uniswap_v3,curve,1821.982833,1824.133172,11.8022,10,1.8022,-3.4,1000.0,1.1802,-0.3398,0.5,0.02,SKIP,True,LIVE
2026-02-24 13:33:05,arbitrum,ETH/USDT,uniswap_v3,curve,1821.982833,1824.133172,11.8022,10,1.8022,-3.4,1000.0,1.1802,-0.3398,0.5,0.02,SKIP,True,LIVE
2026-02-24 13:34:05,arbitrum,ETH/USDT,uniswap_v3,curve,1811.559979,1821.265542,53.5757,10,43.5757,38.38,1000.0,5.3576,3.8376,0.5,0.02,EXECUTE,False,LIVE
2026-02-24 13:35:05,arbitrum,ETH/USDT,uniswap_v3,curve,1812.267427,1820.8713,47.4757,10,37.4757,32.28,1000.0,4.7476,3.2276,0.5,0.02,EXECUTE,False,LIVE
2026-02-24 13:36:06,arbitrum,ETH/USDT,uniswap_v3,curve,1808.951744,1819.960407,60.8566,10,50.8566,45.66,1000.0,6.0857,4.5657,0.5,0.02,EXECUTE,False,LIVE
2026-02-24 13:37:06,arbitrum,ETH/USDT,uniswap_v3,curve,1810.474366,1819.960407,52.3953,10,42.3953,37.2,1000.0,5.2395,3.7195,0.5,0.02,EXECUTE,False,LIVE
2026-02-24 13:38:06,arbitrum,ETH/USDT,uniswap_v3,curve,1810.446403,1819.100674,47.8019,10,37.8019,32.6,1000.0,4.7802,3.2602,0.5,0.02,EXECUTE,False,LIVE
2026-02-24 13:39:06,arbitrum,ETH/USDT,uniswap_v3,curve,1813.567806,1818.77958,28.7377,10,18.7377,13.54,1000.0,2.8738,1.3538,0.5,0.02,EXECUTE,False,LIVE
2026-02-24 13:40:06,arbitrum,ETH/USDT,uniswap_v3,curve,1815.171409,1818.082342,16.0367,10,6.0367,0.84,1000.0,1.6037,0.0837,0.5,0.02,EXECUTE,False,LIVE
2026-02-24 13:46:06,arbitrum,ETH/USDT,uniswap_v3,curve,1815.88107,1817.911381,11.1809,10,1.1809,-4.02,1000.0,1.1181,-0.4019,0.5,0.02,SKIP,True,LIVE
2026-02-24 13:47:06,arbitrum,ETH/USDT,uniswap_v3,curve,1815.88107,1817.911381,11.1809,10,1.1809,-4.02,1000.0,1.1181,-0.4019,0.5,0.02,SKIP,True,LIVE
2026-02-24 13:51:06,arbitrum,ETH/USDT,uniswap_v3,curve,1814.151932,1818.003688,21.2317,10,11.2317,6.03,1000.0,2.1232,0.6032,0.5,0.02,EXECUTE,False,LIVE
2026-02-24 13:52:06,arbitrum,ETH/USDT,uniswap_v3,curve,1814.151932,1818.003688,21.2317,10,11.2317,6.03,1000.0,2.1232,0.6032,0.5,0.02,EXECUTE,False,LIVE
2026-02-24 14:01:06,arbitrum,ETH/USDT,uniswap_v3,curve,1814.491536,1817.51762,16.6773,10,6.6773,1.48,1000.0,1.6677,0.1477,0.5,0.02,EXECUTE,False,LIVE
2026-02-24 14:02:06,arbitrum,ETH/USDT,uniswap_v3,curve,1814.491536,1817.51762,16.6773,10,6.6773,1.48,1000.0,1.6677,0.1477,0.5,0.02,EXECUTE,False,LIVE
2026-02-24 14:05:07,arbitrum,ETH/USDT,uniswap_v3,curve,1814.489597,1817.3165,15.5796,10,5.5796,0.38,1000.0,1.558,0.038,0.5,0.02,EXECUTE,False,LIVE
2026-02-24 14:06:07,arbitrum,ETH/USDT,uniswap_v3,curve,1814.785296,1816.997927,12.1923,10,2.1923,-3.01,1000.0,1.2192,-0.3008,0.5,0.02,SKIP,True,LIVE
2026-02-24 14:07:07,arbitrum,ETH/USDT,uniswap_v3,curve,1814.785296,1816.997927,12.1923,10,2.1923,-3.01,1000.0,1.2192,-0.3008,0.5,0.02,SKIP,True,LIVE
2026-02-24 14:18:07,arbitrum,ETH/USDT,uniswap_v3,curve,1809.029059,1815.576844,36.195,10,26.195,21.0,1000.0,3.6195,2.0995,0.5,0.02,EXECUTE,False,LIVE
2026-02-24 14:19:11,arbitrum,ETH/USDT,uniswap_v3,curve,1812.815979,1815.047863,12.3117,10,2.3117,-2.89,1000.0,1.2312,-0.2888,0.5,0.02,SKIP,True,LIVE
2026-02-24 14:20:11,arbitrum,ETH/USDT,uniswap_v3,curve,1812.189785,1815.047863,15.7714,10,5.7714,0.57,1000.0,1.5771,0.0571,0.5,0.02,EXECUTE,False,LIVE
2026-02-24 14:33:11,arbitrum,ETH/USDT,uniswap_v3,curve,1809.034923,1814.925499,32.562,10,22.562,17.36,1000.0,3.2562,1.7362,0.5,0.02,EXECUTE,False,LIVE
2026-02-24 14:34:14,arbitrum,ETH/USDT,uniswap_v3,curve,1808.787517,1814.560088,31.914,10,21.914,16.71,1000.0,3.1914,1.6714,0.5,0.02,EXECUTE,False,LIVE
2026-02-24 14:35:17,arbitrum,ETH/USDT,uniswap_v3,curve,1807.640463,1814.124911,35.8724,10,25.8724,20.67,1000.0,3.5872,2.0672,0.5,0.02,EXECUTE,False,LIVE
2026-02-24 14:38:17,arbitrum,ETH/USDT,uniswap_v3,curve,1808.388849,1813.237454,26.8117,10,16.8117,11.61,1000.0,2.6812,1.1612,0.5,0.02,EXECUTE,False,LIVE
2026-02-24 16:25:18,arbitrum,ETH/USDT,uniswap_v3,curve,1851.602317,1853.481305,10.1479,10,0.1479,-5.05,1000.0,1.0148,-0.5052,0.5,0.02,SKIP,True,LIVE
2026-02-24 16:29:18,arbitrum,ETH/USDT,uniswap_v3,curve,1847.18766,1852.936875,31.1242,10,21.1242,15.92,1000.0,3.1124,1.5924,0.5,0.02,EXECUTE,False,LIVE
2026-02-24 16:30:18,arbitrum,ETH/USDT,uniswap_v3,curve,1850.140626,1852.575402,13.16,10,3.16,-2.04,1000.0,1.316,-0.204,0.5,0.02,SKIP,True,LIVE
2026-02-24 16:31:18,arbitrum,ETH/USDT,uniswap_v3,curve,1847.240258,1852.40707,27.9704,10,17.9704,12.77,1000.0,2.797,1.277,0.5,0.02,EXECUTE,False,LIVE
2026-02-24 16:32:18,arbitrum,ETH/USDT,uniswap_v3,curve,1842.263102,1851.865901,52.125,10,42.125,36.92,1000.0,5.2125,3.6925,0.5,0.02,EXECUTE,False,LIVE
2026-02-24 16:33:18,arbitrum,ETH/USDT,uniswap_v3,curve,1842.263102,1851.865901,52.125,10,42.125,36.92,1000.0,5.2125,3.6925,0.5,0.02,EXECUTE,False,LIVE
2026-02-24 16:34:18,arbitrum,ETH/USDT,uniswap_v3,curve,1842.780277,1851.713419,48.4764,10,38.4764,33.28,1000.0,4.8476,3.3276,0.5,0.02,EXECUTE,False,LIVE
2026-02-24 16:35:18,arbitrum,ETH/USDT,uniswap_v3,curve,1842.884417,1851.713419,47.9086,10,37.9086,32.71,1000.0,4.7909,3.2709,0.5,0.02,EXECUTE,False,LIVE
2026-02-24 16:36:18,arbitrum,ETH/USDT,uniswap_v3,curve,1842.785892,1849.579751,36.8673,10,26.8673,21.67,1000.0,3.6867,2.1667,0.5,0.02,EXECUTE,False,LIVE
2026-02-24 16:37:18,arbitrum,ETH/USDT,uniswap_v3,curve,1841.062191,1849.338587,44.9545,10,34.9545,29.75,1000.0,4.4955,2.9755,0.5,0.02,EXECUTE,False,LIVE
2026-02-24 16:38:18,arbitrum,ETH/USDT,uniswap_v3,curve,1841.062191,1849.338587,44.9545,10,34.9545,29.75,1000.0,4.4955,2.9755,0.5,0.02,EXECUTE,False,LIVE
2026-02-24 16:39:18,arbitrum,ETH/USDT,uniswap_v3,curve,1844.346812,1848.317132,21.527,10,11.527,6.33,1000.0,2.1527,0.6327,0.5,0.02,EXECUTE,False,LIVE
2026-02-24 16:40:18,arbitrum,ETH/USDT,uniswap_v3,curve,1844.884354,1847.696326,15.242,10,5.242,0.04,1000.0,1.5242,0.0042,0.5,0.02,EXECUTE,False,LIVE
2026-02-24 16:51:18,arbitrum,ETH/USDT,uniswap_v3,curve,1847.028226,1849.241524,11.983,10,1.983,-3.22,1000.0,1.1983,-0.3217,0.5,0.02,SKIP,True,LIVE
2026-02-24 16:52:18,arbitrum,ETH/USDT,uniswap_v3,curve,1847.048958,1848.946732,10.2746,10,0.2746,-4.93,1000.0,1.0275,-0.4925,0.5,0.02,SKIP,True,LIVE
2026-02-24 16:53:18,arbitrum,ETH/USDT,uniswap_v3,curve,1847.048958,1848.946732,10.2746,10,0.2746,-4.93,1000.0,1.0275,-0.4925,0.5,0.02,SKIP,True,LIVE
2026-02-24 16:54:18,arbitrum,ETH/USDT,uniswap_v3,curve,1845.585572,1848.819384,17.5219,10,7.5219,2.32,1000.0,1.7522,0.2322,0.5,0.02,EXECUTE,False,LIVE
2026-02-24 16:55:18,arbitrum,ETH/USDT,uniswap_v3,curve,1846.062689,1848.819384,14.9328,10,4.9328,-0.27,1000.0,1.4933,-0.0267,0.5,0.02,SKIP,True,LIVE
2026-02-24 17:29:19,arbitrum,ETH/USDT,uniswap_v3,curve,1856.542985,1859.642976,16.6977,10,6.6977,1.5,1000.0,1.6698,0.1498,0.5,0.02,EXECUTE,False,LIVE
2026-02-24 17:30:19,arbitrum,ETH/USDT,uniswap_v3,curve,1856.542985,1859.642976,16.6977,10,6.6977,1.5,1000.0,1.6698,0.1498,0.5,0.02,EXECUTE,False,LIVE
2026-02-24 17:31:19,arbitrum,ETH/USDT,uniswap_v3,curve,1856.388245,1859.55078,17.036,10,7.036,1.84,1000.0,1.7036,0.1836,0.5,0.02,EXECUTE,False,LIVE
2026-02-24 17:33:19,arbitrum,ETH/USDT,uniswap_v3,curve,1856.730782,1859.059181,12.5403,10,2.5403,-2.66,1000.0,1.254,-0.266,0.5,0.02,SKIP,True,LIVE
2026-02-24 17:34:19,arbitrum,ETH/USDT,uniswap_v3,curve,1856.591709,1859.059181,13.2903,10,3.2903,-1.91,1000.0,1.329,-0.191,0.5,0.02,SKIP,True,LIVE
2026-02-24 17:35:19,arbitrum,ETH/USDT,uniswap_v3,curve,1856.591709,1859.059181,13.2903,10,3.2903,-1.91,1000.0,1.329,-0.191,0.5,0.02,SKIP,True,LIVE
2026-02-24 17:36:19,arbitrum,ETH/USDT,uniswap_v3,curve,1856.441462,1858.646239,11.8764,10,1.8764,-3.32,1000.0,1.1876,-0.3324,0.5,0.02,SKIP,True,LIVE
2026-02-24 17:37:19,arbitrum,ETH/USDT,uniswap_v3,curve,1855.078203,1858.403246,17.924,10,7.924,2.72,1000.0,1.7924,0.2724,0.5,0.02,EXECUTE,False,LIVE
2026-02-24 17:38:19,arbitrum,ETH/USDT,uniswap_v3,curve,1855.187481,1858.174307,16.0999,10,6.0999,0.9,1000.0,1.61,0.09,0.5,0.02,EXECUTE,False,LIVE
2026-02-24 17:44:19,arbitrum,ETH/USDT,uniswap_v3,curve,1853.989527,1857.496967,18.9183,10,8.9183,3.72,1000.0,1.8918,0.3718,0.5,0.02,EXECUTE,False,LIVE
2026-02-24 17:45:19,arbitrum,ETH/USDT,uniswap_v3,curve,1853.989527,1857.496967,18.9183,10,8.9183,3.72,1000.0,1.8918,0.3718,0.5,0.02,EXECUTE,False,LIVE
2026-02-24 17:46:19,arbitrum,ETH/USDT,uniswap_v3,curve,1853.565394,1857.229792,19.7695,10,9.7695,4.57,1000.0,1.9769,0.4569,0.5,0.02,EXECUTE,False,LIVE
2026-02-24 17:47:19,arbitrum,ETH/USDT,uniswap_v3,curve,1853.65212,1856.954539,17.8157,10,7.8157,2.62,1000.0,1.7816,0.2616,0.5,0.02,EXECUTE,False,LIVE
2026-02-24 17:48:19,arbitrum,ETH/USDT,uniswap_v3,curve,1853.434198,1856.616147,17.1679,10,7.1679,1.97,1000.0,1.7168,0.1968,0.5,0.02,EXECUTE,False,LIVE
2026-02-24 17:49:19,arbitrum,ETH/USDT,uniswap_v3,curve,1853.568573,1856.475712,15.684,10,5.684,0.48,1000.0,1.5684,0.0484,0.5,0.02,EXECUTE,False,LIVE
2026-02-24 17:50:19,arbitrum,ETH/USDT,uniswap_v3,curve,1853.568573,1856.475712,15.684,10,5.684,0.48,1000.0,1.5684,0.0484,0.5,0.02,EXECUTE,False,LIVE
2026-02-24 17:51:19,arbitrum,ETH/USDT,uniswap_v3,curve,1851.346033,1856.030771,25.3045,10,15.3045,10.1,1000.0,2.5305,1.0105,0.5,0.02,EXECUTE,False,LIVE
2026-02-24 17:52:19,arbitrum,ETH/USDT,uniswap_v3,curve,1852.156416,1855.687708,19.0658,10,9.0658,3.87,1000.0,1.9066,0.3866,0.5,0.02,EXECUTE,False,LIVE
2026-02-24 17:53:19,arbitrum,ETH/USDT,uniswap_v3,curve,1850.568648,1855.319663,25.6733,10,15.6733,10.47,1000.0,2.5673,1.0473,0.5,0.02,EXECUTE,False,LIVE
2026-02-24 17:54:19,arbitrum,ETH/USDT,uniswap_v3,curve,1851.087542,1855.250646,22.49,10,12.49,7.29,1000.0,2.249,0.729,0.5,0.02,EXECUTE,False,LIVE
2026-02-24 17:55:19,arbitrum,ETH/USDT,uniswap_v3,curve,1851.428763,1855.250646,20.6429,10,10.6429,5.44,1000.0,2.0643,0.5443,0.5,0.02,EXECUTE,False,LIVE
2026-02-24 17:56:19,arbitrum,ETH/USDT,uniswap_v3,curve,1851.428763,1854.536692,16.7867,10,6.7867,1.59,1000.0,1.6787,0.1587,0.5,0.02,EXECUTE,False,LIVE
2026-02-24 17:57:19,arbitrum,ETH/USDT,uniswap_v3,curve,1851.428763,1854.536692,16.7867,10,6.7867,1.59,1000.0,1.6787,0.1587,0.5,0.02,EXECUTE,False,LIVE
2026-02-24 18:07:19,arbitrum,ETH/USDT,uniswap_v3,curve,1852.576748,1855.034821,13.2684,10,3.2684,-1.93,1000.0,1.3268,-0.1932,0.5,0.02,SKIP,True,LIVE
2026-02-24 18:08:19,arbitrum,ETH/USDT,uniswap_v3,curve,1851.489268,1855.034821,19.1497,10,9.1497,3.95,1000.0,1.915,0.395,0.5,0.02,EXECUTE,False,LIVE
2026-02-24 18:09:19,arbitrum,ETH/USDT,uniswap_v3,curve,1851.352154,1854.663532,17.8863,10,7.8863,2.69,1000.0,1.7886,0.2686,0.5,0.02,EXECUTE,False,LIVE
2026-02-24 18:10:19,arbitrum,ETH/USDT,uniswap_v3,curve,1850.7316,1854.297319,19.2665,10,9.2665,4.07,1000.0,1.9266,0.4066,0.5,0.02,EXECUTE,False,LIVE
2026-02-24 18:11:19,arbitrum,ETH/USDT,uniswap_v3,curve,1850.7316,1854.297319,19.2665,10,9.2665,4.07,1000.0,1.9266,0.4066,0.5,0.02,EXECUTE,False,LIVE
2026-02-24 18:12:19,arbitrum,ETH/USDT,uniswap_v3,curve,1850.727239,1853.987039,17.6136,10,7.6136,2.41,1000.0,1.7614,0.2414,0.5,0.02,EXECUTE,False,LIVE
2026-02-24 18:13:19,arbitrum,ETH/USDT,uniswap_v3,curve,1851.093689,1853.657437,13.8499,10,3.8499,-1.35,1000.0,1.385,-0.135,0.5,0.02,SKIP,True,LIVE
2026-02-24 18:14:19,arbitrum,ETH/USDT,uniswap_v3,curve,1848.165343,1853.309645,27.8346,10,17.8346,12.63,1000.0,2.7835,1.2635,0.5,0.02,EXECUTE,False,LIVE
2026-02-24 18:15:19,arbitrum,ETH/USDT,uniswap_v3,curve,1846.193418,1853.126682,37.5544,10,27.5544,22.35,1000.0,3.7554,2.2354,0.5,0.02,EXECUTE,False,LIVE
2026-02-24 18:16:19,arbitrum,ETH/USDT,uniswap_v3,curve,1846.193418,1853.126682,37.5544,10,27.5544,22.35,1000.0,3.7554,2.2354,0.5,0.02,EXECUTE,False,LIVE
2026-02-24 18:17:19,arbitrum,ETH/USDT,uniswap_v3,curve,1846.548639,1853.126682,35.6234,10,25.6234,20.42,1000.0,3.5623,2.0423,0.5,0.02,EXECUTE,False,LIVE
2026-02-24 18:18:19,arbitrum,ETH/USDT,uniswap_v3,curve,1847.437992,1852.015974,24.7802,10,14.7802,9.58,1000.0,2.478,0.958,0.5,0.02,EXECUTE,False,LIVE
2026-02-24 18:19:19,arbitrum,ETH/USDT,uniswap_v3,curve,1849.325204,1851.598385,12.2919,10,2.2919,-2.91,1000.0,1.2292,-0.2908,0.5,0.02,SKIP,True,LIVE
2026-02-24 19:11:20,arbitrum,ETH/USDT,uniswap_v3,curve,1854.360918,1856.941232,13.9148,10,3.9148,-1.29,1000.0,1.3915,-0.1285,0.5,0.02,SKIP,True,LIVE
2026-02-24 19:12:20,arbitrum,ETH/USDT,uniswap_v3,curve,1853.24979,1856.941232,19.9187,10,9.9187,4.72,1000.0,1.9919,0.4719,0.5,0.02,EXECUTE,False,LIVE
2026-02-24 19:13:20,arbitrum,ETH/USDT,uniswap_v3,curve,1852.386714,1856.337797,21.3297,10,11.3297,6.13,1000.0,2.133,0.613,0.5,0.02,EXECUTE,False,LIVE
2026-02-24 19:14:20,arbitrum,ETH/USDT,uniswap_v3,curve,1852.167888,1856.337797,22.5137,10,12.5137,7.31,1000.0,2.2514,0.7314,0.5,0.02,EXECUTE,False,LIVE
2026-02-24 19:15:20,arbitrum,ETH/USDT,uniswap_v3,curve,1850.248929,1856.050569,31.356,10,21.356,16.16,1000.0,3.1356,1.6156,0.5,0.02,EXECUTE,False,LIVE
2026-02-24 19:16:20,arbitrum,ETH/USDT,uniswap_v3,curve,1849.468272,1855.44622,32.3225,10,22.3225,17.12,1000.0,3.2323,1.7123,0.5,0.02,EXECUTE,False,LIVE
2026-02-24 19:17:20,arbitrum,ETH/USDT,uniswap_v3,curve,1849.063198,1854.945389,31.8117,10,21.8117,16.61,1000.0,3.1812,1.6612,0.5,0.02,EXECUTE,False,LIVE
2026-02-24 19:18:20,arbitrum,ETH/USDT,uniswap_v3,curve,1849.25014,1854.925084,30.6878,10,20.6878,15.49,1000.0,3.0688,1.5488,0.5,0.02,EXECUTE,False,LIVE
2026-02-24 19:19:20,arbitrum,ETH/USDT,uniswap_v3,curve,1849.275016,1854.413676,27.7874,10,17.7874,12.59,1000.0,2.7787,1.2587,0.5,0.02,EXECUTE,False,LIVE
2026-02-24 19:20:20,arbitrum,ETH/USDT,uniswap_v3,curve,1848.159475,1854.192759,32.6448,10,22.6448,17.44,1000.0,3.2645,1.7445,0.5,0.02,EXECUTE,False,LIVE
2026-02-24 19:21:20,arbitrum,ETH/USDT,uniswap_v3,curve,1848.764252,1853.838655,27.4475,10,17.4475,12.25,1000.0,2.7448,1.2248,0.5,0.02,EXECUTE,False,LIVE
2026-02-24 19:22:20,arbitrum,ETH/USDT,uniswap_v3,curve,1850.067193,1853.221694,17.0507,10,7.0507,1.85,1000.0,1.7051,0.1851,0.5,0.02,EXECUTE,False,LIVE
2026-02-24 19:23:20,arbitrum,ETH/USDT,uniswap_v3,curve,1850.864947,1853.221694,12.7332,10,2.7332,-2.47,1000.0,1.2733,-0.2467,0.5,0.02,SKIP,True,LIVE
2026-02-24 19:24:20,arbitrum,ETH/USDT,uniswap_v3,curve,1850.864947,1853.221694,12.7332,10,2.7332,-2.47,1000.0,1.2733,-0.2467,0.5,0.02,SKIP,True,LIVE
2026-02-24 19:30:20,arbitrum,ETH/USDT,uniswap_v3,curve,1850.25857,1852.529699,12.2747,10,2.2747,-2.93,1000.0,1.2275,-0.2925,0.5,0.02,SKIP,True,LIVE
2026-02-24 19:31:20,arbitrum,ETH/USDT,uniswap_v3,curve,1850.195004,1852.451396,12.1954,10,2.1954,-3.0,1000.0,1.2195,-0.3005,0.5,0.02,SKIP,True,LIVE
2026-02-24 19:32:20,arbitrum,ETH/USDT,uniswap_v3,curve,1849.749998,1852.451396,14.6041,10,4.6041,-0.6,1000.0,1.4604,-0.0596,0.5,0.02,SKIP,True,LIVE
2026-02-24 19:33:20,arbitrum,ETH/USDT,uniswap_v3,curve,1849.749998,1852.451396,14.6041,10,4.6041,-0.6,1000.0,1.4604,-0.0596,0.5,0.02,SKIP,True,LIVE
2026-02-24 20:09:20,arbitrum,ETH/USDT,uniswap_v3,curve,1850.555739,1852.984549,13.1248,10,3.1248,-2.08,1000.0,1.3125,-0.2075,0.5,0.02,SKIP,True,LIVE
2026-02-24 20:10:20,arbitrum,ETH/USDT,uniswap_v3,curve,1850.555739,1852.984549,13.1248,10,3.1248,-2.08,1000.0,1.3125,-0.2075,0.5,0.02,SKIP,True,LIVE
2026-02-24 20:11:20,arbitrum,ETH/USDT,uniswap_v3,curve,1850.320865,1852.819648,13.5046,10,3.5046,-1.7,1000.0,1.3505,-0.1695,0.5,0.02,SKIP,True,LIVE
2026-02-24 20:12:20,arbitrum,ETH/USDT,uniswap_v3,curve,1850.321203,1852.819648,13.5028,10,3.5028,-1.7,1000.0,1.3503,-0.1697,0.5,0.02,SKIP,True,LIVE
2026-02-24 20:13:20,arbitrum,ETH/USDT,uniswap_v3,curve,1850.471058,1852.445638,10.6707,10,0.6707,-4.53,1000.0,1.0671,-0.4529,0.5,0.02,SKIP,True,LIVE
2026-02-24 21:02:21,arbitrum,ETH/USDT,uniswap_v3,curve,1852.697867,1858.006173,28.6518,10,18.6518,13.45,1000.0,2.8652,1.3452,0.5,0.02,EXECUTE,False,LIVE
2026-02-24 21:03:21,arbitrum,ETH/USDT,uniswap_v3,curve,1851.941182,1857.683849,31.0089,10,21.0089,15.81,1000.0,3.1009,1.5809,0.5,0.02,EXECUTE,False,LIVE
2026-02-24 21:04:21,arbitrum,ETH/USDT,uniswap_v3,curve,1851.865619,1857.683849,31.4182,10,21.4182,16.22,1000.0,3.1418,1.6218,0.5,0.02,EXECUTE,False,LIVE
2026-02-24 21:05:21,arbitrum,ETH/USDT,uniswap_v3,curve,1850.606474,1856.560576,32.1738,10,22.1738,16.97,1000.0,3.2174,1.6974,0.5,0.02,EXECUTE,False,LIVE
2026-02-24 21:06:21,arbitrum,ETH/USDT,uniswap_v3,curve,1851.025165,1856.560576,29.9046,10,19.9046,14.7,1000.0,2.9905,1.4705,0.5,0.02,EXECUTE,False,LIVE
2026-02-24 21:07:21,arbitrum,ETH/USDT,uniswap_v3,curve,1851.025165,1856.560576,29.9046,10,19.9046,14.7,1000.0,2.9905,1.4705,0.5,0.02,EXECUTE,False,LIVE
2026-02-24 21:08:21,arbitrum,ETH/USDT,uniswap_v3,curve,1851.014027,1856.560576,29.9649,10,19.9649,14.76,1000.0,2.9965,1.4765,0.5,0.02,EXECUTE,False,LIVE
2026-02-24 21:09:21,arbitrum,ETH/USDT,uniswap_v3,curve,1851.632436,1856.560576,26.6151,10,16.6151,11.42,1000.0,2.6615,1.1415,0.5,0.02,EXECUTE,False,LIVE
2026-02-24 21:10:21,arbitrum,ETH/USDT,uniswap_v3,curve,1851.805325,1855.395833,19.3892,10,9.3892,4.19,1000.0,1.9389,0.4189,0.5,0.02,EXECUTE,False,LIVE
2026-02-24 21:11:21,arbitrum,ETH/USDT,uniswap_v3,curve,1851.931294,1854.961707,16.3635,10,6.3635,1.16,1000.0,1.6363,0.1163,0.5,0.02,EXECUTE,False,LIVE
2026-02-24 21:12:21,arbitrum,ETH/USDT,uniswap_v3,curve,1851.931294,1854.961707,16.3635,10,6.3635,1.16,1000.0,1.6363,0.1163,0.5,0.02,EXECUTE,False,LIVE
2026-02-24 21:13:21,arbitrum,ETH/USDT,uniswap_v3,curve,1852.441898,1854.961707,13.6026,10,3.6026,-1.6,1000.0,1.3603,-0.1597,0.5,0.02,SKIP,True,LIVE
2026-02-24 21:16:21,arbitrum,ETH/USDT,uniswap_v3,curve,1852.069014,1854.804719,14.7711,10,4.7711,-0.43,1000.0,1.4771,-0.0429,0.5,0.02,SKIP,True,LIVE
2026-02-24 21:17:21,arbitrum,ETH/USDT,uniswap_v3,curve,1852.069014,1854.804719,14.7711,10,4.7711,-0.43,1000.0,1.4771,-0.0429,0.5,0.02,SKIP,True,LIVE
2026-02-24 21:18:21,arbitrum,ETH/USDT,uniswap_v3,curve,1849.212554,1854.416664,28.1423,10,18.1423,12.94,1000.0,2.8142,1.2942,0.5,0.02,EXECUTE,False,LIVE
2026-02-24 21:19:21,arbitrum,ETH/USDT,uniswap_v3,curve,1846.156518,1853.979962,42.3769,10,32.3769,27.18,1000.0,4.2377,2.7177,0.5,0.02,EXECUTE,False,LIVE
2026-02-24 21:20:21,arbitrum,ETH/USDT,uniswap_v3,curve,1848.240911,1853.979962,31.0514,10,21.0514,15.85,1000.0,3.1051,1.5851,0.5,0.02,EXECUTE,False,LIVE
2026-02-24 21:21:21,arbitrum,ETH/USDT,uniswap_v3,curve,1848.814523,1852.980343,22.5324,10,12.5324,7.33,1000.0,2.2532,0.7332,0.5,0.02,EXECUTE,False,LIVE
2026-02-24 21:22:21,arbitrum,ETH/USDT,uniswap_v3,curve,1848.814523,1852.980343,22.5324,10,12.5324,7.33,1000.0,2.2532,0.7332,0.5,0.02,EXECUTE,False,LIVE
2026-02-24 21:23:21,arbitrum,ETH/USDT,uniswap_v3,curve,1849.048454,1852.980343,21.2644,10,11.2644,6.06,1000.0,2.1264,0.6064,0.5,0.02,EXECUTE,False,LIVE
2026-02-24 21:24:21,arbitrum,ETH/USDT,uniswap_v3,curve,1849.038607,1852.980343,21.3178,10,11.3178,6.12,1000.0,2.1318,0.6118,0.5,0.02,EXECUTE,False,LIVE
2026-02-24 21:25:21,arbitrum,ETH/USDT,uniswap_v3,curve,1850.260422,1852.22766,10.6322,10,0.6322,-4.57,1000.0,1.0632,-0.4568,0.5,0.02,SKIP,True,LIVE
2026-02-24 21:30:21,arbitrum,ETH/USDT,uniswap_v3,curve,1847.498153,1851.578696,22.0869,10,12.0869,6.89,1000.0,2.2087,0.6887,0.5,0.02,EXECUTE,False,LIVE
2026-02-24 21:31:21,arbitrum,ETH/USDT,uniswap_v3,curve,1847.499077,1851.486289,21.5817,10,11.5817,6.38,1000.0,2.1582,0.6382,0.5,0.02,EXECUTE,False,LIVE
2026-02-24 21:32:21,arbitrum,ETH/USDT,uniswap_v3,curve,1848.043935,1851.486289,18.627,10,8.627,3.43,1000.0,1.8627,0.3427,0.5,0.02,EXECUTE,False,LIVE
2026-02-24 21:33:21,arbitrum,ETH/USDT,uniswap_v3,curve,1848.043935,1851.486289,18.627,10,8.627,3.43,1000.0,1.8627,0.3427,0.5,0.02,EXECUTE,False,LIVE
2026-02-24 21:34:21,arbitrum,ETH/USDT,uniswap_v3,curve,1848.120433,1850.749916,14.2279,10,4.2279,-0.97,1000.0,1.4228,-0.0972,0.5,0.02,SKIP,True,LIVE
2026-02-24 21:35:21,arbitrum,ETH/USDT,uniswap_v3,curve,1847.372509,1850.749916,18.2822,10,8.2822,3.08,1000.0,1.8282,0.3082,0.5,0.02,EXECUTE,False,LIVE
2026-02-24 23:05:56,arbitrum,ETH/USDT,uniswap_v3,curve,1854.288641,1858.294283,21.602,10,11.602,6.4,1000.0,2.1602,0.6402,0.5,0.02,EXECUTE,False,LIVE
2026-02-24 23:06:56,arbitrum,ETH/USDT,uniswap_v3,curve,1852.895175,1858.222287,28.7502,10,18.7502,13.55,1000.0,2.875,1.355,0.5,0.02,EXECUTE,False,LIVE
2026-02-24 23:07:56,arbitrum,ETH/USDT,uniswap_v3,curve,1852.895175,1857.96223,27.3467,10,17.3467,12.15,1000.0,2.7347,1.2147,0.5,0.02,EXECUTE,False,LIVE
2026-02-24 23:08:56,arbitrum,ETH/USDT,uniswap_v3,curve,1852.954542,1857.560809,24.859,10,14.859,9.66,1000.0,2.4859,0.9659,0.5,0.02,EXECUTE,False,LIVE
2026-02-24 23:09:56,arbitrum,ETH/USDT,uniswap_v3,curve,1853.43666,1857.560809,22.2514,10,12.2514,7.05,1000.0,2.2251,0.7051,0.5,0.02,EXECUTE,False,LIVE
2026-02-24 23:10:56,arbitrum,ETH/USDT,uniswap_v3,curve,1853.43666,1857.560809,22.2514,10,12.2514,7.05,1000.0,2.2251,0.7051,0.5,0.02,EXECUTE,False,LIVE
2026-02-24 23:12:17,arbitrum,ETH/USDT,uniswap_v3,curve,1853.622323,1857.560809,21.2475,10,11.2475,6.05,1000.0,2.1247,0.6047,0.5,0.02,EXECUTE,False,LIVE
2026-02-24 23:13:17,arbitrum,ETH/USDT,uniswap_v3,curve,1854.180178,1856.402105,11.9833,10,1.9833,-3.22,1000.0,1.1983,-0.3217,0.5,0.02,SKIP,True,LIVE
2026-02-24 23:14:17,arbitrum,ETH/USDT,uniswap_v3,curve,1854.180178,1856.402105,11.9833,10,1.9833,-3.22,1000.0,1.1983,-0.3217,0.5,0.02,SKIP,True,LIVE
2026-02-24 23:47:23,arbitrum,ETH/USDT,uniswap_v3,curve,1854.925234,1857.807289,15.5373,10,5.5373,0.34,1000.0,1.5537,0.0337,0.5,0.02,EXECUTE,False,LIVE
2026-02-24 23:48:23,arbitrum,ETH/USDT,uniswap_v3,curve,1854.925234,1857.807289,15.5373,10,5.5373,0.34,1000.0,1.5537,0.0337,0.5,0.02,EXECUTE,False,LIVE
2026-02-24 23:49:23,arbitrum,ETH/USDT,uniswap_v3,curve,1854.399735,1857.559592,17.0398,10,7.0398,1.84,1000.0,1.704,0.184,0.5,0.02,EXECUTE,False,LIVE
2026-02-24 23:50:23,arbitrum,ETH/USDT,uniswap_v3,curve,1853.679452,1857.356532,19.8367,10,9.8367,4.64,1000.0,1.9837,0.4637,0.5,0.02,EXECUTE,False,LIVE
2026-02-24 23:51:23,arbitrum,ETH/USDT,uniswap_v3,curve,1853.692578,1857.096908,18.3651,10,8.3651,3.17,1000.0,1.8365,0.3165,0.5,0.02,EXECUTE,False,LIVE
2026-02-24 23:52:24,arbitrum,ETH/USDT,uniswap_v3,curve,1853.692578,1857.096908,18.3651,10,8.3651,3.17,1000.0,1.8365,0.3165,0.5,0.02,EXECUTE,False,LIVE
2026-02-24 23:53:24,arbitrum,ETH/USDT,uniswap_v3,curve,1853.692578,1857.096908,18.3651,10,8.3651,3.17,1000.0,1.8365,0.3165,0.5,0.02,EXECUTE,False,LIVE
2026-02-24 23:54:24,arbitrum,ETH/USDT,uniswap_v3,curve,1852.923321,1856.498221,19.2933,10,9.2933,4.09,1000.0,1.9293,0.4093,0.5,0.02,EXECUTE,False,LIVE
2026-02-24 23:55:24,arbitrum,ETH/USDT,uniswap_v3,curve,1852.923321,1856.498221,19.2933,10,9.2933,4.09,1000.0,1.9293,0.4093,0.5,0.02,EXECUTE,False,LIVE
2026-02-24 23:56:24,arbitrum,ETH/USDT,uniswap_v3,curve,1852.639225,1855.815471,17.1444,10,7.1444,1.94,1000.0,1.7144,0.1944,0.5,0.02,EXECUTE,False,LIVE
2026-02-24 23:57:25,arbitrum,ETH/USDT,uniswap_v3,curve,1852.639225,1855.815471,17.1444,10,7.1444,1.94,1000.0,1.7144,0.1944,0.5,0.02,EXECUTE,False,LIVE
2026-02-24 23:58:25,arbitrum,ETH/USDT,uniswap_v3,curve,1852.639225,1855.815471,17.1444,10,7.1444,1.94,1000.0,1.7144,0.1944,0.5,0.02,EXECUTE,False,LIVE
2026-02-24 23:59:25,arbitrum,ETH/USDT,uniswap_v3,curve,1852.639225,1855.815471,17.1444,10,7.1444,1.94,1000.0,1.7144,0.1944,0.5,0.02,EXECUTE,False,LIVE
2026-02-25 00:00:25,arbitrum,ETH/USDT,uniswap_v3,curve,1852.373211,1854.950217,13.9119,10,3.9119,-1.29,1000.0,1.3912,-0.1288,0.5,0.02,SKIP,True,LIVE
2026-02-25 00:02:01,arbitrum,ETH/USDT,uniswap_v3,curve,1851.694185,1854.580771,15.5889,10,5.5889,0.39,1000.0,1.5589,0.0389,0.5,0.02,EXECUTE,False,LIVE
2026-02-25 00:03:01,arbitrum,ETH/USDT,uniswap_v3,curve,1850.401334,1854.331817,21.2412,10,11.2412,6.04,1000.0,2.1241,0.6041,0.5,0.02,EXECUTE,False,LIVE
2026-02-25 00:04:01,arbitrum,ETH/USDT,uniswap_v3,curve,1850.706496,1854.188452,18.8142,10,8.8142,3.61,1000.0,1.8814,0.3614,0.5,0.02,EXECUTE,False,LIVE
2026-02-25 00:05:01,arbitrum,ETH/USDT,uniswap_v3,curve,1850.706496,1854.188452,18.8142,10,8.8142,3.61,1000.0,1.8814,0.3614,0.5,0.02,EXECUTE,False,LIVE
2026-02-25 00:06:01,arbitrum,ETH/USDT,uniswap_v3,curve,1850.706496,1854.188452,18.8142,10,8.8142,3.61,1000.0,1.8814,0.3614,0.5,0.02,EXECUTE,False,LIVE
2026-02-25 00:07:01,arbitrum,ETH/USDT,uniswap_v3,curve,1850.408828,1853.677448,17.6643,10,7.6643,2.46,1000.0,1.7664,0.2464,0.5,0.02,EXECUTE,False,LIVE
2026-02-25 00:08:01,arbitrum,ETH/USDT,uniswap_v3,curve,1850.408829,1853.677448,17.6643,10,7.6643,2.46,1000.0,1.7664,0.2464,0.5,0.02,EXECUTE,False,LIVE
2026-02-25 00:09:01,arbitrum,ETH/USDT,uniswap_v3,curve,1850.40883,1853.677448,17.6643,10,7.6643,2.46,1000.0,1.7664,0.2464,0.5,0.02,EXECUTE,False,LIVE
2026-02-25 00:10:01,arbitrum,ETH/USDT,uniswap_v3,curve,1850.40883,1853.677448,17.6643,10,7.6643,2.46,1000.0,1.7664,0.2464,0.5,0.02,EXECUTE,False,LIVE
2026-02-25 00:11:01,arbitrum,ETH/USDT,uniswap_v3,curve,1849.458676,1853.677448,22.8109,10,12.8109,7.61,1000.0,2.2811,0.7611,0.5,0.02,EXECUTE,False,LIVE
2026-02-25 00:12:01,arbitrum,ETH/USDT,uniswap_v3,curve,1849.461317,1853.677448,22.7965,10,12.7965,7.6,1000.0,2.2797,0.7597,0.5,0.02,EXECUTE,False,LIVE
2026-02-25 00:13:01,arbitrum,ETH/USDT,uniswap_v3,curve,1849.461319,1853.677448,22.7965,10,12.7965,7.6,1000.0,2.2797,0.7597,0.5,0.02,EXECUTE,False,LIVE
2026-02-25 00:14:01,arbitrum,ETH/USDT,uniswap_v3,curve,1849.461321,1853.677448,22.7965,10,12.7965,7.6,1000.0,2.2797,0.7597,0.5,0.02,EXECUTE,False,LIVE
2026-02-25 00:15:01,arbitrum,ETH/USDT,uniswap_v3,curve,1849.461321,1853.677448,22.7965,10,12.7965,7.6,1000.0,2.2797,0.7597,0.5,0.02,EXECUTE,False,LIVE
2026-02-25 00:16:01,arbitrum,ETH/USDT,uniswap_v3,curve,1848.407976,1852.062491,19.7712,10,9.7712,4.57,1000.0,1.9771,0.4571,0.5,0.02,EXECUTE,False,LIVE
2026-02-25 00:17:01,arbitrum,ETH/USDT,uniswap_v3,curve,1849.043642,1851.652729,14.1105,10,4.1105,-1.09,1000.0,1.4111,-0.1089,0.5,0.02,SKIP,True,LIVE
2026-02-25 00:18:01,arbitrum,ETH/USDT,uniswap_v3,curve,1849.13278,1851.558904,13.1203,10,3.1203,-2.08,1000.0,1.312,-0.208,0.5,0.02,SKIP,True,LIVE
2026-02-25 00:19:01,arbitrum,ETH/USDT,uniswap_v3,curve,1849.13278,1851.558904,13.1203,10,3.1203,-2.08,1000.0,1.312,-0.208,0.5,0.02,SKIP,True,LIVE
2026-02-25 00:24:10,arbitrum,ETH/USDT,uniswap_v3,curve,1848.185422,1851.235797,16.5047,10,6.5047,1.3,1000.0,1.6505,0.1305,0.5,0.02,EXECUTE,False,LIVE
2026-02-25 00:25:10,arbitrum,ETH/USDT,uniswap_v3,curve,1848.185422,1851.235797,16.5047,10,6.5047,1.3,1000.0,1.6505,0.1305,0.5,0.02,EXECUTE,False,LIVE
2026-02-25 00:26:10,arbitrum,ETH/USDT,uniswap_v3,curve,1849.215777,1851.235797,10.9237,10,0.9237,-4.28,1000.0,1.0924,-0.4276,0.5,0.02,SKIP,True,LIVE
2026-02-25 00:27:45,arbitrum,ETH/USDT,uniswap_v3,curve,1848.020296,1851.235797,17.3997,10,7.3997,2.2,1000.0,1.74,0.22,0.5,0.02,EXECUTE,False,LIVE
2026-02-25 00:28:45,arbitrum,ETH/USDT,uniswap_v3,curve,1848.020296,1851.235797,17.3997,10,7.3997,2.2,1000.0,1.74,0.22,0.5,0.02,EXECUTE,False,LIVE
2026-02-25 00:29:45,arbitrum,ETH/USDT,uniswap_v3,curve,1847.589252,1851.235797,19.7368,10,9.7368,4.54,1000.0,1.9737,0.4537,0.5,0.02,EXECUTE,False,LIVE
2026-02-25 00:30:45,arbitrum,ETH/USDT,uniswap_v3,curve,1847.480853,1850.418664,15.9017,10,5.9017,0.7,1000.0,1.5902,0.0702,0.5,0.02,EXECUTE,False,LIVE
2026-02-25 02:36:42,arbitrum,ETH/USDT,uniswap_v3,curve,1926.019259,1928.031924,10.4499,10,0.4499,-4.75,1000.0,1.045,-0.475,0.5,0.02,SKIP,True,LIVE
2026-02-25 02:37:12,arbitrum,ETH/USDT,uniswap_v3,curve,1926.019259,1928.031924,10.4499,10,0.4499,-4.75,1000.0,1.045,-0.475,0.5,0.02,SKIP,True,LIVE
2026-02-25 02:37:42,arbitrum,ETH/USDT,uniswap_v3,curve,1926.019259,1928.031924,10.4499,10,0.4499,-4.75,1000.0,1.045,-0.475,0.5,0.02,SKIP,True,LIVE
2026-02-25 02:40:42,arbitrum,ETH/USDT,uniswap_v3,curve,1924.391599,1928.272843,20.1687,10,10.1687,4.97,1000.0,2.0169,0.4969,0.5,0.02,EXECUTE,False,LIVE
2026-02-25 02:41:15,arbitrum,ETH/USDT,uniswap_v3,curve,1924.391599,1928.272843,20.1687,10,10.1687,4.97,1000.0,2.0169,0.4969,0.5,0.02,EXECUTE,False,LIVE
2026-02-25 02:41:50,arbitrum,ETH/USDT,uniswap_v3,curve,1924.098088,1928.272843,21.6972,10,11.6972,6.5,1000.0,2.1697,0.6497,0.5,0.02,EXECUTE,False,LIVE
2026-02-25 02:42:22,arbitrum,ETH/USDT,uniswap_v3,curve,1924.098088,1928.272843,21.6972,10,11.6972,6.5,1000.0,2.1697,0.6497,0.5,0.02,EXECUTE,False,LIVE
2026-02-25 02:42:52,arbitrum,ETH/USDT,uniswap_v3,curve,1924.098088,1928.272843,21.6972,10,11.6972,6.5,1000.0,2.1697,0.6497,0.5,0.02,EXECUTE,False,LIVE
2026-02-25 02:43:22,arbitrum,ETH/USDT,uniswap_v3,curve,1922.552989,1927.69337,26.7373,10,16.7373,11.54,1000.0,2.6737,1.1537,0.5,0.02,EXECUTE,False,LIVE
2026-02-25 02:43:52,arbitrum,ETH/USDT,uniswap_v3,curve,1922.552989,1927.69337,26.7373,10,16.7373,11.54,1000.0,2.6737,1.1537,0.5,0.02,EXECUTE,False,LIVE
2026-02-25 02:44:22,arbitrum,ETH/USDT,uniswap_v3,curve,1922.552989,1927.69337,26.7373,10,16.7373,11.54,1000.0,2.6737,1.1537,0.5,0.02,EXECUTE,False,LIVE
2026-02-25 02:44:52,arbitrum,ETH/USDT,uniswap_v3,curve,1923.04062,1927.580973,23.6103,10,13.6103,8.41,1000.0,2.361,0.841,0.5,0.02,EXECUTE,False,LIVE
2026-02-25 02:45:22,arbitrum,ETH/USDT,uniswap_v3,curve,1923.04062,1927.580973,23.6103,10,13.6103,8.41,1000.0,2.361,0.841,0.5,0.02,EXECUTE,False,LIVE
2026-02-25 02:45:52,arbitrum,ETH/USDT,uniswap_v3,curve,1923.04062,1927.580973,23.6103,10,13.6103,8.41,1000.0,2.361,0.841,0.5,0.02,EXECUTE,False,LIVE
2026-02-25 02:46:22,arbitrum,ETH/USDT,uniswap_v3,curve,1923.04062,1927.580973,23.6103,10,13.6103,8.41,1000.0,2.361,0.841,0.5,0.02,EXECUTE,False,LIVE
2026-02-25 02:46:52,arbitrum,ETH/USDT,uniswap_v3,curve,1923.04062,1927.580973,23.6103,10,13.6103,8.41,1000.0,2.361,0.841,0.5,0.02,EXECUTE,False,LIVE
2026-02-25 02:47:22,arbitrum,ETH/USDT,uniswap_v3,curve,1924.364533,1927.580973,16.7143,10,6.7143,1.51,1000.0,1.6714,0.1514,0.5,0.02,EXECUTE,False,LIVE
2026-02-25 02:47:52,arbitrum,ETH/USDT,uniswap_v3,curve,1924.364533,1927.580973,16.7143,10,6.7143,1.51,1000.0,1.6714,0.1514,0.5,0.02,EXECUTE,False,LIVE
2026-02-25 02:48:22,arbitrum,ETH/USDT,uniswap_v3,curve,1925.17032,1927.580973,12.5218,10,2.5218,-2.68,1000.0,1.2522,-0.2678,0.5,0.02,SKIP,True,LIVE
2026-02-25 02:48:52,arbitrum,ETH/USDT,uniswap_v3,curve,1925.17032,1927.580973,12.5218,10,2.5218,-2.68,1000.0,1.2522,-0.2678,0.5,0.02,SKIP,True,LIVE
2026-02-25 02:49:22,arbitrum,ETH/USDT,uniswap_v3,curve,1925.17032,1927.580973,12.5218,10,2.5218,-2.68,1000.0,1.2522,-0.2678,0.5,0.02,SKIP,True,LIVE
2026-02-25 02:49:52,arbitrum,ETH/USDT,uniswap_v3,curve,1924.839777,1927.580973,14.2412,10,4.2412,-0.96,1000.0,1.4241,-0.0959,0.5,0.02,SKIP,True,LIVE
2026-02-25 02:50:22,arbitrum,ETH/USDT,uniswap_v3,curve,1924.839777,1927.580973,14.2412,10,4.2412,-0.96,1000.0,1.4241,-0.0959,0.5,0.02,SKIP,True,LIVE
2026-02-25 02:53:23,arbitrum,ETH/USDT,uniswap_v3,curve,1924.740378,1927.580973,14.7583,10,4.7583,-0.44,1000.0,1.4758,-0.0442,0.5,0.02,SKIP,True,LIVE
2026-02-25 02:53:53,arbitrum,ETH/USDT,uniswap_v3,curve,1924.740378,1927.580973,14.7583,10,4.7583,-0.44,1000.0,1.4758,-0.0442,0.5,0.02,SKIP,True,LIVE
2026-02-25 02:54:23,arbitrum,ETH/USDT,uniswap_v3,curve,1924.740378,1927.580973,14.7583,10,4.7583,-0.44,1000.0,1.4758,-0.0442,0.5,0.02,SKIP,True,LIVE
2026-02-25 02:54:53,arbitrum,ETH/USDT,uniswap_v3,curve,1924.45239,1927.580973,16.257,10,6.257,1.06,1000.0,1.6257,0.1057,0.5,0.02,EXECUTE,False,LIVE
2026-02-25 02:55:23,arbitrum,ETH/USDT,uniswap_v3,curve,1924.45239,1927.580973,16.257,10,6.257,1.06,1000.0,1.6257,0.1057,0.5,0.02,EXECUTE,False,LIVE
2026-02-25 02:55:53,arbitrum,ETH/USDT,uniswap_v3,curve,1924.45239,1927.580973,16.257,10,6.257,1.06,1000.0,1.6257,0.1057,0.5,0.02,EXECUTE,False,LIVE
2026-02-25 02:56:23,arbitrum,ETH/USDT,uniswap_v3,curve,1924.45239,1927.580973,16.257,10,6.257,1.06,1000.0,1.6257,0.1057,0.5,0.02,EXECUTE,False,LIVE
2026-02-25 02:56:53,arbitrum,ETH/USDT,uniswap_v3,curve,1924.45239,1927.580973,16.257,10,6.257,1.06,1000.0,1.6257,0.1057,0.5,0.02,EXECUTE,False,LIVE
2026-02-25 02:57:24,arbitrum,ETH/USDT,uniswap_v3,curve,1923.52122,1927.580973,21.1058,10,11.1058,5.91,1000.0,2.1106,0.5906,0.5,0.02,EXECUTE,False,LIVE
2026-02-25 02:57:54,arbitrum,ETH/USDT,uniswap_v3,curve,1923.52122,1927.580973,21.1058,10,11.1058,5.91,1000.0,2.1106,0.5906,0.5,0.02,EXECUTE,False,LIVE
2026-02-25 02:58:24,arbitrum,ETH/USDT,uniswap_v3,curve,1923.52122,1927.580973,21.1058,10,11.1058,5.91,1000.0,2.1106,0.5906,0.5,0.02,EXECUTE,False,LIVE
2026-02-25 02:58:54,arbitrum,ETH/USDT,uniswap_v3,curve,1920.298341,1925.947999,29.4207,10,19.4207,14.22,1000.0,2.9421,1.4221,0.5,0.02,EXECUTE,False,LIVE
2026-02-25 02:59:24,arbitrum,ETH/USDT,uniswap_v3,curve,1920.298341,1925.947999,29.4207,10,19.4207,14.22,1000.0,2.9421,1.4221,0.5,0.02,EXECUTE,False,LIVE
2026-02-25 02:59:54,arbitrum,ETH/USDT,uniswap_v3,curve,1921.094287,1925.947999,25.2653,10,15.2653,10.07,1000.0,2.5265,1.0065,0.5,0.02,EXECUTE,False,LIVE
2026-02-25 03:00:24,arbitrum,ETH/USDT,uniswap_v3,curve,1921.094287,1925.947999,25.2653,10,15.2653,10.07,1000.0,2.5265,1.0065,0.5,0.02,EXECUTE,False,LIVE
2026-02-25 03:00:54,arbitrum,ETH/USDT,uniswap_v3,curve,1921.094287,1925.947999,25.2653,10,15.2653,10.07,1000.0,2.5265,1.0065,0.5,0.02,EXECUTE,False,LIVE
2026-02-25 03:01:24,arbitrum,ETH/USDT,uniswap_v3,curve,1920.910883,1925.947999,26.2225,10,16.2225,11.02,1000.0,2.6223,1.1023,0.5,0.02,EXECUTE,False,LIVE
2026-02-25 03:01:54,arbitrum,ETH/USDT,uniswap_v3,curve,1920.910883,1925.947999,26.2225,10,16.2225,11.02,1000.0,2.6223,1.1023,0.5,0.02,EXECUTE,False,LIVE
2026-02-25 03:02:24,arbitrum,ETH/USDT,uniswap_v3,curve,1918.394328,1924.994735,34.4059,10,24.4059,19.21,1000.0,3.4406,1.9206,0.5,0.02,EXECUTE,False,LIVE
2026-02-25 03:02:54,arbitrum,ETH/USDT,uniswap_v3,curve,1918.394328,1924.994735,34.4059,10,24.4059,19.21,1000.0,3.4406,1.9206,0.5,0.02,EXECUTE,False,LIVE
2026-02-25 03:03:24,arbitrum,ETH/USDT,uniswap_v3,curve,1918.394328,1924.994735,34.4059,10,24.4059,19.21,1000.0,3.4406,1.9206,0.5,0.02,EXECUTE,False,LIVE
2026-02-25 03:03:54,arbitrum,ETH/USDT,uniswap_v3,curve,1917.538838,1924.429307,35.9339,10,25.9339,20.73,1000.0,3.5934,2.0734,0.5,0.02,EXECUTE,False,LIVE
2026-02-25 03:04:24,arbitrum,ETH/USDT,uniswap_v3,curve,1917.538838,1924.429307,35.9339,10,25.9339,20.73,1000.0,3.5934,2.0734,0.5,0.02,EXECUTE,False,LIVE
2026-02-25 03:04:28,arbitrum,ETH/USDT,uniswap_v3,curve,1917.538838,1924.429307,35.9339,10,25.9339,20.73,1000.0,3.5934,2.0734,0.5,0.02,EXECUTE,False,LIVE
2026-02-25 03:04:28,base,ETH/USDC,uniswap_v3,aerodrome,1917.50897,1922.284975,24.9073,8,16.9073,11.71,1000.0,2.4907,1.1707,0.5,0.02,EXECUTE,False,LIVE
2026-02-25 03:04:37,arbitrum,ETH/USDT,uniswap_v3,curve,1917.538838,1924.429307,35.9339,10,25.9339,20.73,1000.0,3.5934,2.0734,0.5,0.02,EXECUTE,False,SHADOW
2026-02-25 03:04:37,base,ETH/USDC,uniswap_v3,aerodrome,1917.50897,1922.284975,24.9073,8,16.9073,11.71,1000.0,2.4907,1.1707,0.5,0.02,EXECUTE,False,SHADOW
2026-02-25 03:04:58,arbitrum,ETH/USDT,uniswap_v3,curve,1917.982528,1924.145857,32.1344,10,22.1344,16.93,1000.0,3.2134,1.6934,0.5,0.02,EXECUTE,False,LIVE
2026-02-25 03:04:58,base,ETH/USDC,uniswap_v3,aerodrome,1917.938823,1922.414578,23.3363,8,15.3363,10.14,1000.0,2.3336,1.0136,0.5,0.02,EXECUTE,False,LIVE
2026-02-25 03:05:28,arbitrum,ETH/USDT,uniswap_v3,curve,1917.982528,1924.145857,32.1344,10,22.1344,16.93,1000.0,3.2134,1.6934,0.5,0.02,EXECUTE,False,LIVE
2026-02-25 03:05:28,base,ETH/USDC,uniswap_v3,aerodrome,1917.938823,1922.414578,23.3363,8,15.3363,10.14,1000.0,2.3336,1.0136,0.5,0.02,EXECUTE,False,LIVE
2026-02-25 03:05:58,arbitrum,ETH/USDT,uniswap_v3,curve,1917.982528,1924.145857,32.1344,10,22.1344,16.93,1000.0,3.2134,1.6934,0.5,0.02,EXECUTE,False,LIVE
2026-02-25 03:05:58,base,ETH/USDC,uniswap_v3,aerodrome,1917.938823,1922.414578,23.3363,8,15.3363,10.14,1000.0,2.3336,1.0136,0.5,0.02,EXECUTE,False,LIVE
2026-02-25 03:06:28,arbitrum,ETH/USDT,uniswap_v3,curve,1920.507702,1924.145857,18.9437,10,8.9437,3.74,1000.0,1.8944,0.3744,0.5,0.02,EXECUTE,False,LIVE
2026-02-25 03:06:28,base,ETH/USDC,uniswap_v3,aerodrome,1920.499822,1922.411881,9.956,8,1.956,-3.24,1000.0,0.9956,-0.3244,0.5,0.02,SKIP,True,LIVE
2026-02-25 03:06:58,arbitrum,ETH/USDT,uniswap_v3,curve,1920.507702,1924.145857,18.9437,10,8.9437,3.74,1000.0,1.8944,0.3744,0.5,0.02,EXECUTE,False,LIVE
2026-02-25 03:06:58,base,ETH/USDC,uniswap_v3,aerodrome,1920.499822,1922.411881,9.956,8,1.956,-3.24,1000.0,0.9956,-0.3244,0.5,0.02,SKIP,True,LIVE
2026-02-25 03:07:28,arbitrum,ETH/USDT,uniswap_v3,curve,1920.507702,1924.145857,18.9437,10,8.9437,3.74,1000.0,1.8944,0.3744,0.5,0.02,EXECUTE,False,LIVE
2026-02-25 03:07:28,base,ETH/USDC,uniswap_v3,aerodrome,1920.354679,1922.424548,10.7786,8,2.7786,-2.42,1000.0,1.0779,-0.2421,0.5,0.02,SKIP,True,LIVE
2026-02-25 03:07:58,arbitrum,ETH/USDT,uniswap_v3,curve,1920.507702,1924.145857,18.9437,10,8.9437,3.74,1000.0,1.8944,0.3744,0.5,0.02,EXECUTE,False,LIVE
2026-02-25 03:07:58,base,ETH/USDC,uniswap_v3,aerodrome,1920.354679,1922.424548,10.7786,8,2.7786,-2.42,1000.0,1.0779,-0.2421,0.5,0.02,SKIP,True,LIVE
2026-02-25 03:08:28,arbitrum,ETH/USDT,uniswap_v3,curve,1920.507702,1924.145857,18.9437,10,8.9437,3.74,1000.0,1.8944,0.3744,0.5,0.02,EXECUTE,False,LIVE
2026-02-25 03:08:28,base,ETH/USDC,uniswap_v3,aerodrome,1920.354679,1922.424548,10.7786,8,2.7786,-2.42,1000.0,1.0779,-0.2421,0.5,0.02,SKIP,True,LIVE
2026-02-25 03:08:58,arbitrum,ETH/USDT,uniswap_v3,curve,1919.429943,1924.145857,24.5693,10,14.5693,9.37,1000.0,2.4569,0.9369,0.5,0.02,EXECUTE,False,LIVE
2026-02-25 03:08:58,base,ETH/USDC,uniswap_v3,aerodrome,1919.224595,1922.434729,16.7262,8,8.7262,3.53,1000.0,1.6726,0.3526,0.5,0.02,EXECUTE,False,LIVE
2026-02-25 03:09:28,arbitrum,ETH/USDT,uniswap_v3,curve,1919.429943,1924.145857,24.5693,10,14.5693,9.37,1000.0,2.4569,0.9369,0.5,0.02,EXECUTE,False,LIVE
2026-02-25 03:09:28,base,ETH/USDC,uniswap_v3,aerodrome,1919.224595,1922.434729,16.7262,8,8.7262,3.53,1000.0,1.6726,0.3526,0.5,0.02,EXECUTE,False,LIVE
2026-02-25 03:09:58,arbitrum,ETH/USDT,uniswap_v3,curve,1919.429943,1924.145857,24.5693,10,14.5693,9.37,1000.0,2.4569,0.9369,0.5,0.02,EXECUTE,False,LIVE
2026-02-25 03:09:58,base,ETH/USDC,uniswap_v3,aerodrome,1919.224595,1922.434729,16.7262,8,8.7262,3.53,1000.0,1.6726,0.3526,0.5,0.02,EXECUTE,False,LIVE
2026-02-25 03:10:28,arbitrum,ETH/USDT,uniswap_v3,curve,1919.105481,1924.145857,26.2642,10,16.2642,11.06,1000.0,2.6264,1.1064,0.5,0.02,EXECUTE,False,LIVE
2026-02-25 03:10:28,base,ETH/USDC,uniswap_v3,aerodrome,1918.334118,1922.44681,21.4389,8,13.4389,8.24,1000.0,2.1439,0.8239,0.5,0.02,EXECUTE,False,LIVE
2026-02-25 03:10:58,arbitrum,ETH/USDT,uniswap_v3,curve,1919.105481,1924.145857,26.2642,10,16.2642,11.06,1000.0,2.6264,1.1064,0.5,0.02,EXECUTE,False,LIVE
2026-02-25 03:10:58,base,ETH/USDC,uniswap_v3,aerodrome,1918.334118,1922.44681,21.4389,8,13.4389,8.24,1000.0,2.1439,0.8239,0.5,0.02,EXECUTE,False,LIVE
2026-02-25 03:11:28,arbitrum,ETH/USDT,uniswap_v3,curve,1918.496224,1924.145857,29.4482,10,19.4482,14.25,1000.0,2.9448,1.4248,0.5,0.02,EXECUTE,False,LIVE
2026-02-25 03:11:28,base,ETH/USDC,uniswap_v3,aerodrome,1918.74181,1922.44846,19.3181,8,11.3181,6.12,1000.0,1.9318,0.6118,0.5,0.02,EXECUTE,False,LIVE
2026-02-25 03:11:58,arbitrum,ETH/USDT,uniswap_v3,curve,1918.496224,1924.145857,29.4482,10,19.4482,14.25,1000.0,2.9448,1.4248,0.5,0.02,EXECUTE,False,LIVE
2026-02-25 03:11:58,base,ETH/USDC,uniswap_v3,aerodrome,1918.74181,1922.44846,19.3181,8,11.3181,6.12,1000.0,1.9318,0.6118,0.5,0.02,EXECUTE,False,LIVE
2026-02-25 03:12:28,arbitrum,ETH/USDT,uniswap_v3,curve,1918.496224,1924.145857,29.4482,10,19.4482,14.25,1000.0,2.9448,1.4248,0.5,0.02,EXECUTE,False,LIVE
2026-02-25 03:12:28,base,ETH/USDC,uniswap_v3,aerodrome,1918.74181,1922.44846,19.3181,8,11.3181,6.12,1000.0,1.9318,0.6118,0.5,0.02,EXECUTE,False,LIVE
2026-02-25 03:12:43,arbitrum,ETH/USDT,uniswap_v3,curve,1917.646538,1924.145857,33.8922,10,23.8922,18.69,1000.0,3.3892,1.8692,0.5,0.02,EXECUTE,False,LIVE
2026-02-25 03:12:43,base,ETH/USDC,uniswap_v3,aerodrome,1917.649643,1922.578068,25.7003,8,17.7003,12.5,1000.0,2.57,1.25,0.5,0.02,EXECUTE,False,LIVE
2026-02-25 03:13:13,arbitrum,ETH/USDT,uniswap_v3,curve,1917.646538,1924.145857,33.8922,10,23.8922,18.69,1000.0,3.3892,1.8692,0.5,0.02,EXECUTE,False,LIVE
2026-02-25 03:13:13,base,ETH/USDC,uniswap_v3,aerodrome,1917.649643,1922.578068,25.7003,8,17.7003,12.5,1000.0,2.57,1.25,0.5,0.02,EXECUTE,False,LIVE
2026-02-25 03:13:43,arbitrum,ETH/USDT,uniswap_v3,curve,1917.646538,1924.145857,33.8922,10,23.8922,18.69,1000.0,3.3892,1.8692,0.5,0.02,EXECUTE,False,LIVE
2026-02-25 03:13:43,base,ETH/USDC,uniswap_v3,aerodrome,1917.649643,1922.578068,25.7003,8,17.7003,12.5,1000.0,2.57,1.25,0.5,0.02,EXECUTE,False,LIVE
2026-02-25 03:14:13,arbitrum,ETH/USDT,uniswap_v3,curve,1917.317646,1924.145857,35.6134,10,25.6134,20.41,1000.0,3.5613,2.0413,0.5,0.02,EXECUTE,False,LIVE
2026-02-25 03:14:13,base,ETH/USDC,uniswap_v3,aerodrome,1917.171229,1922.020363,25.2932,8,17.2932,12.09,1000.0,2.5293,1.2093,0.5,0.02,EXECUTE,False,LIVE
2026-02-25 03:14:43,arbitrum,ETH/USDT,uniswap_v3,curve,1917.317646,1924.145857,35.6134,10,25.6134,20.41,1000.0,3.5613,2.0413,0.5,0.02,EXECUTE,False,LIVE
2026-02-25 03:14:43,base,ETH/USDC,uniswap_v3,aerodrome,1917.171229,1922.020363,25.2932,8,17.2932,12.09,1000.0,2.5293,1.2093,0.5,0.02,EXECUTE,False,LIVE
2026-02-25 03:15:19,arbitrum,ETH/USDT,uniswap_v3,curve,1917.392942,1924.145857,35.2193,10,25.2193,20.02,1000.0,3.5219,2.0019,0.5,0.02,EXECUTE,False,LIVE
2026-02-25 03:15:19,base,ETH/USDC,uniswap_v3,aerodrome,1917.300892,1922.020363,24.6152,8,16.6152,11.42,1000.0,2.4615,1.1415,0.5,0.02,EXECUTE,False,LIVE
2026-02-25 03:15:52,arbitrum,ETH/USDT,uniswap_v3,curve,1917.392942,1924.145857,35.2193,10,25.2193,20.02,1000.0,3.5219,2.0019,0.5,0.02,EXECUTE,False,LIVE
2026-02-25 03:15:52,base,ETH/USDC,uniswap_v3,aerodrome,1917.300892,1922.020363,24.6152,8,16.6152,11.42,1000.0,2.4615,1.1415,0.5,0.02,EXECUTE,False,LIVE
2026-02-25 03:16:24,arbitrum,ETH/USDT,uniswap_v3,curve,1917.392942,1924.145857,35.2193,10,25.2193,20.02,1000.0,3.5219,2.0019,0.5,0.02,EXECUTE,False,LIVE
2026-02-25 03:16:24,base,ETH/USDC,uniswap_v3,aerodrome,1917.300892,1922.020363,24.6152,8,16.6152,11.42,1000.0,2.4615,1.1415,0.5,0.02,EXECUTE,False,LIVE
2026-02-25 03:17:01,base,ETH/USDC,uniswap_v3,aerodrome,1914.994618,1919.424075,23.1304,8,15.1304,9.93,1000.0,2.313,0.993,0.5,0.02,EXECUTE,False,LIVE
2026-02-25 03:17:01,arbitrum,ETH/USDT,uniswap_v3,curve,1915.008349,1919.747756,24.7487,10,14.7487,9.55,1000.0,2.4749,0.9549,0.5,0.02,EXECUTE,False,LIVE
2026-02-25 03:17:01,arbitrum,ETH/USDC,uniswap_v3,camelot_v2,1914.934003,1921.738313,35.5329,35,0.5329,-4.67,1000.0,3.5533,-0.4667,0.5,0.02,SKIP,True,LIVE
2026-02-25 03:17:31,base,ETH/USDC,uniswap_v3,aerodrome,1914.994618,1919.424075,23.1304,8,15.1304,9.93,1000.0,2.313,0.993,0.5,0.02,EXECUTE,False,LIVE
2026-02-25 03:17:31,arbitrum,ETH/USDT,uniswap_v3,curve,1915.008349,1919.747756,24.7487,10,14.7487,9.55,1000.0,2.4749,0.9549,0.5,0.02,EXECUTE,False,LIVE
2026-02-25 03:17:31,arbitrum,ETH/USDC,uniswap_v3,camelot_v2,1914.934003,1921.738313,35.5329,35,0.5329,-4.67,1000.0,3.5533,-0.4667,0.5,0.02,SKIP,True,LIVE
2026-02-25 03:18:01,arbitrum,ETH/USDT,uniswap_v3,curve,1912.351256,1919.360558,36.6528,10,26.6528,21.45,1000.0,3.6653,2.1453,0.5,0.02,EXECUTE,False,LIVE
2026-02-25 03:18:01,base,ETH/USDC,uniswap_v3,aerodrome,1912.328706,1917.159564,25.2616,8,17.2616,12.06,1000.0,2.5262,1.2062,0.5,0.02,EXECUTE,False,LIVE
2026-02-25 03:18:31,arbitrum,ETH/USDT,uniswap_v3,curve,1912.351256,1919.360558,36.6528,10,26.6528,21.45,1000.0,3.6653,2.1453,0.5,0.02,EXECUTE,False,LIVE
2026-02-25 03:18:31,base,ETH/USDC,uniswap_v3,aerodrome,1912.328706,1917.159564,25.2616,8,17.2616,12.06,1000.0,2.5262,1.2062,0.5,0.02,EXECUTE,False,LIVE
2026-02-25 03:19:01,arbitrum,ETH/USDT,uniswap_v3,curve,1912.027956,1919.360558,38.3499,10,28.3499,23.15,1000.0,3.835,2.315,0.5,0.02,EXECUTE,False,LIVE
2026-02-25 03:19:01,base,ETH/USDC,uniswap_v3,aerodrome,1911.987432,1916.884684,25.6134,8,17.6134,12.41,1000.0,2.5613,1.2413,0.5,0.02,EXECUTE,False,LIVE
2026-02-25 03:19:31,arbitrum,ETH/USDT,uniswap_v3,curve,1912.027956,1919.23664,37.7018,10,27.7018,22.5,1000.0,3.7702,2.2502,0.5,0.02,EXECUTE,False,LIVE
2026-02-25 03:19:31,base,ETH/USDC,uniswap_v3,aerodrome,1911.987432,1916.884684,25.6134,8,17.6134,12.41,1000.0,2.5613,1.2413,0.5,0.02,EXECUTE,False,LIVE
2026-02-25 03:20:01,arbitrum,ETH/USDT,uniswap_v3,curve,1912.027956,1919.23664,37.7018,10,27.7018,22.5,1000.0,3.7702,2.2502,0.5,0.02,EXECUTE,False,LIVE
2026-02-25 03:20:01,base,ETH/USDC,uniswap_v3,aerodrome,1911.987432,1916.884684,25.6134,8,17.6134,12.41,1000.0,2.5613,1.2413,0.5,0.02,EXECUTE,False,LIVE
2026-02-25 03:20:31,arbitrum,ETH/USDT,uniswap_v3,curve,1910.800587,1918.239771,38.9323,10,28.9323,23.73,1000.0,3.8932,2.3732,0.5,0.02,EXECUTE,False,LIVE
2026-02-25 03:20:31,base,ETH/USDC,uniswap_v3,aerodrome,1910.925203,1915.751631,25.257,8,17.257,12.06,1000.0,2.5257,1.2057,0.5,0.02,EXECUTE,False,LIVE
2026-02-25 03:21:01,arbitrum,ETH/USDT,uniswap_v3,curve,1910.800587,1918.239771,38.9323,10,28.9323,23.73,1000.0,3.8932,2.3732,0.5,0.02,EXECUTE,False,LIVE
2026-02-25 03:21:01,base,ETH/USDC,uniswap_v3,aerodrome,1910.925203,1915.751631,25.257,8,17.257,12.06,1000.0,2.5257,1.2057,0.5,0.02,EXECUTE,False,LIVE
2026-02-25 03:21:31,arbitrum,ETH/USDT,uniswap_v3,curve,1910.800587,1918.239771,38.9323,10,28.9323,23.73,1000.0,3.8932,2.3732,0.5,0.02,EXECUTE,False,LIVE
2026-02-25 03:21:31,base,ETH/USDC,uniswap_v3,aerodrome,1910.925203,1915.751631,25.257,8,17.257,12.06,1000.0,2.5257,1.2057,0.5,0.02,EXECUTE,False,LIVE
2026-02-25 03:22:01,arbitrum,ETH/USDT,uniswap_v3,curve,1910.975935,1918.239771,38.0111,10,28.0111,22.81,1000.0,3.8011,2.2811,0.5,0.02,EXECUTE,False,LIVE
2026-02-25 03:22:01,base,ETH/USDC,uniswap_v3,aerodrome,1910.768067,1915.568325,25.1221,8,17.1221,11.92,1000.0,2.5122,1.1922,0.5,0.02,EXECUTE,False,LIVE
2026-02-25 03:22:37,arbitrum,ETH/USDT,uniswap_v3,curve,1910.975935,1918.239771,38.0111,10,28.0111,22.81,1000.0,3.8011,2.2811,0.5,0.02,EXECUTE,False,LIVE
2026-02-25 03:22:37,base,ETH/USDC,uniswap_v3,aerodrome,1910.768067,1915.568325,25.1221,8,17.1221,11.92,1000.0,2.5122,1.1922,0.5,0.02,EXECUTE,False,LIVE
2026-02-25 03:23:11,arbitrum,ETH/USDT,uniswap_v3,curve,1907.770976,1917.189507,49.3693,10,39.3693,34.17,1000.0,4.9369,3.4169,0.5,0.02,EXECUTE,False,LIVE
2026-02-25 03:23:11,base,ETH/USDC,uniswap_v3,aerodrome,1908.017187,1912.804066,25.0882,8,17.0882,11.89,1000.0,2.5088,1.1888,0.5,0.02,EXECUTE,False,LIVE
2026-02-25 03:23:45,arbitrum,ETH/USDT,uniswap_v3,curve,1907.770976,1917.189507,49.3693,10,39.3693,34.17,1000.0,4.9369,3.4169,0.5,0.02,EXECUTE,False,LIVE
2026-02-25 03:23:45,base,ETH/USDC,uniswap_v3,aerodrome,1908.017187,1912.804066,25.0882,8,17.0882,11.89,1000.0,2.5088,1.1888,0.5,0.02,EXECUTE,False,LIVE
2026-02-25 03:24:15,arbitrum,ETH/USDT,uniswap_v3,curve,1907.770976,1917.189507,49.3693,10,39.3693,34.17,1000.0,4.9369,3.4169,0.5,0.02,EXECUTE,False,LIVE
2026-02-25 03:24:15,base,ETH/USDC,uniswap_v3,aerodrome,1908.017187,1912.804066,25.0882,8,17.0882,11.89,1000.0,2.5088,1.1888,0.5,0.02,EXECUTE,False,LIVE
2026-02-25 03:24:45,arbitrum,ETH/USDT,uniswap_v3,curve,1906.867503,1916.420804,50.0995,10,40.0995,34.9,1000.0,5.0099,3.4899,0.5,0.02,EXECUTE,False,LIVE
2026-02-25 03:24:45,base,ETH/USDC,uniswap_v3,aerodrome,1906.885964,1911.670314,25.0899,8,17.0899,11.89,1000.0,2.509,1.189,0.5,0.02,EXECUTE,False,LIVE
2026-02-25 03:25:15,arbitrum,ETH/USDT,uniswap_v3,curve,1906.867503,1916.420804,50.0995,10,40.0995,34.9,1000.0,5.0099,3.4899,0.5,0.02,EXECUTE,False,LIVE
2026-02-25 03:25:15,base,ETH/USDC,uniswap_v3,aerodrome,1906.885964,1911.670314,25.0899,8,17.0899,11.89,1000.0,2.509,1.189,0.5,0.02,EXECUTE,False,LIVE
2026-02-25 03:25:45,arbitrum,ETH/USDT,uniswap_v3,curve,1909.462043,1916.420804,36.4436,10,26.4436,21.24,1000.0,3.6444,2.1244,0.5,0.02,EXECUTE,False,LIVE
2026-02-25 03:25:45,base,ETH/USDC,uniswap_v3,aerodrome,1909.659803,1911.670314,10.5281,8,2.5281,-2.67,1000.0,1.0528,-0.2672,0.5,0.02,SKIP,True,LIVE
2026-02-25 03:26:15,arbitrum,ETH/USDT,uniswap_v3,curve,1909.462043,1916.420804,36.4436,10,26.4436,21.24,1000.0,3.6444,2.1244,0.5,0.02,EXECUTE,False,LIVE
2026-02-25 03:26:15,base,ETH/USDC,uniswap_v3,aerodrome,1909.659803,1911.670314,10.5281,8,2.5281,-2.67,1000.0,1.0528,-0.2672,0.5,0.02,SKIP,True,LIVE
2026-02-25 03:26:45,arbitrum,ETH/USDT,uniswap_v3,curve,1909.462043,1916.420804,36.4436,10,26.4436,21.24,1000.0,3.6444,2.1244,0.5,0.02,EXECUTE,False,LIVE
2026-02-25 03:26:45,base,ETH/USDC,uniswap_v3,aerodrome,1909.659803,1911.670314,10.5281,8,2.5281,-2.67,1000.0,1.0528,-0.2672,0.5,0.02,SKIP,True,LIVE
2026-02-25 03:27:15,arbitrum,ETH/USDT,uniswap_v3,curve,1909.524096,1916.420804,36.1174,10,26.1174,20.92,1000.0,3.6117,2.0917,0.5,0.02,EXECUTE,False,LIVE
2026-02-25 03:27:15,base,ETH/USDC,uniswap_v3,aerodrome,1909.640258,1911.799558,11.3074,8,3.3074,-1.89,1000.0,1.1307,-0.1893,0.5,0.02,SKIP,True,LIVE
2026-02-25 03:27:45,arbitrum,ETH/USDT,uniswap_v3,curve,1909.524096,1916.420804,36.1174,10,26.1174,20.92,1000.0,3.6117,2.0917,0.5,0.02,EXECUTE,False,LIVE
2026-02-25 03:27:45,base,ETH/USDC,uniswap_v3,aerodrome,1909.640258,1911.799558,11.3074,8,3.3074,-1.89,1000.0,1.1307,-0.1893,0.5,0.02,SKIP,True,LIVE
2026-02-25 03:28:22,arbitrum,ETH/USDT,uniswap_v3,curve,1909.528379,1916.420804,36.0949,10,26.0949,20.89,1000.0,3.6095,2.0895,0.5,0.02,EXECUTE,False,LIVE
2026-02-25 03:28:22,base,ETH/USDC,uniswap_v3,aerodrome,1909.556315,1911.799558,11.7475,8,3.7475,-1.45,1000.0,1.1747,-0.1453,0.5,0.02,SKIP,True,LIVE
2026-02-25 03:28:58,arbitrum,ETH/USDT,uniswap_v3,curve,1909.528379,1916.420804,36.0949,10,26.0949,20.89,1000.0,3.6095,2.0895,0.5,0.02,EXECUTE,False,LIVE
2026-02-25 03:28:58,base,ETH/USDC,uniswap_v3,aerodrome,1909.556315,1911.799558,11.7475,8,3.7475,-1.45,1000.0,1.1747,-0.1453,0.5,0.02,SKIP,True,LIVE
2026-02-25 03:29:31,arbitrum,ETH/USDT,uniswap_v3,curve,1910.685916,1916.420804,30.0148,10,20.0148,14.81,1000.0,3.0015,1.4815,0.5,0.02,EXECUTE,False,LIVE
2026-02-25 03:29:31,base,ETH/USDC,uniswap_v3,aerodrome,1910.681935,1914.061952,17.6901,8,9.6901,4.49,1000.0,1.769,0.449,0.5,0.02,EXECUTE,False,LIVE
2026-02-25 03:30:01,arbitrum,ETH/USDT,uniswap_v3,curve,1910.685916,1916.420804,30.0148,10,20.0148,14.81,1000.0,3.0015,1.4815,0.5,0.02,EXECUTE,False,LIVE
2026-02-25 03:30:01,base,ETH/USDC,uniswap_v3,aerodrome,1910.681935,1914.061952,17.6901,8,9.6901,4.49,1000.0,1.769,0.449,0.5,0.02,EXECUTE,False,LIVE
2026-02-25 03:30:31,arbitrum,ETH/USDT,uniswap_v3,curve,1910.685916,1916.420804,30.0148,10,20.0148,14.81,1000.0,3.0015,1.4815,0.5,0.02,EXECUTE,False,LIVE
2026-02-25 03:30:31,base,ETH/USDC,uniswap_v3,aerodrome,1910.681935,1914.061952,17.6901,8,9.6901,4.49,1000.0,1.769,0.449,0.5,0.02,EXECUTE,False,LIVE
2026-02-25 03:31:01,arbitrum,ETH/USDT,uniswap_v3,curve,1910.684011,1916.420804,30.0248,10,20.0248,14.82,1000.0,3.0025,1.4825,0.5,0.02,EXECUTE,False,LIVE
2026-02-25 03:31:01,base,ETH/USDC,uniswap_v3,aerodrome,1910.517881,1914.191277,19.2272,8,11.2272,6.03,1000.0,1.9227,0.6027,0.5,0.02,EXECUTE,False,LIVE
2026-02-25 03:31:31,arbitrum,ETH/USDT,uniswap_v3,curve,1910.684011,1916.420804,30.0248,10,20.0248,14.82,1000.0,3.0025,1.4825,0.5,0.02,EXECUTE,False,LIVE
2026-02-25 03:31:31,base,ETH/USDC,uniswap_v3,aerodrome,1910.517881,1914.191277,19.2272,8,11.2272,6.03,1000.0,1.9227,0.6027,0.5,0.02,EXECUTE,False,LIVE
2026-02-25 03:32:01,arbitrum,ETH/USDT,uniswap_v3,curve,1910.684011,1916.420804,30.0248,10,20.0248,14.82,1000.0,3.0025,1.4825,0.5,0.02,EXECUTE,False,LIVE
2026-02-25 03:32:01,base,ETH/USDC,uniswap_v3,aerodrome,1910.517881,1914.191277,19.2272,8,11.2272,6.03,1000.0,1.9227,0.6027,0.5,0.02,EXECUTE,False,LIVE
2026-02-25 03:32:31,base,ETH/USDC,uniswap_v3,aerodrome,1910.668212,1914.131775,18.1275,8,10.1275,4.93,1000.0,1.8128,0.4928,0.5,0.02,EXECUTE,False,LIVE
2026-02-25 03:32:31,arbitrum,ETH/USDT,uniswap_v3,curve,1910.718655,1913.514662,14.6333,10,4.6333,-0.57,1000.0,1.4633,-0.0567,0.5,0.02,SKIP,True,LIVE
2026-02-25 03:33:01,base,ETH/USDC,uniswap_v3,aerodrome,1910.668212,1914.131775,18.1275,8,10.1275,4.93,1000.0,1.8128,0.4928,0.5,0.02,EXECUTE,False,LIVE
2026-02-25 03:33:01,arbitrum,ETH/USDT,uniswap_v3,curve,1910.718655,1913.514662,14.6333,10,4.6333,-0.57,1000.0,1.4633,-0.0567,0.5,0.02,SKIP,True,LIVE
2026-02-25 03:33:31,base,ETH/USDC,uniswap_v3,aerodrome,1909.014759,1913.864573,25.4048,8,17.4048,12.2,1000.0,2.5405,1.2205,0.5,0.02,EXECUTE,False,LIVE
2026-02-25 03:33:31,arbitrum,ETH/USDT,uniswap_v3,curve,1909.039465,1913.514662,23.4421,10,13.4421,8.24,1000.0,2.3442,0.8242,0.5,0.02,EXECUTE,False,LIVE
2026-02-25 03:34:01,base,ETH/USDC,uniswap_v3,aerodrome,1909.014759,1913.864573,25.4048,8,17.4048,12.2,1000.0,2.5405,1.2205,0.5,0.02,EXECUTE,False,LIVE
2026-02-25 03:34:01,arbitrum,ETH/USDT,uniswap_v3,curve,1909.039465,1913.514662,23.4421,10,13.4421,8.24,1000.0,2.3442,0.8242,0.5,0.02,EXECUTE,False,LIVE
2026-02-25 03:34:31,base,ETH/USDC,uniswap_v3,aerodrome,1909.014759,1913.864573,25.4048,8,17.4048,12.2,1000.0,2.5405,1.2205,0.5,0.02,EXECUTE,False,LIVE
2026-02-25 03:34:31,arbitrum,ETH/USDT,uniswap_v3,curve,1909.039465,1913.514662,23.4421,10,13.4421,8.24,1000.0,2.3442,0.8242,0.5,0.02,EXECUTE,False,LIVE
2026-02-25 03:35:03,arbitrum,ETH/USDT,uniswap_v3,curve,1910.194171,1913.514662,17.383,10,7.383,2.18,1000.0,1.7383,0.2183,0.5,0.02,EXECUTE,False,LIVE
2026-02-25 03:35:03,base,ETH/USDC,uniswap_v3,aerodrome,1910.038525,1911.597932,8.1643,8,0.1643,-5.04,1000.0,0.8164,-0.5036,0.5,0.02,SKIP,True,LIVE
2026-02-25 03:35:33,arbitrum,ETH/USDT,uniswap_v3,curve,1910.194171,1913.514662,17.383,10,7.383,2.18,1000.0,1.7383,0.2183,0.5,0.02,EXECUTE,False,LIVE
2026-02-25 03:35:33,base,ETH/USDC,uniswap_v3,aerodrome,1910.038525,1911.597932,8.1643,8,0.1643,-5.04,1000.0,0.8164,-0.5036,0.5,0.02,SKIP,True,LIVE
2026-02-25 03:36:03,arbitrum,ETH/USDT,uniswap_v3,curve,1909.694613,1913.514662,20.0035,10,10.0035,4.8,1000.0,2.0003,0.4803,0.5,0.02,EXECUTE,False,LIVE
2026-02-25 03:36:03,base,ETH/USDC,uniswap_v3,aerodrome,1909.641303,1911.727174,10.9228,8,2.9228,-2.28,1000.0,1.0923,-0.2277,0.5,0.02,SKIP,True,LIVE
2026-02-25 03:36:35,arbitrum,ETH/USDT,uniswap_v3,curve,1909.694613,1913.514662,20.0035,10,10.0035,4.8,1000.0,2.0003,0.4803,0.5,0.02,EXECUTE,False,LIVE
2026-02-25 03:36:35,base,ETH/USDC,uniswap_v3,aerodrome,1909.641303,1911.727174,10.9228,8,2.9228,-2.28,1000.0,1.0923,-0.2277,0.5,0.02,SKIP,True,LIVE
2026-02-25 03:37:12,arbitrum,ETH/USDT,uniswap_v3,curve,1909.694613,1913.514662,20.0035,10,10.0035,4.8,1000.0,2.0003,0.4803,0.5,0.02,EXECUTE,False,LIVE
2026-02-25 03:37:12,base,ETH/USDC,uniswap_v3,aerodrome,1909.641303,1911.727174,10.9228,8,2.9228,-2.28,1000.0,1.0923,-0.2277,0.5,0.02,SKIP,True,LIVE
2026-02-25 03:37:48,arbitrum,ETH/USDT,uniswap_v3,curve,1905.233084,1912.842216,39.9381,10,29.9381,24.74,1000.0,3.9938,2.4738,0.5,0.02,EXECUTE,False,LIVE
2026-02-25 03:37:48,base,ETH/USDC,uniswap_v3,aerodrome,1905.066825,1909.991387,25.8498,8,17.8498,12.65,1000.0,2.585,1.265,0.5,0.02,EXECUTE,False,LIVE
2026-02-25 03:38:18,arbitrum,ETH/USDT,uniswap_v3,curve,1905.233084,1912.842216,39.9381,10,29.9381,24.74,1000.0,3.9938,2.4738,0.5,0.02,EXECUTE,False,LIVE
2026-02-25 03:38:18,base,ETH/USDC,uniswap_v3,aerodrome,1905.066825,1909.991387,25.8498,8,17.8498,12.65,1000.0,2.585,1.265,0.5,0.02,EXECUTE,False,LIVE
2026-02-25 03:38:48,arbitrum,ETH/USDT,uniswap_v3,curve,1907.750858,1912.842216,26.6878,10,16.6878,11.49,1000.0,2.6688,1.1488,0.5,0.02,EXECUTE,False,LIVE
2026-02-25 03:38:48,base,ETH/USDC,uniswap_v3,aerodrome,1907.855063,1909.991387,11.1975,8,3.1975,-2.0,1000.0,1.1198,-0.2003,0.5,0.02,SKIP,True,LIVE
2026-02-25 03:39:18,arbitrum,ETH/USDT,uniswap_v3,curve,1907.750858,1912.842216,26.6878,10,16.6878,11.49,1000.0,2.6688,1.1488,0.5,0.02,EXECUTE,False,LIVE
2026-02-25 03:39:18,base,ETH/USDC,uniswap_v3,aerodrome,1907.855063,1909.991387,11.1975,8,3.1975,-2.0,1000.0,1.1198,-0.2003,0.5,0.02,SKIP,True,LIVE
2026-02-25 03:39:48,arbitrum,ETH/USDT,uniswap_v3,curve,1905.285767,1912.842216,39.6605,10,29.6605,24.46,1000.0,3.966,2.446,0.5,0.02,EXECUTE,False,LIVE
2026-02-25 03:39:48,base,ETH/USDC,uniswap_v3,aerodrome,1904.659306,1909.555385,25.7058,8,17.7058,12.51,1000.0,2.5706,1.2506,0.5,0.02,EXECUTE,False,LIVE
2026-02-25 03:40:18,arbitrum,ETH/USDT,uniswap_v3,curve,1905.285767,1912.842216,39.6605,10,29.6605,24.46,1000.0,3.966,2.446,0.5,0.02,EXECUTE,False,LIVE
2026-02-25 03:40:18,base,ETH/USDC,uniswap_v3,aerodrome,1904.659306,1909.555385,25.7058,8,17.7058,12.51,1000.0,2.5706,1.2506,0.5,0.02,EXECUTE,False,LIVE
2026-02-25 03:40:48,arbitrum,ETH/USDT,uniswap_v3,curve,1905.285767,1912.842216,39.6605,10,29.6605,24.46,1000.0,3.966,2.446,0.5,0.02,EXECUTE,False,LIVE
2026-02-25 03:40:48,base,ETH/USDC,uniswap_v3,aerodrome,1904.659306,1909.555385,25.7058,8,17.7058,12.51,1000.0,2.5706,1.2506,0.5,0.02,EXECUTE,False,LIVE
2026-02-25 03:41:09,arbitrum,ETH/USDT,uniswap_v3,curve,1905.246849,1911.587079,33.2777,10,23.2777,18.08,1000.0,3.3278,1.8078,0.5,0.02,EXECUTE,False,LIVE
2026-02-25 03:41:09,base,ETH/USDC,uniswap_v3,aerodrome,1905.032231,1909.056905,21.1265,8,13.1265,7.93,1000.0,2.1127,0.7927,0.5,0.02,EXECUTE,False,LIVE
2026-02-25 03:41:43,arbitrum,ETH/USDT,uniswap_v3,curve,1905.246849,1911.587079,33.2777,10,23.2777,18.08,1000.0,3.3278,1.8078,0.5,0.02,EXECUTE,False,LIVE
2026-02-25 03:41:43,base,ETH/USDC,uniswap_v3,aerodrome,1905.032231,1909.056905,21.1265,8,13.1265,7.93,1000.0,2.1127,0.7927,0.5,0.02,EXECUTE,False,LIVE
2026-02-25 03:42:19,arbitrum,ETH/USDT,uniswap_v3,curve,1906.209622,1911.587079,28.2102,10,18.2102,13.01,1000.0,2.821,1.301,0.5,0.02,EXECUTE,False,LIVE
2026-02-25 03:42:19,base,ETH/USDC,uniswap_v3,aerodrome,1906.109198,1909.056905,15.4645,8,7.4645,2.26,1000.0,1.5465,0.2265,0.5,0.02,EXECUTE,False,LIVE
2026-02-25 03:42:55,arbitrum,ETH/USDT,uniswap_v3,curve,1906.209622,1911.587079,28.2102,10,18.2102,13.01,1000.0,2.821,1.301,0.5,0.02,EXECUTE,False,LIVE
2026-02-25 03:42:55,base,ETH/USDC,uniswap_v3,aerodrome,1906.109198,1909.056905,15.4645,8,7.4645,2.26,1000.0,1.5465,0.2265,0.5,0.02,EXECUTE,False,LIVE
2026-02-25 03:43:25,arbitrum,ETH/USDT,uniswap_v3,curve,1906.209622,1911.587079,28.2102,10,18.2102,13.01,1000.0,2.821,1.301,0.5,0.02,EXECUTE,False,LIVE
2026-02-25 03:43:25,base,ETH/USDC,uniswap_v3,aerodrome,1906.109198,1909.056905,15.4645,8,7.4645,2.26,1000.0,1.5465,0.2265,0.5,0.02,EXECUTE,False,LIVE
2026-02-25 03:43:55,arbitrum,ETH/USDT,uniswap_v3,curve,1906.978435,1911.587079,24.1673,10,14.1673,8.97,1000.0,2.4167,0.8967,0.5,0.02,EXECUTE,False,LIVE
2026-02-25 03:43:55,base,ETH/USDC,uniswap_v3,aerodrome,1906.803189,1909.056905,11.8193,8,3.8193,-1.38,1000.0,1.1819,-0.1381,0.5,0.02,SKIP,True,LIVE
2026-02-25 03:44:25,arbitrum,ETH/USDT,uniswap_v3,curve,1906.978435,1911.587079,24.1673,10,14.1673,8.97,1000.0,2.4167,0.8967,0.5,0.02,EXECUTE,False,LIVE
2026-02-25 03:44:25,base,ETH/USDC,uniswap_v3,aerodrome,1906.803189,1909.056905,11.8193,8,3.8193,-1.38,1000.0,1.1819,-0.1381,0.5,0.02,SKIP,True,LIVE
2026-02-25 03:44:55,arbitrum,ETH/USDT,uniswap_v3,curve,1907.419964,1911.587079,21.8469,10,11.8469,6.65,1000.0,2.1847,0.6647,0.5,0.02,EXECUTE,False,LIVE
2026-02-25 03:44:55,base,ETH/USDC,uniswap_v3,aerodrome,1907.002426,1909.056905,10.7733,8,2.7733,-2.43,1000.0,1.0773,-0.2427,0.5,0.02,SKIP,True,LIVE
2026-02-25 03:45:25,arbitrum,ETH/USDT,uniswap_v3,curve,1907.419964,1911.587079,21.8469,10,11.8469,6.65,1000.0,2.1847,0.6647,0.5,0.02,EXECUTE,False,LIVE
2026-02-25 03:45:25,base,ETH/USDC,uniswap_v3,aerodrome,1907.002426,1909.056905,10.7733,8,2.7733,-2.43,1000.0,1.0773,-0.2427,0.5,0.02,SKIP,True,LIVE
2026-02-25 03:45:55,arbitrum,ETH/USDT,uniswap_v3,curve,1907.419964,1911.587079,21.8469,10,11.8469,6.65,1000.0,2.1847,0.6647,0.5,0.02,EXECUTE,False,LIVE
2026-02-25 03:45:55,base,ETH/USDC,uniswap_v3,aerodrome,1907.002426,1909.056905,10.7733,8,2.7733,-2.43,1000.0,1.0773,-0.2427,0.5,0.02,SKIP,True,LIVE
2026-02-25 03:46:25,arbitrum,ETH/USDT,uniswap_v3,curve,1907.738156,1911.587079,20.1753,10,10.1753,4.98,1000.0,2.0175,0.4975,0.5,0.02,EXECUTE,False,LIVE
2026-02-25 03:46:55,arbitrum,ETH/USDT,uniswap_v3,curve,1907.738156,1911.587079,20.1753,10,10.1753,4.98,1000.0,2.0175,0.4975,0.5,0.02,EXECUTE,False,LIVE
2026-02-25 03:47:25,arbitrum,ETH/USDT,uniswap_v3,curve,1907.738156,1911.587079,20.1753,10,10.1753,4.98,1000.0,2.0175,0.4975,0.5,0.02,EXECUTE,False,LIVE
2026-02-25 03:50:25,arbitrum,ETH/USDT,uniswap_v3,curve,1906.937341,1909.72497,14.6184,10,4.6184,-0.58,1000.0,1.4618,-0.0582,0.5,0.02,SKIP,True,LIVE
2026-02-25 03:50:25,base,ETH/USDC,uniswap_v3,aerodrome,1906.875025,1909.058824,11.4522,8,3.4522,-1.75,1000.0,1.1452,-0.1748,0.5,0.02,SKIP,True,LIVE
2026-02-25 03:50:55,arbitrum,ETH/USDT,uniswap_v3,curve,1906.937341,1909.72497,14.6184,10,4.6184,-0.58,1000.0,1.4618,-0.0582,0.5,0.02,SKIP,True,LIVE
2026-02-25 03:50:55,base,ETH/USDC,uniswap_v3,aerodrome,1906.875025,1909.058824,11.4522,8,3.4522,-1.75,1000.0,1.1452,-0.1748,0.5,0.02,SKIP,True,LIVE
2026-02-25 03:51:25,base,ETH/USDC,uniswap_v3,aerodrome,1906.875025,1909.058824,11.4522,8,3.4522,-1.75,1000.0,1.1452,-0.1748,0.5,0.02,SKIP,True,LIVE
2026-02-25 03:51:25,arbitrum,ETH/USDT,uniswap_v3,curve,1907.618963,1909.72497,11.04,10,1.04,-4.16,1000.0,1.104,-0.416,0.5,0.02,SKIP,True,LIVE
2026-02-25 03:51:55,arbitrum,ETH/USDT,uniswap_v3,curve,1907.618963,1909.68118,10.8104,10,0.8104,-4.39,1000.0,1.081,-0.439,0.5,0.02,SKIP,True,LIVE
2026-02-25 03:52:25,arbitrum,ETH/USDT,uniswap_v3,curve,1907.618963,1909.68118,10.8104,10,0.8104,-4.39,1000.0,1.081,-0.439,0.5,0.02,SKIP,True,LIVE
2026-02-25 03:55:25,arbitrum,ETH/USDT,uniswap_v3,curve,1907.468947,1909.560791,10.9666,10,0.9666,-4.23,1000.0,1.0967,-0.4233,0.5,0.02,SKIP,True,LIVE
2026-02-25 03:55:55,arbitrum,ETH/USDT,uniswap_v3,curve,1907.468947,1909.560791,10.9666,10,0.9666,-4.23,1000.0,1.0967,-0.4233,0.5,0.02,SKIP,True,LIVE
2026-02-25 03:56:25,arbitrum,ETH/USDT,uniswap_v3,curve,1907.468947,1909.560791,10.9666,10,0.9666,-4.23,1000.0,1.0967,-0.4233,0.5,0.02,SKIP,True,LIVE
2026-02-25 03:56:55,arbitrum,ETH/USDT,uniswap_v3,curve,1907.468947,1909.560791,10.9666,10,0.9666,-4.23,1000.0,1.0967,-0.4233,0.5,0.02,SKIP,True,LIVE
2026-02-25 03:57:25,arbitrum,ETH/USDT,uniswap_v3,curve,1907.468947,1909.560791,10.9666,10,0.9666,-4.23,1000.0,1.0967,-0.4233,0.5,0.02,SKIP,True,LIVE
2026-02-25 03:57:55,arbitrum,ETH/USDT,uniswap_v3,curve,1907.468947,1909.560791,10.9666,10,0.9666,-4.23,1000.0,1.0967,-0.4233,0.5,0.02,SKIP,True,LIVE
2026-02-25 03:58:25,arbitrum,ETH/USDT,uniswap_v3,curve,1905.952653,1909.154431,16.7988,10,6.7988,1.6,1000.0,1.6799,0.1599,0.5,0.02,EXECUTE,False,LIVE
2026-02-25 03:58:25,base,ETH/USDC,uniswap_v3,aerodrome,1905.803222,1908.451616,13.8965,8,5.8965,0.7,1000.0,1.3896,0.0696,0.5,0.02,EXECUTE,False,LIVE
2026-02-25 03:58:56,arbitrum,ETH/USDT,uniswap_v3,curve,1905.952653,1909.154431,16.7988,10,6.7988,1.6,1000.0,1.6799,0.1599,0.5,0.02,EXECUTE,False,LIVE
2026-02-25 03:58:56,base,ETH/USDC,uniswap_v3,aerodrome,1905.803222,1908.451616,13.8965,8,5.8965,0.7,1000.0,1.3896,0.0696,0.5,0.02,EXECUTE,False,LIVE
2026-02-25 03:59:26,arbitrum,ETH/USDT,uniswap_v3,curve,1905.952653,1909.154431,16.7988,10,6.7988,1.6,1000.0,1.6799,0.1599,0.5,0.02,EXECUTE,False,LIVE
2026-02-25 03:59:26,base,ETH/USDC,uniswap_v3,aerodrome,1905.803222,1908.451616,13.8965,8,5.8965,0.7,1000.0,1.3896,0.0696,0.5,0.02,EXECUTE,False,LIVE
2026-02-25 03:59:56,arbitrum,ETH/USDT,uniswap_v3,curve,1905.952653,1909.154431,16.7988,10,6.7988,1.6,1000.0,1.6799,0.1599,0.5,0.02,EXECUTE,False,LIVE
2026-02-25 03:59:56,base,ETH/USDC,uniswap_v3,aerodrome,1905.783949,1908.580751,14.6753,8,6.6753,1.48,1000.0,1.4675,0.1475,0.5,0.02,EXECUTE,False,LIVE
2026-02-25 04:00:27,arbitrum,ETH/USDT,uniswap_v3,curve,1905.952653,1909.154431,16.7988,10,6.7988,1.6,1000.0,1.6799,0.1599,0.5,0.02,EXECUTE,False,LIVE
2026-02-25 04:00:27,base,ETH/USDC,uniswap_v3,aerodrome,1905.783949,1908.580751,14.6753,8,6.6753,1.48,1000.0,1.4675,0.1475,0.5,0.02,EXECUTE,False,LIVE
2026-02-25 04:00:57,arbitrum,ETH/USDT,uniswap_v3,curve,1906.002068,1909.154431,16.5391,10,6.5391,1.34,1000.0,1.6539,0.1339,0.5,0.02,EXECUTE,False,LIVE
2026-02-25 04:00:57,base,ETH/USDC,uniswap_v3,aerodrome,1905.955827,1908.580751,13.7722,8,5.7722,0.57,1000.0,1.3772,0.0572,0.5,0.02,EXECUTE,False,LIVE
2026-02-25 04:01:27,arbitrum,ETH/USDT,uniswap_v3,curve,1906.002068,1909.154431,16.5391,10,6.5391,1.34,1000.0,1.6539,0.1339,0.5,0.02,EXECUTE,False,LIVE
2026-02-25 04:01:27,base,ETH/USDC,uniswap_v3,aerodrome,1905.955827,1908.580751,13.7722,8,5.7722,0.57,1000.0,1.3772,0.0572,0.5,0.02,EXECUTE,False,LIVE
2026-02-25 04:01:57,arbitrum,ETH/USDT,uniswap_v3,curve,1906.002068,1909.154431,16.5391,10,6.5391,1.34,1000.0,1.6539,0.1339,0.5,0.02,EXECUTE,False,LIVE
2026-02-25 04:01:57,base,ETH/USDC,uniswap_v3,aerodrome,1905.955827,1908.580751,13.7722,8,5.7722,0.57,1000.0,1.3772,0.0572,0.5,0.02,EXECUTE,False,LIVE
2026-02-25 04:02:27,base,ETH/USDC,uniswap_v3,aerodrome,1905.236749,1908.708658,18.223,8,10.223,5.02,1000.0,1.8223,0.5023,0.5,0.02,EXECUTE,False,LIVE
2026-02-25 04:02:27,arbitrum,ETH/USDT,uniswap_v3,curve,1905.367339,1908.558902,16.7504,10,6.7504,1.55,1000.0,1.675,0.155,0.5,0.02,EXECUTE,False,LIVE
2026-02-25 04:02:59,base,ETH/USDC,uniswap_v3,aerodrome,1905.236749,1908.708658,18.223,8,10.223,5.02,1000.0,1.8223,0.5023,0.5,0.02,EXECUTE,False,LIVE
2026-02-25 04:02:59,arbitrum,ETH/USDT,uniswap_v3,curve,1905.367339,1908.558902,16.7504,10,6.7504,1.55,1000.0,1.675,0.155,0.5,0.02,EXECUTE,False,LIVE
2026-02-25 04:03:30,arbitrum,ETH/USDT,uniswap_v3,curve,1897.28945,1908.177469,57.3872,10,47.3872,42.19,1000.0,5.7387,4.2187,0.5,0.02,EXECUTE,False,LIVE
2026-02-25 04:03:30,base,ETH/USDC,uniswap_v3,aerodrome,1897.358937,1900.658624,17.3909,8,9.3909,4.19,1000.0,1.7391,0.4191,0.5,0.02,EXECUTE,False,LIVE
2026-02-25 04:04:03,arbitrum,ETH/USDT,uniswap_v3,curve,1897.28945,1908.177469,57.3872,10,47.3872,42.19,1000.0,5.7387,4.2187,0.5,0.02,EXECUTE,False,LIVE
2026-02-25 04:04:03,base,ETH/USDC,uniswap_v3,aerodrome,1897.358937,1900.658624,17.3909,8,9.3909,4.19,1000.0,1.7391,0.4191,0.5,0.02,EXECUTE,False,LIVE
2026-02-25 04:04:35,arbitrum,ETH/USDT,uniswap_v3,curve,1897.28945,1908.177469,57.3872,10,47.3872,42.19,1000.0,5.7387,4.2187,0.5,0.02,EXECUTE,False,LIVE
2026-02-25 04:04:35,base,ETH/USDC,uniswap_v3,aerodrome,1897.358937,1900.658624,17.3909,8,9.3909,4.19,1000.0,1.7391,0.4191,0.5,0.02,EXECUTE,False,LIVE
2026-02-25 04:05:08,arbitrum,ETH/USDT,uniswap_v3,curve,1899.408089,1907.981408,45.1368,10,35.1368,29.94,1000.0,4.5137,2.9937,0.5,0.02,EXECUTE,False,LIVE
2026-02-25 04:05:38,arbitrum,ETH/USDT,uniswap_v3,curve,1899.408089,1907.981408,45.1368,10,35.1368,29.94,1000.0,4.5137,2.9937,0.5,0.02,EXECUTE,False,LIVE
2026-02-25 04:06:08,arbitrum,ETH/USDT,uniswap_v3,curve,1900.80924,1906.2013,28.3672,10,18.3672,13.17,1000.0,2.8367,1.3167,0.5,0.02,EXECUTE,False,LIVE
2026-02-25 04:06:38,arbitrum,ETH/USDT,uniswap_v3,curve,1900.80924,1906.2013,28.3672,10,18.3672,13.17,1000.0,2.8367,1.3167,0.5,0.02,EXECUTE,False,LIVE
2026-02-25 04:07:08,arbitrum,ETH/USDT,uniswap_v3,curve,1900.80924,1906.2013,28.3672,10,18.3672,13.17,1000.0,2.8367,1.3167,0.5,0.02,EXECUTE,False,LIVE
2026-02-25 04:07:38,arbitrum,ETH/USDT,uniswap_v3,curve,1901.304776,1905.667494,22.9459,10,12.9459,7.75,1000.0,2.2946,0.7746,0.5,0.02,EXECUTE,False,LIVE
2026-02-25 04:08:08,arbitrum,ETH/USDT,uniswap_v3,curve,1901.304776,1905.667494,22.9459,10,12.9459,7.75,1000.0,2.2946,0.7746,0.5,0.02,EXECUTE,False,LIVE
2026-02-25 04:08:38,arbitrum,ETH/USDT,uniswap_v3,curve,1901.119891,1905.667494,23.9207,10,13.9207,8.72,1000.0,2.3921,0.8721,0.5,0.02,EXECUTE,False,LIVE
2026-02-25 04:09:08,arbitrum,ETH/USDT,uniswap_v3,curve,1901.119891,1905.667494,23.9207,10,13.9207,8.72,1000.0,2.3921,0.8721,0.5,0.02,EXECUTE,False,LIVE
2026-02-25 04:09:38,arbitrum,ETH/USDT,uniswap_v3,curve,1901.119891,1905.667494,23.9207,10,13.9207,8.72,1000.0,2.3921,0.8721,0.5,0.02,EXECUTE,False,LIVE
2026-02-25 04:10:08,arbitrum,ETH/USDT,uniswap_v3,curve,1901.119891,1905.115077,21.0149,10,11.0149,5.81,1000.0,2.1015,0.5815,0.5,0.02,EXECUTE,False,LIVE
2026-02-25 04:10:44,arbitrum,ETH/USDT,uniswap_v3,curve,1901.119891,1905.115077,21.0149,10,11.0149,5.81,1000.0,2.1015,0.5815,0.5,0.02,EXECUTE,False,LIVE
2026-02-25 04:11:18,arbitrum,ETH/USDT,uniswap_v3,curve,1901.120539,1905.115077,21.0115,10,11.0115,5.81,1000.0,2.1012,0.5812,0.5,0.02,EXECUTE,False,LIVE
2026-02-25 04:11:55,arbitrum,ETH/USDT,uniswap_v3,curve,1901.120539,1905.115077,21.0115,10,11.0115,5.81,1000.0,2.1012,0.5812,0.5,0.02,EXECUTE,False,LIVE
2026-02-25 04:12:25,arbitrum,ETH/USDT,uniswap_v3,curve,1901.120539,1905.115077,21.0115,10,11.0115,5.81,1000.0,2.1012,0.5812,0.5,0.02,EXECUTE,False,LIVE
